"Authors","Author full names","Author(s) ID","Title","Year","Source title","Volume","Issue","Art. No.","Page start","Page end","Cited by","DOI","Link","Affiliations","Authors with affiliations","Abstract","Author Keywords","Index Keywords","Correspondence Address","Editors","Publisher","ISSN","ISBN","CODEN","PubMed ID","Language of Original Document","Abbreviated Source Title","Document Type","Publication Stage","Open Access","Source","EID"
"Xu A.; Su Y.; Wang Y.","Xu, Ailing (59241777800); Su, Yuanyuan (59328186200); Wang, Yingxin (59328439000)","59241777800; 59328186200; 59328439000","A Study of the Impact Mechanism of Corporate ESG Performance on Surplus Persistence","2024","Sustainability (Switzerland)","16","17","7324","","","1","10.3390/su16177324","https://www.scopus.com/inward/record.uri?eid=2-s2.0-85203985230&doi=10.3390%2Fsu16177324&partnerID=40&md5=26eeec0a1dc85cea6181e399841ac22e","Business School, Huaqiao University, Fengze Dist, Quanzhou, 362021, China","Xu A., Business School, Huaqiao University, Fengze Dist, Quanzhou, 362021, China; Su Y., Business School, Huaqiao University, Fengze Dist, Quanzhou, 362021, China; Wang Y., Business School, Huaqiao University, Fengze Dist, Quanzhou, 362021, China","Although more scholars have studied the economic consequences of ESG, no conclusive results have been reached yet. In addition, there is a lack of research on the relationship between corporate ESG performance and surplus persistence. This paper adopts the ordinary least squares (OLS) method to analyze the impact of corporate ESG performance on corporate surplus persistence based on stakeholder theory and principal-agent theory using companies listed in Shanghai and Shenzhen A-shares from 2010 to 2022 as research objects. It was found that there is a significant positive correlation between ESG performance and both the social (S) and governance (G) dimensions, as well as surplus sustainability; conversely, the environmental (E) dimension is significantly negatively correlated with surplus sustainability in the short term, but further analysis reveals that it can enhance corporate surplus sustainability in the long run. Institutional investor shareholding and debt financing costs mediate the relationship between corporate ESG performance and both the S and G dimensions, influencing surplus persistence. Further analysis shows that the positive correlation between a firm’s ESG performance and its governance (G) dimension related to surplus persistence is more significant in the eastern region. © 2024 by the authors.","cost of debt financing; ESG performance; institutional investors; surplus sustainability","China; Guangdong; Shanghai; Shenzhen; corporate social responsibility; environmental impact assessment; financial provision; governance approach; industrial investment; least squares method; persistence; stakeholder; sustainability","Y. Su; Business School, Huaqiao University, Quanzhou, Fengze Dist, 362021, China; email: 23013120017@stu.hqu.edu.cn","","Multidisciplinary Digital Publishing Institute (MDPI)","20711050","","","","English","Sustainability","Article","Final","All Open Access; Gold Open Access; Green Open Access","Scopus","2-s2.0-85203985230"
"Dossa J.V.; Gopang A.A.; Thomas D.; Ukwuoma C.C.; Ngata C.E.; Dossa A.W.","Dossa, Joel Victor (59328818700); Gopang, Aamir Ali (57677985600); Thomas, Dara (59328949600); Ukwuoma, Chiagoziem C. (57206891969); Ngata, Charles Elias (60417204200); Dossa, Alphonce William (60417023100)","59328818700; 57677985600; 59328949600; 57206891969; 60417204200; 60417023100","Navigating the ESG Maze: The Impact of Rating Divergence on Firm Performance in Emerging Markets","2026","Thunderbird International Business Review","","","","","","0","10.1002/tie.70101","https://www.scopus.com/inward/record.uri?eid=2-s2.0-105031092947&doi=10.1002%2Ftie.70101&partnerID=40&md5=1fd70c10d355ba7c2fd962f1919a10c1","Business School, Sichuan University, Chengdu, China; Sichuan Engineering Technology Research Centre for Industrial Internet Intelligent Monitoring and Application, Chengdu University of Technology, Sichuan, Chengdu, China; OBU, Sino-British Collaborative Education, Chengdu University of Technology, Sichuan, Chengdu, China; College of Business Education, Dodoma Campus, Dodoma, Tanzania; Faculty of Business Administration, Catholic University of Mbeya, Mbeya, Tanzania","Dossa J.V., Business School, Sichuan University, Chengdu, China; Gopang A.A., Business School, Sichuan University, Chengdu, China; Thomas D., Business School, Sichuan University, Chengdu, China; Ukwuoma C.C., Sichuan Engineering Technology Research Centre for Industrial Internet Intelligent Monitoring and Application, Chengdu University of Technology, Sichuan, Chengdu, China, OBU, Sino-British Collaborative Education, Chengdu University of Technology, Sichuan, Chengdu, China; Ngata C.E., College of Business Education, Dodoma Campus, Dodoma, Tanzania; Dossa A.W., Faculty of Business Administration, Catholic University of Mbeya, Mbeya, Tanzania","This study investigates the impact of environmental, social, and governance (ESG) rating divergence on firm performance, focusing on A-share listed firms in China from 2009 to 2022. Using panel data analysis, we provide empirical evidence that ESG rating divergence is negatively associated with firm financial performance. The effect is more pronounced among high-carbon firms, those disclosing ESG reports, firms audited by non-Big 4 auditors, and those with higher costs of debt. Crucially, we assess the moderating role of the 2021 CSRC ESG disclosure guidelines and find that regulation does not alleviate this penalty; instead, the negative effect of ESG divergence becomes more pronounced in the post-regulation period. This indicates that disclosure mandates alone, without harmonized evaluation standards, can inadvertently amplify market penalties. The results further show that these negative effects intensified following external shocks such as the 2015 stock market crash and the COVID-19 pandemic. The study contributes to the ESG literature by highlighting the economic risks of rating divergence and offering a critical policy insight: effective ESG governance requires moving beyond transparency to actively standardize rating methodologies to reduce informational frictions and improve sustainable capital allocation. © 2026 Wiley Periodicals LLC.","audit quality; cost of debt; ESG rating divergence; firm performance; stakeholder theory","","J.V. Dossa; Business School, Sichuan University, Chengdu, China; email: 2022521081028@stu.scu.edu.cn","","John Wiley and Sons Inc","10964762","","","","English","Thunderbird Int. Bus. Rev.","Article","Article in press","","Scopus","2-s2.0-105031092947"
"Aleknevičienė V.; Stralkutė S.","Aleknevičienė, Vilija (56024346700); Stralkutė, Sandra (58515351000)","56024346700; 58515351000","Impact of corporate social responsibility on cost of debt in Scandinavian public companies","2023","Oeconomia Copernicana","14","2","","585","608","16","10.24136/oc.2023.016","https://www.scopus.com/inward/record.uri?eid=2-s2.0-85166341155&doi=10.24136%2Foc.2023.016&partnerID=40&md5=aaf5cce0ae1eba34f56553746e39e5af","Vytautas Magnus University, Lithuania","Aleknevičienė V., Vytautas Magnus University, Lithuania; Stralkutė S., Vytautas Magnus University, Lithuania","Research background: In recent decades, companies have paid increasing attention to corporate social responsibility (CSR) and its related performance. Scandinavian countries lead the world in CSR and sustainability. The good CSR performance of Scandinavian companies has motivated studies on this phenomenon, particularly on the connection between a company’s CSR and its performance. One of the most important performance indicators and value driv-ers is the cost of debt. Purpose of the article: This study assessed the impact of CSR on the cost of debt in Scandinavian public companies. Methods: The research was divided into two stages. In the first stage, Scandinavian public companies were divided into two groups (with and without ESG (environmental, social, governance) disclosure scores) to reveal differences in the cost of debt. In the second stage, a fixed-effects regression model for balanced panel data sets was applied from 2011 to 2020 to assess the impact of ESG and its pillars on the cost of debt. Findings & value added: The results revealed that the cost of debt of companies in Scandinavian countries with ESG disclosure scores was significantly lower. The ESG disclosure scores of these companies have increased significantly over the past 10 years. We found a positive impact of CSR on the cost of debt in Scandinavian public companies. The increase in ESG disclosure and pillar scores reduced the cost of debt. These findings are valuable from a scientific perspective. Scandinavian public companies with ESG scores have higher financial risk, but lower cost of debt. These results support the importance of investors’ behavior, information asymmetry, and signaling. The findings have several implications for shareholders, managers and creditors. They suggest that creditors consider ESG disclosures when determining a borrower’s creditworthiness. Additionally, it is a message to regulators that the debt market values ESG disclosures. © Instytut Badań Gospodarczych / Institute of Economic Research (Poland).","corporate social responsibility; cost of debt; ESG disclosure pillars; ESG disclosure score","","V. Aleknevičienė; Vytautas Magnus University, Lithuania; email: vilija.alekneviciene@vdu.lt","","Institute of Economic Research","20831277","","","","English","Oecon.  Copernic","Article","Final","All Open Access; Gold Open Access; Green Open Access","Scopus","2-s2.0-85166341155"
"Sukmadilaga C.; Ervina M.; Santoso P.; Ghani E.K.","Sukmadilaga, Citra (57190947841); Ervina, Maria (58350745000); Santoso, Permatasari (58346308600); Ghani, Erlane K. (35098434100)","57190947841; 58350745000; 58346308600; 35098434100","Ownership concentration, sustainability practices, and cost of debt: Evidence from ASEAN countries","2023","Asian Economic and Financial Review","13","6","","416","430","0","10.55493/5002.v13i6.4796","https://www.scopus.com/inward/record.uri?eid=2-s2.0-85162915534&doi=10.55493%2F5002.v13i6.4796&partnerID=40&md5=f33ea5d64b6a45ece8fb39ae7f64dcaa","Faculty of Economics and Business, Universitas Padjadjaran, Bandung, Indonesia; Faculty of Accountancy, Universiti Teknologi MARA Cawangan Selangor, Malaysia","Sukmadilaga C., Faculty of Economics and Business, Universitas Padjadjaran, Bandung, Indonesia; Ervina M.; Santoso P., Faculty of Economics and Business, Universitas Padjadjaran, Bandung, Indonesia; Ghani E.K., Faculty of Accountancy, Universiti Teknologi MARA Cawangan Selangor, Malaysia","This study examines the effect of ownership concentration on sustainability practices and the cost of debt. Subsequently, this study examines whether the performance of sustainability practices influences the cost of debt of public listed companies in three ASEAN countries. This study performed a content analysis on the annual reports of 93 public listed companies in Singapore, Malaysia, and Indonesia. The data analysis showed that ownership concentration has a significant negative effect on the cost of debt but no significant effect on sustainability practices. It also showed that there is a significant negative effect of sustainability practices on the cost of debt. Such findings could be attributed to the differences in business relationships between investors and companies and the non-linear relationship between ownership concentration and sustainability practices. This study provides evidence that both ownership concentration and sustainability practices negatively affect the cost of debt of the public listed companies. From the findings, it is recommended that public listed companies should refocus and strategize ways to mitigate the negative effect of ownership concentration and sustainability practices on the cost of debt, particularly in developing countries. © 2023 AESS Publications. All Rights Reserved.","ASEAN; Cost of debt; Ownership concentration; Public listed companies; Sustainability practices","","C. Sukmadilaga; Faculty of Economics and Business, Universitas Padjadjaran, Bandung, Indonesia; email: citra.sukmadilaga@unpad.edu.id","","Asian Economic and Social Society","23052147","","","","English","Asian Eco.  Financ. Rev.","Article","Final","All Open Access; Gold Open Access","Scopus","2-s2.0-85162915534"
"Manelli A.; Pace R.; Montecchiani J.; Viserta L.","Manelli, Alberto (55974275600); Pace, Roberta (55978851900); Montecchiani, Jacopo (57222405732); Viserta, Lorenzo (57222405827)","55974275600; 55978851900; 57222405732; 57222405827","The alternative investment market Italia listing process: A sustainable alternative investment market for small medium enterprises (SMEs)?","2020","Rivista di Studi sulla Sostenibilita","","2","","83","101","2","10.3280/RISS2020-002006","https://www.scopus.com/inward/record.uri?eid=2-s2.0-85102655369&doi=10.3280%2FRISS2020-002006&partnerID=40&md5=f650b1b9875a510cada0d175f6e99d4e","Department of Management, Faculty of Economics, Università Politecnica delle Marche, Piazzale R. Martelli, 8, Ancona, 60121, Italy; Department of Industrial Engineering, Information and Economics, Università degli studi dell’Aquila, Via Giuseppe Mezzanotte, L’Aquila, 67100, Italy; Department of Management, Università Politecnica delle Marche, Italy","Manelli A., Department of Management, Faculty of Economics, Università Politecnica delle Marche, Piazzale R. Martelli, 8, Ancona, 60121, Italy; Pace R., Department of Industrial Engineering, Information and Economics, Università degli studi dell’Aquila, Via Giuseppe Mezzanotte, L’Aquila, 67100, Italy; Montecchiani J., Department of Management, Università Politecnica delle Marche, Italy; Viserta L., Department of Management, Università Politecnica delle Marche, Italy","The present work aims to investigate the world of Small Medium Enterprises (SMEs), exploring in depth the implications related to the sustainability of the listing process in the Alternative Investment Market (AIM) Italia market in order to assess, adopting a critical approach, whether the path of listing could be the ideal choice to support a significant growth of these realities. An empirical survey is therefore presented in order to evaluate the sustainability of the listing process from both an economic-financial and Environmental, Social and Governance (ESG) point of view. The conclusions reached highlight how the listing process hides pitfalls in terms of economic and financial performance; while the commitment to ESG factors seems rewarding both in terms of share price trends and debt cost. Copyright © FrancoAngeli.","AIM; ESG; Listing; Performance; SMEs; Sustainability","","","","FrancoAngeli","22391959","","","","English","Riv. Studi Sulla Sostenibilita","Article","Final","","Scopus","2-s2.0-85102655369"
"Siwela W.; Ngwakwe C.C.","Siwela, Witness (59147720900); Ngwakwe, Collins C. (36698325300)","59147720900; 36698325300","Effect of Corporate Environmental Performance on Banks’ Loan Pricing","2024","International Journal of Economics and Financial Issues","14","3","","178","191","2","10.32479/ijefi.15865","https://www.scopus.com/inward/record.uri?eid=2-s2.0-85194424645&doi=10.32479%2Fijefi.15865&partnerID=40&md5=bd1fb4103b0428515c137cc7c9b43938","Department of Management Accounting, University of South Africa, South Africa; Graduate School of Leadership, University of Limpopo, South Africa","Siwela W., Department of Management Accounting, University of South Africa, South Africa; Ngwakwe C.C., Graduate School of Leadership, University of Limpopo, South Africa","Capital lenders of money such as banks are perceived to be environmentally sensitive in contemporary times. This sensitivity is evidenced by the advent of new concepts such as green financing in the context of environmental catastrophes which are exacerbated by the climate change crisis. Thus, financial institutions such as banks face a dilemma in deciding whether to prioritise sustainability financing or seek after profit maximisation. To this end, little is known if corporate environmental performance lures support of key stakeholders such as banks. The study renders empirical evidence on this phenomenon by investigating short run and long run dynamics between corporate environmental performance and banks’ loan pricing. Archival data were collected from the FTSE/JSE RII listed companies. A sample of 21 companies generated a short panel data set of 6 years per cross-section totalling 126 observations. The study adopted first differenced econometric models in statistical panel data analyses namely Panel Vector Error Correction Model (VECM), and subsequently Panel Least Squares (PLS), Wald Test, and Impulse Response Functions (IRF). Findings revealed a statistically significant positive impact, both in the short run and long run, between environmental performance predictors and banks’ loan pricing. While the study makes immense contribution to literature, it renders new assertions in understanding stakeholders’ current environmental practices and initiate a new agenda for future research. © 2024, Econjournals. All rights reserved.","Capital Lenders; Cost of Debt; Environmental Performance; Stakeholder; Sustainability","","W. Siwela; Department of Management Accounting, University of South Africa, South Africa; email: 53265874@mylife.unisa.ac.za","","Econjournals","21464138","","","","English","Int. J. Econ. Financ. Issues","Article","Final","All Open Access; Gold Open Access; Green Open Access","Scopus","2-s2.0-85194424645"
"Lassala C.; Apetrei A.; Sapena J.","Lassala, Carlos (55509006200); Apetrei, Andreea (55319205200); Sapena, Juan (55760464600)","55509006200; 55319205200; 55760464600","Sustainability matter and financial performance of companies","2017","Sustainability (Switzerland)","9","9","1498","","","103","10.3390/su9091498","https://www.scopus.com/inward/record.uri?eid=2-s2.0-85028310882&doi=10.3390%2Fsu9091498&partnerID=40&md5=8a81b38747e99a17fa514cb0a2e4d8b9","Department of Corporate Finance, Faculty of Economics, University of Valencia, Avda de los Naranjos, s/n, Valencia, E-46022, Spain; Faculty of Economics and Business Administration, Catholic University of Valencia, Marquis of Campo Building, 34 Corona St, Valencia, E-46003, Spain","Lassala C., Department of Corporate Finance, Faculty of Economics, University of Valencia, Avda de los Naranjos, s/n, Valencia, E-46022, Spain; Apetrei A., Faculty of Economics and Business Administration, Catholic University of Valencia, Marquis of Campo Building, 34 Corona St, Valencia, E-46003, Spain; Sapena J., Faculty of Economics and Business Administration, Catholic University of Valencia, Marquis of Campo Building, 34 Corona St, Valencia, E-46003, Spain","The relationship between social and environmental performance and financial performance in companies has been a subject widely debated in the literature but the results obtained to date are not conclusive. This research employs the fuzzy-set qualitative comparative analysis (fsQCA) and offers new evidence on the relationship between both types of performance in a sample of companies listed in the Spanish capital market. Financial performance is measured by the return on equity (ROE) ratio, variable that is widely used in Finance and Accounting related research. The corporate performance of the company is measured by its inclusion or not in the sustainability index used as reference for the Spanish capital market, the FTSEGood4 IBEX. The model also incorporates other business variables that might affect the relationships between both types of performance, such as return on assets (ROA) ratio, company size, debt ratio, and industry. The results suggest that, for specific industries, return on assets is a necessary condition for companies with leverage to reduce the cost of debt due to their sustainability profile and consequently boost their ROE. © 2017 by the authors.","Financial performance; fsQCA; FTSE4Good IBEX; Social and environmental performance; Sustainability","Spain; business development; comparative study; corporate strategy; debt; environmental monitoring; equity; financial provision; index method; performance assessment; research work; social impact; sustainability","J. Sapena; Faculty of Economics and Business Administration, Catholic University of Valencia, Valencia, Marquis of Campo Building, 34 Corona St, E-46003, Spain; email: juan.sapena@ucv.es","","MDPI","20711050","","","","English","Sustainability","Article","Final","All Open Access; Gold Open Access; Green Open Access","Scopus","2-s2.0-85028310882"
"Bhuiyan M.B.U.; Nguyen T.H.N.","Bhuiyan, Md. Borhan Uddin (36995734400); Nguyen, Thi Hong Nhung (57208649857)","36995734400; 57208649857","Impact of CSR on cost of debt and cost of capital: Australian evidence","2020","Social Responsibility Journal","16","3","","419","430","94","10.1108/SRJ-08-2018-0208","https://www.scopus.com/inward/record.uri?eid=2-s2.0-85065401824&doi=10.1108%2FSRJ-08-2018-0208&partnerID=40&md5=eb6ea11bf0a2ab7058fae8950e6199b4","School of Accountancy, Massey University, Auckland, New Zealand","Bhuiyan M.B.U., School of Accountancy, Massey University, Auckland, New Zealand; Nguyen T.H.N., School of Accountancy, Massey University, Auckland, New Zealand","Purpose: This paper aims to investigate the association between the corporate social responsibility (CSR) and the cost of equity (COE) and cost of debt (COD). Design/methodology/approach: The authors use the multivariate regression analysis approach to address the developed hypotheses. Findings: Using a sample of 230 Australian listed firms from 2004 to 2016, the authors document that firms complying with higher CSR affect both COE and COD negatively, which means that CSR disclosure reduces financing cost. Practical implication: These results support the risk mitigation perspective of CSR compliance, showing that both the investors and creditors may lower their expected returns because they find that CSR can mitigate potential business risk. Originality/value: The authors extend the CSR research with both COE and COD. © 2019, Emerald Publishing Limited.","Cost of debt; Cost of equity; CSR; Risk","","M.B.U. Bhuiyan; School of Accountancy, Massey University, Auckland, New Zealand; email: M.B.U.Bhuiyan@massey.ac.nz","","Emerald Group Holdings Ltd.","17471117","","","","English","Soc. Responsib. J.","Article","Final","","Scopus","2-s2.0-85065401824"
"Hou Q.; Zhang Q.","Hou, Qiaoyu (58870998000); Zhang, Qiang (57831106400)","58870998000; 57831106400","The Effect and Mechanism of ESG Performance on Corporate Debt Financing Costs: Empirical Evidence from Listed Companies in the Heavy-Polluting Industries","2024","Polish Journal of Environmental Studies","33","2","","1753","1766","7","10.15244/pjoes/173999","https://www.scopus.com/inward/record.uri?eid=2-s2.0-85184417155&doi=10.15244%2Fpjoes%2F173999&partnerID=40&md5=d8b98eb55a54177f670ff963312627c6","International College, Krirk University, No. 3 Soi Ramintra 1, Ramintra Road, Anusaowaree, Bangkhen, Bangkok, 10220, Thailand","Hou Q., International College, Krirk University, No. 3 Soi Ramintra 1, Ramintra Road, Anusaowaree, Bangkhen, Bangkok, 10220, Thailand; Zhang Q., International College, Krirk University, No. 3 Soi Ramintra 1, Ramintra Road, Anusaowaree, Bangkhen, Bangkok, 10220, Thailand","This study investigates the potential benefits of positive environmental, social, and governance (ESG) performance for enterprises operating in heavily polluting industries. Regression analyses using Stata were conducted on a sample of A-share listed enterprises in these industries from 2010 to 2020. The findings reveal that higher ESG performance leads to lower debt financing costs. Furthermore, the analysis of mechanisms indicates that the green innovation behavior of enterprises enhances the impact of ESG performance on debt financing costs. Heterogeneity analysis demonstrates that the ESG performance of heavily polluting enterprises in central China has a more significant influence on debt financing costs. For non-state-owned heavily polluting enterprises, the relationship between standard audit opinions is substantial, as audit opinions contain sufficient information and risk disclosure. This study contributes to our understanding of the economic implications of ESG performance and provides valuable evidence supporting enterprises in their efforts to improve ESG performance. © 2024, HARD Publishing Company. All rights reserved.","cost of debt financing; environmental regulation; ESG performance; green innovation; Stakeholders","","Q. Zhang; International College, Krirk University, Bangkok, No. 3 Soi Ramintra 1, Ramintra Road, Anusaowaree, Bangkhen, 10220, Thailand; email: qiaoyu1024@qq.com","","HARD Publishing Company","12301485","","","","English","Pol. J. Environ. Stud.","Article","Final","All Open Access; Gold Open Access","Scopus","2-s2.0-85184417155"
"Tong Z.; Bajuri N.H.","Tong, Zhongbin (60345948400); Bajuri, Norkhairul Hafiz (56059817900)","60345948400; 56059817900","DO SUSTAINABILITY-DRIVEN IMPROVEMENTS IN ESG PERFORMANCE REDUCE FINANCING COSTS? EVIDENCE FROM CHINESE A-SHARE LISTED COMPANIES","2026","Corporate Governance and Sustainability Review","10","1","","87","98","0","10.22495/cgsrv10i1p8","https://www.scopus.com/inward/record.uri?eid=2-s2.0-105028300355&doi=10.22495%2Fcgsrv10i1p8&partnerID=40&md5=f1763bc1a952b25cd9bc02469ac34ad3","University of Technology Malaysia, Johor, Malaysia","Tong Z., University of Technology Malaysia, Johor, Malaysia; Bajuri N.H., University of Technology Malaysia, Johor, Malaysia","The consideration of environmental, social, and governance (ESG) has become an integral part of the financing of companies. The ESG scores indicate sustainability, which is integral for maintaining the goodwill of the company and also showing long-term resilience in the financial markets. Hence, this ESG score allows for the alteration of the cost of financing for firms. This particular research analyses whether the improvements in ESG factors lead to a reduction in the financing cost of Chinese A-listed firms. The timeline of the study is between 2009 and 2023, and it is conducted across 4704 firms. A firm fixed effects model (FEM) with standard errors clustered by firm is considered for the analysis. The results show that ESG impacts total financing cost (TFC) negatively by-0.21 percent. Moreover, the cost of debt (COD) is also negatively impacted by-0.06 percent, and the cost of equity (COE) is impacted by-0.04 percent. Impact on TFC and COD is statistically significant. However, the same on COE is not significant. The debt-market result is consistent with signalling and information-asymmetry channels. This is because ESG reduces perceived default risk and improves creditor terms (Huang, 2022). Based on these findings, policy recommendations on ESG disclosure have been suggested to the Chinese government. © 2026 The Authors.","Chinese A-Listed Firms; ESG; FEM; Financing Cost; Panel Data Analysis; REM","","","","Virtus Interpress","25198971","","","","English","Corp. Gov. Sustain. Rev.","Article","Final","All Open Access; Hybrid Gold Open Access","Scopus","2-s2.0-105028300355"
"Lavin J.F.; Montecinos-Pearce A.A.","Lavin, Jaime F. (57191333265); Montecinos-Pearce, Alejandro A. (57200694537)","57191333265; 57200694537","Heterogeneous Firms and Benefits of ESG Disclosure: Cost of Debt Financing in an Emerging Market","2022","Sustainability (Switzerland)","14","23","15760","","","33","10.3390/su142315760","https://www.scopus.com/inward/record.uri?eid=2-s2.0-85143828529&doi=10.3390%2Fsu142315760&partnerID=40&md5=1ad3ccbb418d0a508ef6a250ad168ac5","Escuela de Negocios, Universidad Adolfo Ibáñez, Av. Diagonal Las Torres 2700, Santiago, 7941169, Chile; Universidad Adolfo Ibáñez, Av. Padre Hurtado 750, Viña del Mar, 7561046, Chile","Lavin J.F., Escuela de Negocios, Universidad Adolfo Ibáñez, Av. Diagonal Las Torres 2700, Santiago, 7941169, Chile; Montecinos-Pearce A.A., Universidad Adolfo Ibáñez, Av. Padre Hurtado 750, Viña del Mar, 7561046, Chile","Current challenging environments pressure firms to improve their overall ESG performance. However, there is tension between the benefits of ESG disclosure and firm performance. We deepen the understanding of ESG disclosure’s contribution to firms’ cost of debt in an emerging economy context. This issue is critical in Latin America–a region with reduced financing, ample company heterogeneity, and scarce evidence associating ESG disclosure and firms’ debt financing. Using fixed effects models, for the 2015–2020 period, we study Chilean listed firms. We explore two association channels between ESG disclosure and the cost of debt financing. Through a direct channel, greater disclosure relates to a lower cost; however, through an indirect channel, disclosure interacts with growth opportunities–a proxy for firms’ prospective risk–and greater disclosure relates to a higher cost. Hence, evidence suggests that ESG disclosure affects the cost of financing in two opposite directions. Our results delve into how ESG disclosure encloses essential economic implications, particularly in countries that have recently adopted ESG practices: For regulators, on developing rules of ESG disclosure that consider their financial effects; for firms, on enhancing their ESG communications policies; and finally, for creditors, on the need to introduce ESG indicators in their financing decision-making. © 2022 by the authors.","debt financing; emerging markets; ESG disclosure; firm performance; Latin America","Latin America; debt; economic analysis; financial provision; firm size","J.F. Lavin; Escuela de Negocios, Universidad Adolfo Ibáñez, Santiago, Av. Diagonal Las Torres 2700, 7941169, Chile; email: jaime.lavin@uai.cl","","MDPI","20711050","","","","English","Sustainability","Article","Final","All Open Access; Gold Open Access; Green Open Access","Scopus","2-s2.0-85143828529"
"Hu M.; Hu Z.; Wu Q.","Hu, Mingyu (59300419400); Hu, Zilin (59511565900); Wu, Qingyang (59315652700)","59300419400; 59511565900; 59315652700","Green Policies, Greener Wallets: How Cap-and-Trade Regulation Affects Cost of Capital","2025","Business Strategy and the Environment","34","3","","2882","2896","3","10.1002/bse.4101","https://www.scopus.com/inward/record.uri?eid=2-s2.0-86000430410&doi=10.1002%2Fbse.4101&partnerID=40&md5=9085e622183013b57156180d861f9f8f","School of Economics and Management, Tsinghua University, Beijing, China; PBC School of Finance, Tsinghua University, Beijing, China; Institute of Economics, Tsinghua University, Beijing, China","Hu M., School of Economics and Management, Tsinghua University, Beijing, China; Hu Z., PBC School of Finance, Tsinghua University, Beijing, China; Wu Q., Institute of Economics, Tsinghua University, Beijing, China","As one of the most efficient regulations on climate abatement, the cap-and-trade mechanism has been broadly adopted to mitigate greenhouse gas emissions. Although there are common concerns about the nexus between environmental regulations and financial markets, this paper investigates how cap-and-trade policy affects companies' cost of equity (COE) and cost of debt (COD) and explores the underlying mechanisms. By merging nationwide data from China's listed companies and exploiting the staggered introduction of cap-and-trade pilots as a quasi-natural experiment, we apply a propensity score matching and difference-in-differences framework. We find robust evidence that cap-and-trade policy significantly decreases companies' COE by 0.341% and COD by 0.492%, respectively. The reduction in capital costs makes cap-and-trade an attractive policy that can ease financing burdens, promote sustainable investment, and facilitate green transformation toward carbon neutrality. Mechanism analyses suggest that cap-and-trade regulation affects cost of capital through environmental information disclosure and current ratio. This study enriches the literature on comprehensive outcomes of cap-and-trade regulation in emerging economies and offers implications for regulators, managers, and stakeholders navigating the transition toward a net-zero future. © 2025 ERP Environment and John Wiley & Sons Ltd.","cap-and-trade; climate change; cost of debt; cost of equity; current ratio; environmental information disclosure","climate change; environmental policy; equity; financial market; investment; sustainable development; trade policy","Q. Wu; Institute of Economics, Tsinghua University, Beijing, China; email: qingyang_w@sina.com","","John Wiley and Sons Ltd","09644733","","","","English","Bus. Strategy Environ.","Article","Final","All Open Access; Bronze Open Access","Scopus","2-s2.0-86000430410"
"Jafar R.; Basuki; Windijarto; Setiawan R.; Prabaswara A.","Jafar, Rosmiati (58888726500); Basuki (57217185371); Windijarto (57211584724); Setiawan, Rahmat (57220839377); Prabaswara, Arka (58698312200)","58888726500; 57217185371; 57211584724; 57220839377; 58698312200","Does Environmental, Social, and Governance (ESG) Disclosure Matter for Creditor? Empirical Evidence from Indonesia","2024","International Journal of Sustainable Development and Planning","19","11","","4377","4387","1","10.18280/ijsdp.191125","https://www.scopus.com/inward/record.uri?eid=2-s2.0-85211012522&doi=10.18280%2Fijsdp.191125&partnerID=40&md5=388c2202a5594a487024289d6356009b","Department of Management, Faculty of Economics and Business, Universitas Airlangga, Surabaya, 60115, Indonesia; Department of Accounting, Faculty of Economics and Business, Universitas Airlangga, Surabaya, 60115, Indonesia","Jafar R., Department of Management, Faculty of Economics and Business, Universitas Airlangga, Surabaya, 60115, Indonesia; Basuki, Department of Accounting, Faculty of Economics and Business, Universitas Airlangga, Surabaya, 60115, Indonesia; Windijarto, Department of Management, Faculty of Economics and Business, Universitas Airlangga, Surabaya, 60115, Indonesia; Setiawan R., Department of Management, Faculty of Economics and Business, Universitas Airlangga, Surabaya, 60115, Indonesia; Prabaswara A., Department of Management, Faculty of Economics and Business, Universitas Airlangga, Surabaya, 60115, Indonesia","This research aims to examine the impact of environmental, social, and governance (ESG) disclosure on cost of debt in non-financial companies listed on the Indonesia Stock Exchange across ten different industries. This study utilizes a sample comprising 288 non-financial companies from ten different industries listed on the Indonesia Stock Exchange for the period from 2017 to 2022, all of which have published sustainability reports (SR), resulting in 742 observations. Regression analysis using Ordinary Least Squares (OLS) is employed to examine the impact of companies' ESG disclosures on costs of debt. The robustness of these findings is assessed and confirmed through four distinct analytical models, namely OLS Standard Error, SSC Model, Fixed Effect Model, and Random Effect Model. The research outcomes indicate that increased environmental, social, and governance (ESG) disclosure is associated with a reduction in the cost of debt. These findings exhibit robustness across diverse industries and remain consistent when employing various statistical methodologies. Copyright: ©2024 The authors. This article is published by IIETA and is licensed under the CC BY 4.0 license.","and governance; cost of debt; developing country; environmental; ESG disclosure; social; sustainability","Indonesia; empirical analysis; industrial policy; least squares method; regression analysis; stock market; sustainability","R. Setiawan; Department of Management, Faculty of Economics and Business, Universitas Airlangga, Surabaya, 60115, Indonesia; email: rahmatsetiawan@feb.unair.ac.id","","International Information and Engineering Technology Association","17437601","","","","English","Int. J. Sustainable Dev. Plann.","Article","Final","All Open Access; Hybrid Gold Open Access","Scopus","2-s2.0-85211012522"
"Chen L.; Wang W.; Gao T.","Chen, Lei (56417185700); Wang, Weijie (59726355500); Gao, Tian (59319259000)","56417185700; 59726355500; 59319259000","One Firm's green, another Firm's mean: Green factory certification and corporate debt costs","2025","Journal of Cleaner Production","509","","145378","","","9","10.1016/j.jclepro.2025.145378","https://www.scopus.com/inward/record.uri?eid=2-s2.0-105003930576&doi=10.1016%2Fj.jclepro.2025.145378&partnerID=40&md5=d84eea980784e2c864c89d65afb2c8c6","School of Accounting, Southwestern University of Finance and Economics, 555 Liutai Road, Wenjiang, Sichuan, Chengdu, China","Chen L., School of Accounting, Southwestern University of Finance and Economics, 555 Liutai Road, Wenjiang, Sichuan, Chengdu, China; Wang W., School of Accounting, Southwestern University of Finance and Economics, 555 Liutai Road, Wenjiang, Sichuan, Chengdu, China; Gao T., School of Accounting, Southwestern University of Finance and Economics, 555 Liutai Road, Wenjiang, Sichuan, Chengdu, China","Voluntary Environmental Programs (VEPs) encourage firms to exceed regulatory compliance by adopting sustainable practices, yet their broader economic implications remain underexplored. This study examines the effects of China's Green Factory Certification Program—a government-led VEP targeting the energy-intensive industrial sector—on firms' cost of debt, with a focus on both participants and non-participants. Using a staggered difference-in-differences methodology and a sample of A-share listed manufacturing firms from 2012 to 2022, we find that this program reduces debt financing costs for certified firms. However, non-participants experience an adverse spillover effect: as the number of certified peers in the same city increases, their borrowing costs rise. This “shadow effect” suggests financial institutions redirect resources toward certified firms, creating competitive disadvantages for non-certified entities. Our analysis reveals that the program's benefits are most pronounced for certified firms with weaker initial environmental reputations, while the negative spillovers are more severe for non-participants facing greater competitive pressure. Additionally, political connections amplify the program's effects, enabling certified firms to secure greater financing advantages while exacerbating disadvantages for non-certified competitors. Finally, we find that the program improves certified firms' long-term stock returns, whereas non-participants with many certified peers suffer diminished performance. These findings highlight the dual impact of VEPs, underscoring their potential to enhance firm-level outcomes while reshaping market dynamics through resource reallocation and competitive pressures. © 2025 Elsevier Ltd","Corporate debt costs; Green factory certification program; Spillover effect; Voluntary environmental programs","Fees and charges; Financial markets; Certification programs; Competitive pressure; Corporate debt cost; Corporate-debt; Economic implications; Green factory certification program; Program targeting; Spillover effects; Sustainable practices; Voluntary environmental programs; Cost benefit analysis","T. Gao; School of Accounting, Southwestern University of Finance and Economics, Chengdu, 555 Liutai Road, Wenjiang, Sichuan, China; email: tiangao@smail.swufe.edu.cn","","Elsevier Ltd","09596526","","JCROE","","English","J. Clean. Prod.","Article","Final","","Scopus","2-s2.0-105003930576"
"Wang W.; Sun Z.; Dong Y.; Zhang L.","Wang, Wenjiao (58068184000); Sun, Ziyuan (35206513300); Dong, Yuting (57240763400); Zhang, Longyu (58998985700)","58068184000; 35206513300; 57240763400; 58998985700","Cost of debt financing, stock returns, and corporate strategic ESG disclosure: Evidence from China","2025","Business Ethics, the Environment and Responsibility","34","4","","1787","1812","10","10.1111/beer.12741","https://www.scopus.com/inward/record.uri?eid=2-s2.0-85203383141&doi=10.1111%2Fbeer.12741&partnerID=40&md5=50cd077d7d3feffab4cf640fc2ecb02c","School of Economics and Management, China University of Mining and Technology, Xuzhou, China","Wang W., School of Economics and Management, China University of Mining and Technology, Xuzhou, China; Sun Z., School of Economics and Management, China University of Mining and Technology, Xuzhou, China; Dong Y., School of Economics and Management, China University of Mining and Technology, Xuzhou, China; Zhang L., School of Economics and Management, China University of Mining and Technology, Xuzhou, China","Whether corporate strategic Environmental, Social, and Governance (ESG) disclosure can be effectively screened by external markets still needs more empirical support. Despite numerous studies confirming the positive impact of ESG, the issue of strategic ESG disclosure has yet to receive sufficient attention. This study examines the impact of ESG greenwashing on the cost of debt financing and stock returns using panel data of Chinese A-share listed corporates from 2012 to 2021. The study finds that external markets fail to recognize ESG greenwashing in the short term, leading to a temporary reduction in the cost of debt financing and an increase in stock returns, but these effects are not lasting. Mechanism analysis shows that ESG greenwashing enhances corporate reputation and reduces the cost of debt financing through the reputation effect, stimulates investor sentiment, and improves stock returns through the sentiment effect. The study identifies management myopia, excessive power, financial distress, and information asymmetry as the main drivers. However, strong oversight by independent directors, involvement of Big Four audit firms, investor site visits, and high industry competition can mitigate these misleading effects. This research expands the understanding of the causes and economic consequences of corporate ESG greenwashing and provides empirical evidence for managing this phenomenon. © 2024 John Wiley & Sons Ltd.","cost of debt financing; ESG greenwashing; stock returns; strategic disclosure","","Z. Sun; School of Economics and Management, China University of Mining and Technology, Xuzhou, 221116, China; email: sunziyuan@cumt.edu.cn","","John Wiley and Sons Inc","26946416","","","","English","Bus. Ethics Environ. Responsib.","Article","Final","All Open Access; Bronze Open Access","Scopus","2-s2.0-85203383141"
"Bacha S.; Ajina A.; Ben Saad S.","Bacha, Sami (57197756137); Ajina, Aymen (56538485300); Ben Saad, Sourour (57219993503)","57197756137; 56538485300; 57219993503","CSR performance and the cost of debt: does audit quality matter?","2021","Corporate Governance (Bingley)","21","1","","137","158","103","10.1108/CG-11-2019-0335","https://www.scopus.com/inward/record.uri?eid=2-s2.0-85096431982&doi=10.1108%2FCG-11-2019-0335&partnerID=40&md5=62ac04fa0c597aa32ba58dfab75b539b","Faculty of Economic Sciences and Management of Sousse, University of Sousse, Sousse, Tunisia; Department of Accounting and Finance, University of Sousse, Sousse, Tunisia","Bacha S., Faculty of Economic Sciences and Management of Sousse, University of Sousse, Sousse, Tunisia; Ajina A., Faculty of Economic Sciences and Management of Sousse, University of Sousse, Sousse, Tunisia; Ben Saad S., Department of Accounting and Finance, University of Sousse, Sousse, Tunisia","Purpose: This study aims to shed light on the effect of corporate social responsibility (CSR) on the cost of debt. It also investigates whether audit quality affects the cost of debt incurred by socially responsible firms. Design/methodology/approach: Based on a sample of French non-financial companies over the period 2005 to 2016, this paper uses panel data regressions. This paper re-estimates the model using Newey-West standard errors and the weighted-least-squares method. For further robustness, this paper runs instrumental variable regressions using the two-stage instrument variable method (two-stage least square). Findings: The results show a negative relationship between CSR performance and the cost of debt, suggesting that financial institutions are likely to apply preferential costs for socially responsible firms. Financial institutions reward socially responsible companies as they recognize the potentiality of CSR to reduce firm risk and enhance its reputation. The findings also show that the perceived audit quality, along with CSR performance, are relevant to banks in the pricing of debt. The incremental audit quality, attributable to audits by the Big 4 auditors, decreases the cost of debt for CSR firms. Big 4 auditors are expected to, simultaneously, play information and insurance roles, thereby enhancing the firm risk profile. The results are robust to alternative audit quality measures (i.e. audit fees). Practical implications: This study has important implications for managers and banks. Managers will be able to understand the effect of CSR on financing costs with relevant implications for strategic financing planning. Firms are also encouraged to signal their commitment to maintain a high-level quality reporting and reduce agency costs through their expenditure in auditing (i.e. hiring a large well-known audit firm). Moreover, this study sensitizes banking institutions to encourage the concept of socially responsible finance and consider soft information (i.e. involvement in societal issues, corporate citizen, trustworthiness, integrity and non-opportunistic behavior), as part of the credit decision-making and debt pricing process. Originality/value: This study extends the literature on CSR and the cost of debt. Unlike prior studies, this paper focuses on the debt-pricing effects of audit quality for CSR firms. Audit quality is deemed to be an important governance feature that is likely to constraint opportunistic behaviors (i.e. CSR diversion) and play information and insurance roles to lenders. Audit quality (perceived or real), along with CSR performance, are associated with lower costs of debt. © 2020, Emerald Publishing Limited.","Audit fees; Audit quality; Big 4; Corporate social responsibility; Cost of debt; France","","S. Bacha; Faculty of Economic Sciences and Management of Sousse, University of Sousse, Sousse, Tunisia; email: samybacha@hotmail.com","","Emerald Group Holdings Ltd.","14720701","","","","English","Corp. Gov.","Article","Final","","Scopus","2-s2.0-85096431982"
"Ahmed A.H.; Eliwa Y.; Tahat Y.A.; Burton B.; Paramati S.","Ahmed, Ahmed Hassan (60431493900); Eliwa, Yasser (57951070200); Tahat, Yasean A. (56971354000); Burton, Bruce (36878314900); Paramati, Sudharshan (51061496000)","60431493900; 57951070200; 56971354000; 36878314900; 51061496000","Response to the Discussion of “Does the Cost of Borrowing Increase for Firms that are Socially and Environmentally Irresponsible?”","2025","International Journal of Accounting","60","3","2580002","","","1","10.1142/S1094406025800022","https://www.scopus.com/inward/record.uri?eid=2-s2.0-105007304052&doi=10.1142%2FS1094406025800022&partnerID=40&md5=11f4bb2271a0f9c076e8f8f12f403910","School of Business, University of Dundee, Dundee, United Kingdom; Faculty of Commerce, South Valley University, Qena, Egypt; College of Interdisciplinary Studies, Zayed University, Abu Dhabi, United Arab Emirates; Loughborough Business School, Loughborough University, United Arab Emirates, Loughborough, United Kingdom; College of Business and Administration, Gulf University for Science and Technology, Hawally, Kuwait; College of Business Administration, American University of The Middle East, Kuwait","Ahmed A.H., School of Business, University of Dundee, Dundee, United Kingdom, Faculty of Commerce, South Valley University, Qena, Egypt; Eliwa Y., College of Interdisciplinary Studies, Zayed University, Abu Dhabi, United Arab Emirates, Loughborough Business School, Loughborough University, United Arab Emirates, Loughborough, United Kingdom; Tahat Y.A., College of Business and Administration, Gulf University for Science and Technology, Hawally, Kuwait; Burton B., School of Business, University of Dundee, Dundee, United Kingdom; Paramati S., College of Business Administration, American University of The Middle East, Kuwait","Our study aimed to examine the relationship between irresponsible social, environmental, and governance (IESG) activities and the cost of debt (CoD), focusing on three main aspects. First, we explored the direct relationship between IESG practices and the CoD to understand the financial repercussions for firms engaged in these activities. Second, we assessed how country-level characteristics, measured by the corruption perception index (CPI), moderate the relationship between IESG practices and the CoD, shedding light on the influence of national governance contexts. Finally, we investigated whether operating in traditionally “sinful” industries impacts the association between IESG practices and the CoD, exploring whether industry-specific norms and public perceptions of these industries exacerbate these impacts. Our sample consists of 50,281 firm-year observations for non-financial listed firms across 44 countries, spanning the period from 2002 to 2022. Pooled regression, with clustered standard errors at the firm level and a two-stage instrumental variable method, was employed. We find that firms engaging in IESG practices incur a higher CoD. Notably, this effect is more pronounced in countries with lower levels of corruption. Further analysis focused on the impact within sinful industries — such as tobacco, alcohol, and gambling — revealed no significant differences in the CoD associated with IESG practices compared to non-sinful industries. The study offers valuable insights for lending institutions, firms, and credit rating agencies about the financial implications of irresponsible corporate practices. © 2025 Board of Trustees, Vernon K. Zimmerman Center, University of Illinois.","cost of debt; ESG decoupling; greenwashing; Irresponsible ESG; pragmatic legitimacy","","A.H. Ahmed; School of Business, University of Dundee, Dundee, United Kingdom; email: a.h.a.ahmed@dundee.ac.uk","","World Scientific","10944060","","","","English","Int. J. Account.","Article","Final","","Scopus","2-s2.0-105007304052"
"Li Y.; Chen R.; Xiang E.","Li, Yuanhui (51564209700); Chen, Rongrong (57356965100); Xiang, Erwei (55799508000)","51564209700; 57356965100; 55799508000","Corporate social responsibility, green financial system guidelines, and cost of debt financing: Evidence from pollution-intensive industries in China","2022","Corporate Social Responsibility and Environmental Management","29","3","","593","608","56","10.1002/csr.2222","https://www.scopus.com/inward/record.uri?eid=2-s2.0-85120169604&doi=10.1002%2Fcsr.2222&partnerID=40&md5=869e2e03f43becba59468565fa5cc47e","School of Economics and Management, Beijing Jiaotong University, Beijing, China; School of Business and Law, Edith Cowan University, Joondalup, WA, Australia; Newcastle University Business School, Newcastle University, Newcastle upon Tyne, United Kingdom","Li Y., School of Economics and Management, Beijing Jiaotong University, Beijing, China; Chen R., School of Economics and Management, Beijing Jiaotong University, Beijing, China; Xiang E., School of Business and Law, Edith Cowan University, Joondalup, WA, Australia, Newcastle University Business School, Newcastle University, Newcastle upon Tyne, United Kingdom","Using a sample of publicly listed firms from 2014 to 2019 in pollution-intensive industries in China, this study investigates the effect of corporate social responsibility (CSR) on corporate cost of debt financing and how the issuance of the “Green Financial System Guidelines” moderates the above relationship. We find that high CSR performance (including responsibility for shareholders, employees, suppliers and customers, the environment, and the community) is associated with low cost of debt in polluting companies. Moreover, the “Green Financial System Guidelines” strengthens the role of CSR in reducing corporate cost of debt. Further analyses reveal that CSR reduces cost of debt by reducing information asymmetry and business risk, and that green credit development strengthens the role of CSR in reducing corporate cost of debt. Our baseline results are robust to alternative measures and tests that address potential endogeneity concerns by employing the Heckman two-stage and propensity score matching (PSM) methods. © 2021 ERP Environment and John Wiley & Sons Ltd.","channels; cost of debt; CSR; green credit development; green financial system guidelines","","Y. Li; School of Economics and Management, Beijing Jiaotong University, Beijing, China; email: yhli@bjtu.edu.cn","","John Wiley and Sons Ltd","15353958","","","","English","Corp. Soc. Responsib. Environ. Manage.","Article","Final","All Open Access; Green Open Access","Scopus","2-s2.0-85120169604"
"Arcidiacono D.; Fraccalvieri G.; Caragnano A.; Frascati D.","Arcidiacono, Daniele (60235658700); Fraccalvieri, Giuseppe (55604526100); Caragnano, Alessandra (57217055914); Frascati, Domenico (58943618900)","60235658700; 55604526100; 57217055914; 58943618900","ESG controversies and the cost of debt and equity: Evidence from Europe","2026","Finance Research Letters","93","","109657","","","0","10.1016/j.frl.2026.109657","https://www.scopus.com/inward/record.uri?eid=2-s2.0-105031097059&doi=10.1016%2Fj.frl.2026.109657&partnerID=40&md5=984ca23f4bacf5e7568b63065f2c34ac","LUM University “Giuseppe Degennaro”, BA, Bari, Italy; University of Bari “Aldo Moro”, BA, Bari, Italy; Pegaso Telematic University, NA, Naples, Italy","Arcidiacono D., LUM University “Giuseppe Degennaro”, BA, Bari, Italy; Fraccalvieri G., University of Bari “Aldo Moro”, BA, Bari, Italy; Caragnano A., Pegaso Telematic University, NA, Naples, Italy; Frascati D., LUM University “Giuseppe Degennaro”, BA, Bari, Italy","This study explores how ESG controversies affect to the cost of debt and equity. On a sample of 474 non-financial firms listed on the STOXX Europe 600 from 2016 to 2023, we show that ESG controversies significantly affect both categories of financing costs. The effects vary across ESG sub-pillars and are influenced by factors such as country-level regulatory quality, firm size, and default probability. Furthermore, based on Legitimacy Theory, we identify market uncertainty as a key transmission channel: ESG controversies raise questions about a firm’s legitimacy to operate, prompting stakeholder concerns about future conduct, regulatory fines, and profitability, ultimately worsening financing conditions. © 2026 Elsevier Inc.","Cost of debt; Cost of equity; ESG controversies; Legitimacy theory","","D. Arcidiacono; LUM University “Giuseppe Degennaro”, Bari, BA, Italy; email: arcidiacono.phdstudent@lum.it","","Elsevier Ltd","15446123","","","","English","Finan. Res. Lett.","Article","Final","","Scopus","2-s2.0-105031097059"
"Kordsachia O.","Kordsachia, Othar (59447242700)","59447242700","A risk management perspective on CSR and the marginal cost of debt: empirical evidence from Europe","2021","Review of Managerial Science","15","6","","1611","1643","44","10.1007/s11846-020-00392-2","https://www.scopus.com/inward/record.uri?eid=2-s2.0-85085073524&doi=10.1007%2Fs11846-020-00392-2&partnerID=40&md5=98009b583349c51745397601b2677087","Department of Socioeconomics, Faculty of Business, Economics and Social Sciences, University of Hamburg, Renzelstraße 7, Hamburg, 20146, Germany","Kordsachia O., Department of Socioeconomics, Faculty of Business, Economics and Social Sciences, University of Hamburg, Renzelstraße 7, Hamburg, 20146, Germany","This article investigates the association between CSR and marginal credit costs of European companies. We provide instance for a negative association based on a variety of model specifications and fine-grained measures for CSR. These results can be explained in light of the increasing relevance of socially responsible investors for financing costs of companies. We further apply the risk management perspective on CSR to the credit market and show that the insurance-like property of CSR is especially relevant for companies in relative financial distress as measured by the interest coverage ratio. This study also examines the association between CSR assurance and credit costs and provides evidence that creditors reward non-financial insurance by reduced required rate of returns. Finally, we contribute to the corporate governance literature by modelling the association between different board characteristics and credit costs. © 2020, The Author(s).","Corporate governance; Corporate social responsibility; Cost of debt; Risk mitigation","","O. Kordsachia; Department of Socioeconomics, Faculty of Business, Economics and Social Sciences, University of Hamburg, Hamburg, Renzelstraße 7, 20146, Germany; email: othar.kordsachia@uni-hamburg.de","","Springer Science and Business Media Deutschland GmbH","18636683","","","","English","Rev. Manage. Sci.","Article","Final","All Open Access; Green Open Access; Hybrid Gold Open Access","Scopus","2-s2.0-85085073524"
"Prasad K.; Kumar S.; Devji S.; Lim W.M.; Prabhu N.; Moodbidri S.","Prasad, Krishna (57204100576); Kumar, Satish (57992552600); Devji, Shridev (57204108217); Lim, Weng Marc (57193912670); Prabhu, Nandan (57193510083); Moodbidri, Sudhir (57447376100)","57204100576; 57992552600; 57204108217; 57193912670; 57193510083; 57447376100","Corporate social responsibility and cost of capital: The moderating role of policy intervention","2022","Research in International Business and Finance","60","","101620","","","68","10.1016/j.ribaf.2022.101620","https://www.scopus.com/inward/record.uri?eid=2-s2.0-85124380328&doi=10.1016%2Fj.ribaf.2022.101620&partnerID=40&md5=c32cf982356a410d9681415f6cb7e1e3","T A Pai Management Institute, Manipal Academy of Higher Education, Manipal, India; Department of Management Studies, Malaviya National Institute of Technology, Rajasthan, India; Faculty of Business, Design and Arts, Swinburne University of Technology, Sarawak, Malaysia; School of Business, Law and Entrepreneurship, Swinburne University of Technology, Victoria, Australia; Manipal Institute of Management, Manipal, India; Justice K S Hegde Institute of Management, Nitte, India","Prasad K., T A Pai Management Institute, Manipal Academy of Higher Education, Manipal, India; Kumar S., Department of Management Studies, Malaviya National Institute of Technology, Rajasthan, India, Faculty of Business, Design and Arts, Swinburne University of Technology, Sarawak, Malaysia; Devji S., Department of Management Studies, Malaviya National Institute of Technology, Rajasthan, India; Lim W.M., Faculty of Business, Design and Arts, Swinburne University of Technology, Sarawak, Malaysia, School of Business, Law and Entrepreneurship, Swinburne University of Technology, Victoria, Australia; Prabhu N., Manipal Institute of Management, Manipal, India; Moodbidri S., Justice K S Hegde Institute of Management, Nitte, India","Corporate social responsibility (CSR) and cost of capital (COC) have been investigated in the past but not in tandem with policy intervention. This paper examines the impact of CSR on COC together with the policy intervention of mandatory CSR. This study uses a sample of 512 nonfinancial firms in India as a case and the costs of debt (COD) and equity (COE) as measures for COC. The findings indicate that (1) higher CSR performance decreases COD and increases COE and that (2) mandatory CSR legislation moderates their relationships such that it increases COD and COE. Therefore, consistent with signaling theory, we conclude that mandatory CSR spending signals a loss of discretionary power of CSR spending and signal intentionality and an implicit increase in agency costs. © 2022 Elsevier B.V.","corporate social responsibility; cost of capital; cost of debt; cost of equity; mandatory CSR legislation; policy intervention; signaling theory","","S. Kumar; Department of Management Studies, Malaviya National Institute of Technology, Rajasthan, India; email: skumar.dms@mnit.ac.in","","Elsevier Ltd","02755319","","","","English","Res. Int. Bus. Financ.","Article","Final","","Scopus","2-s2.0-85124380328"
"Luo W.; Yu Y.; Cao X.; Deng M.","Luo, Wenbing (57207456765); Yu, Yuxin (57189626358); Cao, Xiaotian (58479284600); Deng, Mingjun (57201989528)","57207456765; 57189626358; 58479284600; 57201989528","The Impact of ESG Performance on Organizational Resilience: Evidence From China","2025","Corporate Social Responsibility and Environmental Management","32","5","","6807","6830","4","10.1002/csr.70061","https://www.scopus.com/inward/record.uri?eid=2-s2.0-105009986020&doi=10.1002%2Fcsr.70061&partnerID=40&md5=fceddfe61789dbe7ba14e51a2cad11b0","School of Business, Hunan University of Science and Technology, Xiangtan, China; Research Center for High Quality Development of Regional Economy, Hunan University of Science and Technology, Xiangtan, China; Research Institute of New Strategic Industries in Hunan, Xiangtan, China; School of Medical Humanity and Management, Hunan University of Medicine, Huaihua, China","Luo W., School of Business, Hunan University of Science and Technology, Xiangtan, China, Research Center for High Quality Development of Regional Economy, Hunan University of Science and Technology, Xiangtan, China, Research Institute of New Strategic Industries in Hunan, Xiangtan, China; Yu Y., School of Business, Hunan University of Science and Technology, Xiangtan, China; Cao X., School of Business, Hunan University of Science and Technology, Xiangtan, China; Deng M., School of Medical Humanity and Management, Hunan University of Medicine, Huaihua, China","In the context of VUCA (volatile, uncertain, complex, ambiguous), organizational resilience has become increasingly important for the long-term development of enterprises. Using data from Chinese A-share listed enterprises between 2009 and 2022, this study examines the impact of ESG performance on organizational resilience and explores the underlying mechanisms. The results show that ESG performance has a significant positive impact on organizational resilience, and ESG primarily transmits its impact by improving investment efficiency and analyst attention, and reducing the cost of debt financing. Further analysis indicates that enterprise digitization strengthens the connection between ESG and organizational resilience. The promoting effect of ESG is more pronounced in non-Western regions of China and in enterprises not audited by the Big Four. The existing literature exhibits certain research gaps in exploring the non-economic effects of ESG performance. This study fills these gaps by expanding the influence mechanisms based on perspectives such as “resource-relationship-governance”. Our conclusions provide empirical evidence for enhancing organizational resilience and promoting the sustainable development of enterprises and society. © 2025 ERP Environment and John Wiley & Sons Ltd.","analyst attention; cost of debt financing; digital transformation; ESG performance; investment efficiency; organizational resilience","","M. Deng; School of Medical Humanity and Management, Hunan University of Medicine, Huaihua, China; email: 1150012@hnust.edu.cn","","John Wiley and Sons Ltd","15353958","","","","English","Corp. Soc. Responsib. Environ. Manage.","Article","Final","","Scopus","2-s2.0-105009986020"
"Maaloul A.; Zéghal D.; Ben Amar W.; Mansour S.","Maaloul, Anis (35311312000); Zéghal, Daniel (8915903400); Ben Amar, Walid (13612561000); Mansour, Sari (57188678724)","35311312000; 8915903400; 13612561000; 57188678724","The Effect of Environmental, Social, and Governance (ESG) Performance and Disclosure on Cost of Debt: The Mediating Effect of Corporate Reputation","2023","Corporate Reputation Review","26","1","","1","18","173","10.1057/s41299-021-00130-8","https://www.scopus.com/inward/record.uri?eid=2-s2.0-85120654672&doi=10.1057%2Fs41299-021-00130-8&partnerID=40&md5=e0da137663cf85572ef4960cd73e3b0f","School of Business Administration, TELUQ University of Quebec, 5800 Saint-Denis St. (Office B1105), Montreal, H2S 3L5, QC, Canada; TELFER School of Management, University of Ottawa, Ottawa, Canada","Maaloul A., School of Business Administration, TELUQ University of Quebec, 5800 Saint-Denis St. (Office B1105), Montreal, H2S 3L5, QC, Canada; Zéghal D., TELFER School of Management, University of Ottawa, Ottawa, Canada; Ben Amar W., TELFER School of Management, University of Ottawa, Ottawa, Canada; Mansour S., School of Business Administration, TELUQ University of Quebec, 5800 Saint-Denis St. (Office B1105), Montreal, H2S 3L5, QC, Canada","Prior studies on the relationship between ESG information and cost of debt have found mixed results. They conclude that this relationship may be affected by some characteristics or attributes of the company. In this study, we examine whether corporate reputation mediates the relationship between ESG information and cost of debt. In other words, this study explores how ESG information influences corporate reputation, and how, in turn, corporate reputation affects the cost of debt financing. Data for corporate reputation were obtained from the Fortune “World’s Most Admired Companies” List, whereas data on ESG information were extracted from two sources: ESG performance were obtained from Sustainalytics database and ESG disclosure were obtained from Bloomberg database. Data on cost of debt and other control variables were also collected from Bloomberg database. Using structural equation models, we report a positive effect of both ESG performance and disclosure on corporate reputation. We also find that a good corporate reputation reduces the cost of debt financing and mediates the relationship between ESG performance/disclosure and cost of debt. We therefore conclude that firms that manage and disclose information on ESG issues have a better reputation, which in turn reduces their debt financing costs. © 2021, The Author(s), under exclusive licence to Springer Nature Limited.","Corporate reputation; Cost of debt; Disclosure; Environmental, social, and governance (ESG); Performance","","A. Maaloul; School of Business Administration, TELUQ University of Quebec, Montreal, 5800 Saint-Denis St. (Office B1105), H2S 3L5, Canada; email: anis.maaloul@teluq.ca","","Springer Nature","13633589","","","","English","Corp. Reputation Rev.","Article","Final","","Scopus","2-s2.0-85120654672"
"Iotti M.; Bonazzi G.","Iotti, Mattia (56142117500); Bonazzi, Giuseppe (6603417564)","56142117500; 6603417564","Financial Sustainability in Agri-Food Companies: The Case of Members of the PDO Parma Ham Consortium","2023","Sustainability (Switzerland)","15","5","3947","","","14","10.3390/su15053947","https://www.scopus.com/inward/record.uri?eid=2-s2.0-85149912485&doi=10.3390%2Fsu15053947&partnerID=40&md5=cc90738db8f0ccaf3902c4553caa93cc","Department of Veterinary Science, University of Parma, Parma, 43126, Italy; Facultad de Agronomia, Universidad de Buenos Aires, MITA-Master Internacional En Tecnología De Los Alimentos, Buenos Aires, C1417DSE, Argentina","Iotti M., Department of Veterinary Science, University of Parma, Parma, 43126, Italy; Bonazzi G., Facultad de Agronomia, Universidad de Buenos Aires, MITA-Master Internacional En Tecnología De Los Alimentos, Buenos Aires, C1417DSE, Argentina","Agri-food companies play an economic, social, and environmental role. In Italy, the typical products protected by the European Union with the PDO and PGI marks are spread throughout the national territory, even in disadvantaged ones, and generate turnover, employment, and positive effects in related industries. These companies are often of medium or small size (SMEs) and are financially constrained. The research applies the assessment of financial sustainability to the balance sheet statement (BSS), financial ratios (FRs), interest coverage ratios (ICRs), duration of the cash conversion cycle (CCC), and net working capital (NWC) data. It shows that companies in the sector have high capital intensity in both the fixed asset (FA) and NWC cycles. Profitability is largely eroded by the cost of debt (COD). Financial sustainability is calculated through the following: (1) the duration of the cash conversion cycle (CCC), broken down into the cycle lengths of inventory, receivables, and payables; (2) the calculation of the income and financial margins generated by the management and their correlation; (3) the calculation of financial ratios (FRs) and the verification of financial leverage (ROA > ROD); (4) the calculation of income and financial interest coverage ratios (ICRs) and tests on the significant differences between them. The application of ICRs with the financial methodology applied in the research makes it possible to (1) improve the assessment of financial sustainability and reduce the related risk and (2) reduce the information asymmetry between the company and the bank, facilitating access to credit. The duration of the CCC is negatively correlated to profitability (ROE), while size and economic performance are positively correlated. The ICRs (interest coverage ratio) calculated with the financial approach are statistically different from the ones calculated with the economic one. The application of the result is relevant to industry operators and for future research. The research is replicable; the results can be tested on other sectors of the agri-food sector and disseminated to operators. © 2023 by the authors.","agricultural finance; bankruptcy; financial sustainability; free cash flow; interest coverage ratios; net working capital; parma PDO ham; typical food product","Italy; Parma; agricultural finance; bankruptcy; debt; European Union; food product; income; profitability; sustainability","M. Iotti; Department of Veterinary Science, University of Parma, Parma, 43126, Italy; email: mattia.iotti@unipr.it","","MDPI","20711050","","","","English","Sustainability","Article","Final","All Open Access; Gold Open Access; Green Open Access","Scopus","2-s2.0-85149912485"
"Shi Y.; Zheng S.; Xiao P.; Zhen H.; Wu T.","Shi, Yongdong (56135101100); Zheng, Shijie (57732309000); Xiao, Pengsong (59336401800); Zhen, Hongxian (57198797213); Wu, Tong (59335904200)","56135101100; 57732309000; 59336401800; 57198797213; 59335904200","ESG performance and cost of debt","2024","China Journal of Accounting Research","17","4","100390","","","21","10.1016/j.cjar.2024.100390","https://www.scopus.com/inward/record.uri?eid=2-s2.0-85204451939&doi=10.1016%2Fj.cjar.2024.100390&partnerID=40&md5=6d1322c55b13adadfb5ec42bce50dc01","School of Fintech/School of Finance, Dongbei University of Finance and Economics, Dalian, China; School of Economics and Management, Anhui Normal University, Wuhu, China; Bank of Chengde, Chengde, China; School of Accounting/China Internal Control Research Center, Dongbei University of Finance and Economics, Dalian, China","Shi Y., School of Fintech/School of Finance, Dongbei University of Finance and Economics, Dalian, China; Zheng S., School of Economics and Management, Anhui Normal University, Wuhu, China; Xiao P., Bank of Chengde, Chengde, China; Zhen H., School of Accounting/China Internal Control Research Center, Dongbei University of Finance and Economics, Dalian, China; Wu T., School of Accounting/China Internal Control Research Center, Dongbei University of Finance and Economics, Dalian, China","We analyze China Securities Index Co., Ltd. (CSI) environmental, social and governance (ESG) scoring data, which incorporate Chinese characteristics, to assess the impact of ESG performance on corporate debt financing costs. Our findings indicate that better CSI ESG scores are correlated with lower debt financing costs. Additionally, improvements in local environmental execution enhance the effect of CSI ESG scores on debt financing costs. However, this effect diminishes with increased internal control quality and marketization. Governance has the greatest impact on reducing debt financing costs, followed by social and environmental factors. Superior CSI ESG scores reduce corporate debt financing costs by enhancing debt repayment capacity and reducing information asymmetry. Economic consequence analysis confirms that lower financing costs, driven by improved ESG performance, significantly enhance total factor productivity and firm value. CSI ESG scores also significantly impact bank loans but not corporate bond financing. © 2024","Chinese capital market; CSI ESG performance; Debt financing costs; Sustainable development","","H. Zhen; Shahekou District, No. 217, Jianshan Street, Dalian, 116025, China; email: zhx223@163.com","","Sun Yat-sen (Zhongshan) University","17553091","","","","English","China J. Account. Res.","Article","Final","All Open Access; Gold Open Access","Scopus","2-s2.0-85204451939"
"Vezeteu C.-D.; Stănciulescu R.-I.; Ungureanu C.","Vezeteu, Cosmin-Dănuț (58062207800); Stănciulescu, Raluca-Ioana (59652666200); Ungureanu, Camelia (60117128600)","58062207800; 59652666200; 60117128600","The Relationship between ESG and Cost of Capital: A Structural Equation Modelling Approach","2025","Romanian Journal of Economic Forecasting","28","3","","44","67","0","","https://www.scopus.com/inward/record.uri?eid=2-s2.0-105023082025&partnerID=40&md5=1c6d26cb915d45859d64f475f4a51513","Bucharest University of Economic Studies, Romania; Transilvania University of Brașov, Romania","Vezeteu C.-D., Bucharest University of Economic Studies, Romania; Stănciulescu R.-I., Bucharest University of Economic Studies, Romania; Ungureanu C., Transilvania University of Brașov, Romania","Sustainable finance has become an increasingly popular topic for both researchers and investment professionals. ESG ratings offer a reasonably equitable quantitative evaluationof a company’s sustainability, but empirical studies on the relationship between these scores and the cost of capital is rather scarce and show divergent results. This paper aims to address this research gap through a novel structural equation modelling approach, specifically the Random Intercept – Cross Lagged Panel Model (RI-CLPM). This econometric technique is applied on a global dataset, from 2016 to 2023, with the aim to determine the influence of ESG on cost of capital and its components, namely the cost of debt and the cost of equity, before and during the COVID-19 pandemic. The results reveal an inconsistent impact of ESG on capital components: while ESG does not significantly affect the cost of capital or the cost of equity, a significant negative relationship observed regarding the cost of debt when analyzed as the dependent variable during pre-pandemic years at the total sample level. However, a more in-depth analysis reveals that this outcome is regionally dependent. This article contributes to the growing literature on sustainable finance by providing a rigorous econometric framework that investigates the reciprocal effects between financial and ESG performance metrics. © 2025, Institute for Economic Forecasting. All rights reserved.","Cost of capital; ESG; RI-CLPM; Structural Equation Modelling; Sustainable finance","","C.-D. Vezeteu; Bucharest University of Economic Studies, Romania; email: cosmin.vezeteu@csie.ase.ro","","Institute for Economic Forecasting","15826163","","","","English","Rom. J. Econ. Forecast.","Article","Final","","Scopus","2-s2.0-105023082025"
"Termprasertsakul S.; Pantipjatuporn P.; Khruachalee K.","Termprasertsakul, Santi (57195508441); Pantipjatuporn, Piyapong (60396848000); Khruachalee, Krisada (57226863941)","57195508441; 60396848000; 57226863941","ESG performance as an informational signal: dual effects on the cost of capital and price synchronicity","2026","Cogent Economics and Finance","14","1","2626031","","","0","10.1080/23322039.2026.2626031","https://www.scopus.com/inward/record.uri?eid=2-s2.0-105030144480&doi=10.1080%2F23322039.2026.2626031&partnerID=40&md5=3226aca05586c49c8c68e6e2f04de558","Faculty of Business Administration for Society, Srinakharinwirot University, Bangkok, Thailand; Graduate School of Applied Statistics, National Institute of Development Administration, Bangkok, Thailand","Termprasertsakul S., Faculty of Business Administration for Society, Srinakharinwirot University, Bangkok, Thailand; Pantipjatuporn P., Graduate School of Applied Statistics, National Institute of Development Administration, Bangkok, Thailand; Khruachalee K., Faculty of Business Administration for Society, Srinakharinwirot University, Bangkok, Thailand","This study examines how firms’ environmental, social, and governance (ESG) performance jointly affects the cost of capital and stock price synchronicity. Using firm-year data for companies listed on the Stock Exchange of Thailand (2015–2024). Fixed-effects and dynamic system GMM models linking overall and pillar-level ESG scores to the cost of debt, the cost of equity, the weighted average cost of capital, and the extent of firm-specific information in prices are estimated. The results show that stronger ESG performance lowers financing frictions–particularly in debt markets–and reduces synchronicity, indicating improved informational efficiency. A key insight concerns governance. Investors appear to interpret governance practices as broad signals of market credibility rather than as mechanisms that enhance firm-specific transparency, which limits governance’s ability to improve price informativeness. In contrast, the environmental and social pillars are the primary drivers of lower synchronicity. This study contributes to the ESG literature by providing evidence from Thailand that ESG transparency is financially material through both capital cost and information channels, suggesting that managers seeking to enhance price informativeness should prioritize substantive environmental and social disclosures along with formal governance practices. © 2026 The Author(s). Published by Informa UK Limited, trading as Taylor & Francis Group.","cost of capital; dynamic panel regression; ESG performance; fixed effects; GMM; price synchronicity; Thailand","","K. Khruachalee; Faculty of Business Administration for Society, Srinakharinwirot University, Bangkok, 114 Sukhumvit 23, Khlong Toei Nuea, Watthana, 10110, Thailand; email: krisadak@g.swu.ac.th","","Cogent OA","23322039","","","","English","Cogent Econ. Finance","Article","Final","All Open Access; Gold Open Access; Green Open Access","Scopus","2-s2.0-105030144480"
"Sergei G.; Alesya B.","Sergei, Grishunin (56990074700); Alesya, Bukreeva (58061045000)","56990074700; 58061045000","In Search of Greenium. Analysis of Yields in the European Green Bond Markets","2022","Procedia Computer Science","214","C","","156","163","3","10.1016/j.procs.2022.11.161","https://www.scopus.com/inward/record.uri?eid=2-s2.0-85146110051&doi=10.1016%2Fj.procs.2022.11.161&partnerID=40&md5=27a7dafa8cccdbba6d0ce790a3b81931","Hse University, 20 Myasnitskaya Street, Moscow, 101000, Russian Federation","Sergei G., Hse University, 20 Myasnitskaya Street, Moscow, 101000, Russian Federation; Alesya B., Hse University, 20 Myasnitskaya Street, Moscow, 101000, Russian Federation","The green bond market shows good potential to help mobilize financial sources towards sustainable investments. Green bonds are similar to conventional bonds but are specifically created to raise money to finance climate or other environmental projects. The relevance of the paper is underpinned by mixed evidence on the existence of 'greenium in various corporate bond markets and lack of a clear understanding of the green bond yields' determinants. The objective of the paper is to explore the existence and determinants of greenium in Europe. Our sample included 3,851 green and conventional bonds in the European debt markets over the period from 2007 to 2021. The results showed that the climate corporate bonds in Europe are priced at discount to the same-risk conventional corporate bonds. The magnitude of greenium in whole European green bond market was around 4 bps. However, we did not find the significant greenium in the green bond markets of the UK, France, Netherlands, and Germany. The conclusions of the research could lead to a better understanding of the green bond market for investors, regulators, and potential issuing companies. © 2022 The Authors. Published by Elsevier B.V.","environmental social; ESG; European green bond market; governance (ESG); green bonds; greenium; sustainable development","Binary alloys; Commerce; Financial markets; Investments; Potassium alloys; Uranium alloys; Corporate bond; Environmental projects; Environmental social; ESG; European green bond market; Financial sources; Governance (ESG); Green bond; Greenia; Sustainable investments; Sustainable development","G. Sergei; Hse University, Moscow, 20 Myasnitskaya Street, 101000, Russian Federation; email: sgrishunin@hse.ru","Shi Y.","Elsevier B.V.","18770509","","","","English","Procedia Comput. Sci.","Conference paper","Final","All Open Access; Gold Open Access","Scopus","2-s2.0-85146110051"
"Xue N.; Zhang Q.","Xue, Nanzhi (60415732700); Zhang, Qi (58606881300)","60415732700; 58606881300","Talk the talk and walk the walk: how social trust affects ESG disclosure’s financing impact","2026","Asia-Pacific Journal of Accounting and Economics","","","","","","0","10.1080/16081625.2026.2632593","https://www.scopus.com/inward/record.uri?eid=2-s2.0-105031392545&doi=10.1080%2F16081625.2026.2632593&partnerID=40&md5=a409aa73392203c0f43facc70164c7bf","Glorious Sun School of Business and Management, Donghua University, Shanghai, China; School of Management, Shandong University, Shandong, Jinan, China","Xue N., Glorious Sun School of Business and Management, Donghua University, Shanghai, China; Zhang Q., School of Management, Shandong University, Shandong, Jinan, China","This study examines the role of social trust in shaping the financing effect of ESG disclosure. Empirical results reveal that elevated trust levels intensify the inverse association between firms’ ESG disclosure and debt financing costs. This enhancement stems from increasing the informational value of ESG disclosure and improving ESG practices. Moreover, the influence of social trust is more salient among enterprises located in less market-oriented regions, operating within environmentally sensitive sectors, or characterized by lower analyst coverage and weaker reputation. Overall, these findings demonstrate that social trust is a prerequisite for ESG disclosure to generate expected economic impacts. © 2026 City University of Hong Kong and National Taiwan University.","Cost of debt; ESG disclosure; Social trust","","Q. Zhang; School of Management, Shandong University, Jinan, Shandong, 250100, China; email: qizhang@sdu.edu.cn","","Routledge","16081625","","","","English","Asia-Pac. J. Account. Econ.","Article","Article in press","","Scopus","2-s2.0-105031392545"
"Chun B.J.","Chun, Byoung Jo (59233324900)","59233324900","Identifying Interest Rate Transmission Mechanism under a Bayesian Network","2024","Sustainability (Switzerland)","16","14","5840","","","2","10.3390/su16145840","https://www.scopus.com/inward/record.uri?eid=2-s2.0-85199539187&doi=10.3390%2Fsu16145840&partnerID=40&md5=fc43f7ecd1aaf9451fe80e7c215d5876","School of Business, Sejong University, Seoul, 05006, South Korea","Chun B.J., School of Business, Sejong University, Seoul, 05006, South Korea","This study examines causal relationships among various short- and long-term interest rates in the Korean financial market to identify transmission channels. Monthly time series data from January 2015 to February 2024 were used, covering nine interest rates, including call rates, commercial paper (CP) rates, bank lending rates, and Treasury bond yields of different maturities. The study employs a Bayesian network to identify an acyclic causal structure between interest rates alongside a vector error correction model (VECM) to capture long-term equilibrium relationships and short-term dynamics. The findings reconfirm the traditional call rate transmission mechanism, aligning with conventional monetary policy views, demonstrating the call rate’s significant influence on bank lending rates, which affects corporate bond spreads and CP rates. Additionally, it reveals that 10-year Treasury bond yields form an independent interest rate transmission pathway, a finding not previously identified in the literature. These results underscore the need for coordinated monetary and fiscal policies due to the distinct transmission pathways of Treasury yields for sustainable macroeconomic management and growth. © 2024 by the author.","Bayesian network; directed acyclic graph; fiscal policy; interest rate transmission path; Korean financial markets; monetary policy","Korea; Bayesian analysis; financial market; fiscal policy; interest rate; literature review","B.J. Chun; School of Business, Sejong University, Seoul, 05006, South Korea; email: bionjochun@sejong.ac.kr","","Multidisciplinary Digital Publishing Institute (MDPI)","20711050","","","","English","Sustainability","Article","Final","All Open Access; Gold Open Access","Scopus","2-s2.0-85199539187"
"Malik N.; Kashiramka S.","Malik, Neha (58939929800); Kashiramka, Smita (57196354473)","58939929800; 57196354473","“Impact of ESG disclosure on firm performance and cost of debt: Empirical evidence from India”","2024","Journal of Cleaner Production","448","","141582","","","90","10.1016/j.jclepro.2024.141582","https://www.scopus.com/inward/record.uri?eid=2-s2.0-85187791317&doi=10.1016%2Fj.jclepro.2024.141582&partnerID=40&md5=959ea57c87dcbc3fda86feb566881c29","Department of Management Studies, Indian Institute of Technology Delhi, Vishwakarma Bhawan, Hauz Khas, New Delhi, 110016, India","Malik N., Department of Management Studies, Indian Institute of Technology Delhi, Vishwakarma Bhawan, Hauz Khas, New Delhi, 110016, India; Kashiramka S., Department of Management Studies, Indian Institute of Technology Delhi, Vishwakarma Bhawan, Hauz Khas, New Delhi, 110016, India","Despite several research evaluating the connection between sustainability and the bottom line of firms, the existing research is inconclusive. In addition, most studies focus on multinational firms based in the United States or Europe, while research in the context of emerging economies is scant. This paper endeavours to investigate the strength of the association between Environment, Social and Governance (ESG) disclosure scores and the financial performance of 272 Indian firms listed on National Stock Exchange for the period 2015 to 2021 by employing panel data regression techniques. The results indicate that organisations having better ESG performance outperform their industry peers financially and are valued more by the market. Moreover, the data indicates that financial markets for lenders consider ESG disclosure when determining creditworthiness. In accordance with this, businesses can examine their operations and become more aligned with eco-friendly methods. Even though ESG disclosure appears to be associated with improved financial success, this is not the case across all industries and during COVID-19 pandemic. This study is relevant due to the growing significance of sustainability and the role of emerging nations in international commerce. It helps managers prioritize resource allocations to ESG-related activities that may affect financial performance differently across industry sectors, thus adding to the literature on the financial effects of ESG disclosures, particularly industry-specific aspects. This research represents a pioneering effort by assessing the impact of ESG disclosure on the profitability, market value, and cost of financing of Indian firms using both aggregation and disaggregation methods. © 2024 Elsevier Ltd","Cost of debt; ESG disclosure; Firm performance; India; Sustainability; Tobin's Q","Commerce; COVID-19; Financial markets; Cost of debt; Emerging economies; Environment, social and governance disclosure; Financial performance; Firm Performance; India; Indian firms; Multinational firms; Stock exchange; Tobin Q; Sustainable development","N. Malik; Department of Management Studies, Indian Institute of Technology Delhi, New Delhi, Vishwakarma Bhawan, Hauz Khas, 110016, India; email: Neha.Malik@dms.iitd.ac.in","","Elsevier Ltd","09596526","","JCROE","","English","J. Clean. Prod.","Article","Final","","Scopus","2-s2.0-85187791317"
"Rizzato F.; Fiandrino S.; Tonelli A.; La Barbera G.","Rizzato, Fabio (57188991207); Fiandrino, Simona (57203204570); Tonelli, Alberto (57221539945); La Barbera, Giorgia (60284973700)","57188991207; 57203204570; 57221539945; 60284973700","Climate Change Mitigation Takes the Lead: EU Taxonomy-Aligned and Eligible Activities in Relation to Debt Financing","2026","Business Strategy and the Environment","","","","","","0","10.1002/bse.70493","https://www.scopus.com/inward/record.uri?eid=2-s2.0-105026715789&doi=10.1002%2Fbse.70493&partnerID=40&md5=f488b3484393a8832fe86312265d01e8","University of Turin, Department of Management Valter Cantino, Corso Unione Sovietica, 218 Bis, Torino, Italy","Rizzato F., University of Turin, Department of Management Valter Cantino, Corso Unione Sovietica, 218 Bis, Torino, Italy; Fiandrino S., University of Turin, Department of Management Valter Cantino, Corso Unione Sovietica, 218 Bis, Torino, Italy; Tonelli A., University of Turin, Department of Management Valter Cantino, Corso Unione Sovietica, 218 Bis, Torino, Italy; La Barbera G., University of Turin, Department of Management Valter Cantino, Corso Unione Sovietica, 218 Bis, Torino, Italy","This study assesses the degree of alignment with and eligibility to the EU Taxonomy of non-financial firms and investigates its relationship with their Cost of Debt (CoD). The empirical analysis is based on a sample of 306 non-financial firms listed on the Stoxx Europe 600 Index across 15 European countries. Taxonomy-related data were manually collected from firms' 2023 annual reports to develop novel EU Taxonomy-weighted indices capturing both alignment and eligibility across Turnover, capital expenditure (CapEx), and operational expenditure (OpEx). Results reveal that, on average, firms align only a limited portion of their economic activities with the EU Taxonomy's requirements. Initiatives implementing the EU Taxonomy have primarily concentrated on climate change mitigation, while progress on adaptation and other environmental objectives has remained considerably limited. The findings also show that firms with a higher proportion of the EU Taxonomy-aligned Turnover benefit from lower borrowing costs, suggesting that financial markets perceive these firms as less risky and more transition-ready. © 2026 The Author(s). Business Strategy and the Environment published by ERP Environment and John Wiley & Sons Ltd.","climate change adaptation; climate change mitigation; cost of debt; EU Taxonomy; sustainability reporting; sustainable finance","","S. Fiandrino; University of Turin, Department of Management Valter Cantino, Corso Unione Sovietica, 218 Bis, Torino, Italy; email: simona.fiandrino@unito.it","","John Wiley and Sons Ltd","09644733","","","","English","Bus. Strategy Environ.","Article","Article in press","All Open Access; Hybrid Gold Open Access","Scopus","2-s2.0-105026715789"
"Liu C.-L.; Tsui C.-K.","Liu, Chih-Liang (16031555400); Tsui, Chih-Kai (60239133800)","16031555400; 60239133800","ESG and bank loan cost","2026","Finance Research Letters","91","","109395","","","0","10.1016/j.frl.2025.109395","https://www.scopus.com/inward/record.uri?eid=2-s2.0-105026246902&doi=10.1016%2Fj.frl.2025.109395&partnerID=40&md5=c1ba72c92bc32d5f248e11ce6e783f67","School of Management, Finance Department, National Yunlin University of Science and Technology, Yunlin, 64002, Taiwan","Liu C.-L., School of Management, Finance Department, National Yunlin University of Science and Technology, Yunlin, 64002, Taiwan; Tsui C.-K., School of Management, Finance Department, National Yunlin University of Science and Technology, Yunlin, 64002, Taiwan","This study examines whether Environmental, Social, and Governance (ESG) performance influences bank lending conditions. Using 2916 firm-loan observations from 2016 to 2023 in Taiwan, we find that superior ESG performance significantly reduces loan interest rates and collateral requirements. Comprehensive ESG scores demonstrate substantial effects on both lending dimensions, with social responsibility proving most influential for interest rate reductions and environmental performance most effective for collateral relief. Exploiting the COVID-19 pandemic as an exogenous shock through difference-in-differences methodology, we provide causal evidence that ESG performance functions as crisis-resilience insurance. High-ESG firms secured considerable interest rate and collateral advantages during the pandemic, with governance quality emerging as the most influential dimension during crisis periods. Our findings advance sustainable finance literature by providing the first comprehensive analysis of ESG effects across multiple lending dimensions simultaneously. © 2025 Elsevier Inc. All rights are reserved.","Bank loan; COVID-19 pandemic; ESG","","C.-K. Tsui; School of Management, Finance Department, National Yunlin University of Science and Technology, Douliu City, 123 University Road, Section 3, Yunlin County, 64002, Taiwan; email: D10224006@yuntech.edu.tw","","Elsevier Ltd","15446123","","","","English","Finan. Res. Lett.","Article","Final","","Scopus","2-s2.0-105026246902"
"Alshareef M.N.","Alshareef, Mohammed Naif (57193668529)","57193668529","Event-Time Effects of R&D Intensity and Green Financing Complementarities on Capital Costs, Valuation, and Green Innovation in S&P 500 Firms","2025","Sustainability (Switzerland)","17","22","10424","","","0","10.3390/su172210424","https://www.scopus.com/inward/record.uri?eid=2-s2.0-105023682265&doi=10.3390%2Fsu172210424&partnerID=40&md5=b0d9229af98f7ec4f2f86310f8fce7be","Department of Accounting, College of Business and Economics, Umm Al-Qura University, Makkah P.O. Box 715, Saudi Arabia","Alshareef M.N., Department of Accounting, College of Business and Economics, Umm Al-Qura University, Makkah P.O. Box 715, Saudi Arabia","This study tests whether labeled green and sustainability-linked financing complements firms’ R&D to lower the weighted average cost of capital (WACC), raise valuation, and shift innovation toward climate mitigation technologies. Using a 2012–2024 panel of S&P 500 constituents with complete coverage, this study applies a staggered-adoption difference-in-differences design with interaction-weighted event-time estimators and entropy balancing; WACC is decomposed into equity and debt components, valuation is measured by Tobin’s Q, and innovation outcomes cover patent counts and the CPC Y02 share, with matched-bond and secondary-market comparisons for the debt channel. Within two years of first-time adoption, this study observes a meaningful decline in WACC (approximately 40–60 bp) driven mainly by the cost of debt, alongside higher valuation and increased innovation intensity with a larger Y02 share. Effects are larger where R&D intensity is higher and are strongest for use-of-proceeds green bonds and for sustainability-linked contracts with material KPIs and non-trivial step-ups. These results indicate that labeled financing is most effective when aligned with credible R&D pipelines and verification mechanisms, clarifying its governance role in corporate sustainability strategies. © 2025 by the author.","capital structure; green bonds; innovation; R&D intensity; sustainability-linked instruments","debt; equity; green economy; innovation; research and development; sustainability","M.N. Alshareef; Department of Accounting, College of Business and Economics, Umm Al-Qura University, Makkah P.O. Box 715, Saudi Arabia; email: mnlshareef@uqu.edu.sa","","Multidisciplinary Digital Publishing Institute (MDPI)","20711050","","","","English","Sustainability","Article","Final","All Open Access; Gold Open Access","Scopus","2-s2.0-105023682265"
"Liu J.; Ahmad M.I.; Ahmad M.; Nevi G.; Cucari N.","Liu, Jili (57315200600); Ahmad, Muhammad Ishfaq (36571432500); Ahmad, Muneeb (58276872100); Nevi, Giulia (58132849900); Cucari, Nicola (57193904859)","57315200600; 36571432500; 58276872100; 58132849900; 57193904859","Corporate Governance and Cost of Debt: Mediating Role of Environmental, Social, and Governance Disclosure","2025","Sustainable Development","33","4","","5458","5469","5","10.1002/sd.3418","https://www.scopus.com/inward/record.uri?eid=2-s2.0-86000236961&doi=10.1002%2Fsd.3418&partnerID=40&md5=402387a051022ef79abb6f630764bddc","Business School, Hubei University, Wuhan, China; Teesside International Business School, Teesside University, Middlesbrough, United Kingdom; Northeastern University, Shenyang, China; Department of Management Studies, Università Politecnica delle Marche, Ancona, Italy; Department of Management, Sapienza University of Rome, Rome, Italy","Liu J., Business School, Hubei University, Wuhan, China; Ahmad M.I., Teesside International Business School, Teesside University, Middlesbrough, United Kingdom; Ahmad M., Northeastern University, Shenyang, China; Nevi G., Department of Management Studies, Università Politecnica delle Marche, Ancona, Italy; Cucari N., Department of Management, Sapienza University of Rome, Rome, Italy","This study examines the direct relationship between corporate governance (including board gender diversity, board independence, insider ownership, institutional ownership, and foreign ownership), ESG disclosure, and the cost of debt. Drawing on stakeholder, agency, and signaling theories, the study extends its analysis to examine the mediating effect of ESG disclosure in the relationship between corporate governance and the cost of debt. Using a sample from nine sectors of the Chinese economy, the results show that most board characteristics are negatively related to the cost of debt, except for insider ownership, which shows a significant positive relationship. In addition, ESG disclosure is found to significantly reduce the cost of debt and serves as a mediator between corporate governance and the cost of debt. This study makes a unique contribution by highlighting the mediating role of ESG disclosure in the relationship between corporate governance and the cost of debt. © 2025 ERP Environment and John Wiley & Sons Ltd.","board gender diversity; cost of debt; ESG disclosure; foreign ownership; institutional investors","corporate strategy; cost; debt; firm ownership; gender relations; governance approach","N. Cucari; Department of Management, Sapienza University of Rome, Rome, Italy; email: nicola.cucari@uniroma1.it","","John Wiley and Sons Ltd","09680802","","","","English","Sustainable Dev.","Article","Final","All Open Access; Bronze Open Access","Scopus","2-s2.0-86000236961"
"Morduch J.; Ogden T.","Morduch, Jonathan (6603408964); Ogden, Timothy (57211537065)","6603408964; 57211537065","What win-win lost: rethinking microfinance subsidy in the past and designing for the future","2024","Oxford Review of Economic Policy","40","1","","44","53","5","10.1093/oxrep/grad056","https://www.scopus.com/inward/record.uri?eid=2-s2.0-85188150810&doi=10.1093%2Foxrep%2Fgrad056&partnerID=40&md5=e0318154a8683707275af8a7eb1b21ef","Wagner Graduate School of Public Service, New York University, United States; Financial Access Initiative, Wagner Graduate School of Public Service, New York University, United States","Morduch J., Wagner Graduate School of Public Service, New York University, United States; Ogden T., Financial Access Initiative, Wagner Graduate School of Public Service, New York University, United States","The modern microfinance industry was built on the idea that lenders could (and should) profit while serving poor and excluded customers. This idea - that lenders could 'win' while customers would also 'win' - inspired the broader field of social enterprise and opened possibilities for business-driven responses to social problems. However, in hindsight it is possible to see that not only was the idea flawed - important claims underpinning the core idea have failed to find empirical support - but the lingering belief that 'win-win' was right continues to handicap not only financial inclusion and consumer protection policies, but the social investment and finance industry as a whole. The win-win formulation was driven by the assertion that customers would be indifferent to the level of interest rates on loans and that it was simply access to finance that mattered most to customers. The argument was used to justify charging the highest interest rates to the most operationally expensive customers, who turned out to not coincidentally be the poorest customers. However, studies show that customers are indeed sensitive to interest rates and that high interest rates discourage borrowers. Moreover, despite charging high rates, financial data show that most lenders failed to earn profit after fully accounting for the subsidies received from donors and social investors. Microfinance and the social investment industry it helped spawn remain important tools for addressing poverty and inequality, but both sectors are overdue for a transparent reckoning of the roles of subsidy (including its benefits) and greater recognition of the potential for exclusion caused by high prices and the drive for profitability or 'sustainability'. Muddled thinking on subsidy and prices handicapped the past but does not need to handicap the future.  © 2024 The Author(s). Published by Oxford University Press on behalf of The Oxford Review of Economic Policy Ltd.","interest rates; microcredit; social investment; subsidy","design; future prospect; interest rate; investment; microfinance; subsidy system","","","Oxford University Press","0266903X","","","","English","Oxf. Rev. Econ. Policy","Article","Final","","Scopus","2-s2.0-85188150810"
"Liao L.; Wang C.; Wen H.-X.; Nie P.-Y.; Huang Y.","Liao, Lianggui (57224321392); Wang, Chan (56497370700); Wen, Hong-Xing (57216586497); Nie, Pu-Yan (7003830925); Huang, Ying (58547520000)","57224321392; 56497370700; 57216586497; 7003830925; 58547520000","The Impact and Mechanism of the COVID-19 Pandemic on Corporate Financing: Evidence from Listed Companies in China","2023","Sustainability (Switzerland)","15","2","1032","","","5","10.3390/su15021032","https://www.scopus.com/inward/record.uri?eid=2-s2.0-85168700282&doi=10.3390%2Fsu15021032&partnerID=40&md5=e41a2490371acdc522392adc2ef0fcb4","School of Finance, Guangdong University of Finance and Economics, Guangzhou, 510320, China; School of Economics, Guangdong University of Finance and Economics, Guangzhou, 510320, China","Liao L., School of Finance, Guangdong University of Finance and Economics, Guangzhou, 510320, China; Wang C., School of Economics, Guangdong University of Finance and Economics, Guangzhou, 510320, China; Wen H.-X., School of Economics, Guangdong University of Finance and Economics, Guangzhou, 510320, China; Nie P.-Y., School of Economics, Guangdong University of Finance and Economics, Guangzhou, 510320, China; Huang Y., School of Economics, Guangdong University of Finance and Economics, Guangzhou, 510320, China","The unexpected emergence of COVID-19 has placed businesses throughout the globe under considerable financial hardship, and financial constraints are a significant barrier to business expansion, particularly in developing countries with insufficient credit markets. Using yearly data for Chinese listed businesses from 367 cities, we examine the impact of COVID-19 on financial restrictions and the corresponding mechanisms of action by using a difference-in-differences (DID) methodology. We discover that COVID-19 leads to a significant increase of 0.117 in the KZ index of listed firms, i.e., an increase in financing constraints, and this result is consistent with various robustness tests. We also show that COVID-19 considerably lowers a company’s capacity to obtain external financing by increasing debt costs and deterring commercial credit. The pandemic significantly reduced the company’s commercial credit by 0.008 and increased debt costs by 0.2%. Moreover, the data demonstrate variation across industries, business ownership, and firm scale. Our findings indicate that decreasing information asymmetries facilitate successful adaptation to and recovery from external shocks. Our analysis suggests that governments should promulgate policies that are conducive to corporate financing to help companies maintain development during the outbreak of the epidemic and ensure economic sustainability. © 2023 by the authors.","commercial credit; COVID-19; debt costs; financial constraints; pandemic lockdown","China; commercial activity; COVID-19; credit provision; debt; financial system; firm ownership; policy approach","C. Wang; School of Economics, Guangdong University of Finance and Economics, Guangzhou, 510320, China; email: wangchan0512@163.com","","Multidisciplinary Digital Publishing Institute (MDPI)","20711050","","","","English","Sustainability","Article","Final","All Open Access; Gold Open Access; Green Open Access","Scopus","2-s2.0-85168700282"
"Fransisca F.; Pratama A.; Muhammad K.","Fransisca, Fransisca (59545567600); Pratama, Arie (57193454822); Muhammad, Kamaruzzaman (56926348400)","59545567600; 57193454822; 56926348400","Does Sustainability Pay Off? Examining Governance, Performance, and Debt Costs in Southeast Asian Companies (A Survey of Public Companies in Indonesia, Malaysia, Singapore, and Thailand for the 2021–2023 Period)","2025","Journal of Risk and Financial Management","18","7","377","","","2","10.3390/jrfm18070377","https://www.scopus.com/inward/record.uri?eid=2-s2.0-105011758577&doi=10.3390%2Fjrfm18070377&partnerID=40&md5=6e9e944a44ecb18f064b2528eb3d4a6c","Department of Accounting, Faculty of Economics and Business, Universitas Padjadjaran, Bandung, 40132, Indonesia; Faculty of Accountancy, Universiti Teknologi MARA, Cawangan Selangor, Puncak Alam, 42300, Malaysia","Fransisca F., Department of Accounting, Faculty of Economics and Business, Universitas Padjadjaran, Bandung, 40132, Indonesia; Pratama A., Department of Accounting, Faculty of Economics and Business, Universitas Padjadjaran, Bandung, 40132, Indonesia; Muhammad K., Faculty of Accountancy, Universiti Teknologi MARA, Cawangan Selangor, Puncak Alam, 42300, Malaysia","Sustainability performance is an important criterion for investors and lenders when making financing decisions. This study aims to analyze whether sustainability governance influences sustainability performance and the extent to which sustainability performance affects a company’s cost of debt. This study analyzed 209 publicly listed companies in Indonesia, Malaysia, Singapore, and Thailand. Sustainability governance was measured using two proxies from the Refinitiv Eikon database: (1) the existence of a sustainability committee and (2) the existence of sustainability assurance. Sustainability performance and the cost of debt were assessed using scores obtained from the same database. Quantitative analysis was performed using descriptive statistics, ANOVA, and structural equation modeling (SEM) with path analysis. The results showed that sustainability governance has a strong positive impact on sustainability performance. However, the results also show that higher sustainability performance leads to a higher cost of debt. This finding suggests that companies that integrate sustainability into their core business strategies face challenges in obtaining funding to support sustainability initiatives. This research implies that a well-developed sustainable ecosystem needs to be established before companies can realize a lower cost of debt. © 2025 by the authors.","cost of debt; governance; performance; Southeast Asia; sustainability","","A. Pratama; Department of Accounting, Faculty of Economics and Business, Universitas Padjadjaran, Bandung, 40132, Indonesia; email: arie.pratama@unpad.ac.id","","Multidisciplinary Digital Publishing Institute (MDPI)","19118074","","","","English","J. Risk. Financ. Manag.","Article","Final","All Open Access; Hybrid Gold Open Access","Scopus","2-s2.0-105011758577"
"Owolabi A.; Mousavi M.M.; Gozgor G.; Li J.","Owolabi, Ayotola (59348871900); Mousavi, Mohammad Mahdi (56536125500); Gozgor, Giray (36894574000); Li, Jing (38862017200)","59348871900; 56536125500; 36894574000; 38862017200","The impact of carbon risk on the cost of debt in the listed firms in G7 economies: The role of the Paris agreement","2024","Energy Economics","139","","107925","","","15","10.1016/j.eneco.2024.107925","https://www.scopus.com/inward/record.uri?eid=2-s2.0-85205309874&doi=10.1016%2Fj.eneco.2024.107925&partnerID=40&md5=8271db196bfa1d829d3c0d6d65b71aaf","School of Management, University of Bradford, Bradford, United Kingdom","Owolabi A., School of Management, University of Bradford, Bradford, United Kingdom; Mousavi M.M., School of Management, University of Bradford, Bradford, United Kingdom; Gozgor G., School of Management, University of Bradford, Bradford, United Kingdom; Li J., School of Management, University of Bradford, Bradford, United Kingdom","The Paris Agreement, signed in 2015, sets ambitious goals for diminishing greenhouse gas emissions and restricting the rise in global temperature to achieve a less carbon-intensive and climate-resilient global economy. The Paris Agreement marked a defining moment in the worldwide response to global warming and has significantly affected the financial sector. Given this background, this research explores the effects of carbon risk on the cost of debt (CoD) in 1428 listed firms across seven economies from 2011 to 2020. The paper also reflects the post-Paris Agreement's involvement and the ESG factors' moderating effect in the empirical models. The study finds a significant impact of carbon risk on CoD following the implementation of the Paris Agreement. Notably, companies with higher carbon risk face higher borrowing rates. However, the effect of ESG on moderating the relationship between carbon risk and CoD is found to be insignificant. Further analyses confirm this finding, as individual pillars of ESG (governance and social aspects) also show insignificant moderating effects. © 2024 The Authors","Carbon risk; Cost of debt; ESG factors; Paris agreement","Carbon cycle; Carbon sequestration; Carbon risk; Cost of debt; Effect of carbons; ESG factor; Financial sectors; Global economies; Global temperatures; Greenhouse gas emissions; Moderating effect; Paris agreement; cost analysis; debt; environmental economics; financial system; global economy; global warming; governance approach; high temperature; industrial production; international agreement; pollution tax; risk assessment; Greenhouse gas emissions","A. Owolabi; School of Management, University of Bradford, Bradford, United Kingdom; email: aaowolab@student.bradford.ac.uk","","Elsevier B.V.","01409883","","EECOD","","English","Energy Econ.","Article","Final","All Open Access; Green Open Access; Hybrid Gold Open Access","Scopus","2-s2.0-85205309874"
"Gao H.; He J.; Li Y.","Gao, Hao (57204528087); He, Jing (57214886763); Li, Yong (57188823799)","57204528087; 57214886763; 57188823799","Media spotlight, corporate sustainability and the cost of debt","2022","Applied Economics","54","34","","3989","4005","46","10.1080/00036846.2021.2020710","https://www.scopus.com/inward/record.uri?eid=2-s2.0-85124336267&doi=10.1080%2F00036846.2021.2020710&partnerID=40&md5=639c8eef0bceb4fa30ce47011efd1c8b","PBC School of Finance, Tsinghua University, Beijing, China; School of Banking and Finance, University of International Business and Economics, Beijing, China","Gao H., PBC School of Finance, Tsinghua University, Beijing, China; He J., PBC School of Finance, Tsinghua University, Beijing, China; Li Y., School of Banking and Finance, University of International Business and Economics, Beijing, China","In this study, we examine the effect of media spotlight of corporate environmental, social, and governance (ESG) performance on corporate debt financing. We use the most influential media firm’s rankings of corporate ESG performance from 2009 to 2017 as a proxy of media spotlight. Positive media ESG spotlight significantly reduces firms’ cost of debt through enhancing reputation in supply chains, reducing financial risk and increasing corporate transparency. Media ESG spotlight plays a more important role for firms with poor corporate governance and firms located in provinces with more serious pollution. © 2022 Informa UK Limited, trading as Taylor & Francis Group.","corporate social responsibility; cost of debt; ESG; Media","corporate social responsibility; cost; debt; finance; mass media; sustainability","Y. Li; School of Banking and Finance, University of International, Business and Economics, Beijing, 100029, China; email: yongli@uibe.edu.cn","","Routledge","00036846","","","","English","Appl. Econ.","Article","Final","","Scopus","2-s2.0-85124336267"
"Feng Z.; Wu Z.","Feng, Zifeng (57200546256); Wu, Zhonghua (59816867100)","57200546256; 59816867100","ESG Disclosure, REIT Debt Financing and Firm Value","2023","Journal of Real Estate Finance and Economics","67","3","","388","422","128","10.1007/s11146-021-09857-x","https://www.scopus.com/inward/record.uri?eid=2-s2.0-85113448848&doi=10.1007%2Fs11146-021-09857-x&partnerID=40&md5=4b11ef81c80615fbe24655efe0e94cd9","Department of Economics and Finance, The University of Texas At El Paso, 500 W. University Ave, El Paso, 79968, TX, United States; Hollo School of Real Estate, Florida International University, 1101 Brickell Ave, Miami, 33131, FL, United States","Feng Z., Department of Economics and Finance, The University of Texas At El Paso, 500 W. University Ave, El Paso, 79968, TX, United States; Wu Z., Hollo School of Real Estate, Florida International University, 1101 Brickell Ave, Miami, 33131, FL, United States","Using recently available GRESB ESG public disclosure data for REITs around the world, we examine how ESG disclosure is related to REIT debt financing and firm value. We find that REITs with higher levels of ESG disclosure have lower cost of debt, higher credit ratings, and higher unsecured debt to total debt ratio, controlling for key firm characteristics. These findings suggest that improving ESG disclosure can help REITs to gain better access to the capital markets and enhance corporate financial flexibility, as lenders have paid close attention to a firm’s ESG disclosure and integrated evaluation of ESG factors into their lending decisions. Moreover, firm value of REITs is positively associated with their ESG disclosure level. When using the Covid-19 pandemic as a quasi-experimental setting, we find evidence that REITs with higher ESG disclosure levels before the pandemic exhibit higher firm value during the pandemic. These results indicate that investors do value active ESG disclosure by REITs. Additional analyses show that ESG disclosure level is sensitive to institutional ownership, implying that institutional investors may drive REIT ESG disclosure efforts. Taken together, this paper suggests that effective ESG disclosure can have a positive impact on REIT debt financing and firm value due to the increased corporate transparency, and the ESG reporting framework developed by GRESB appears to be effective to provide transparency and comparability across the global real estate industry. © 2021, The Author(s), under exclusive licence to Springer Science+Business Media, LLC, part of Springer Nature.","Debt financing; ESG disclosure; Financial flexibility; Firm value","","Z. Wu; Hollo School of Real Estate, Florida International University, Miami, 1101 Brickell Ave, 33131, United States; email: wuz@fiu.edu","","Springer","08955638","","","","English","J. Real Estate Financ. Econ.","Article","Final","All Open Access; Bronze Open Access; Green Open Access","Scopus","2-s2.0-85113448848"
"Al Barrak T.; Chebbi K.; Aljughaiman A.A.; Albarrak M.","Al Barrak, Thamir (58476320600); Chebbi, Kaouther (57201781419); Aljughaiman, Abdullah A. (8364836700); Albarrak, Mohammed (57208001988)","58476320600; 57201781419; 8364836700; 57208001988","Exploring the Interplay between Sustainability and Debt Costs in an Emerging Market: Does Financial Distress Matter?","2023","Sustainability (Switzerland)","15","12","9273","","","17","10.3390/su15129273","https://www.scopus.com/inward/record.uri?eid=2-s2.0-85164169655&doi=10.3390%2Fsu15129273&partnerID=40&md5=7a710599c5adee37c34f8fa2cf7ef917","Accounting Department, Business School, King Faisal University, Al-Ahsa, 31982, Saudi Arabia; Finance Department, Business School, King Faisal University, Al-Ahsa, 31982, Saudi Arabia","Al Barrak T., Accounting Department, Business School, King Faisal University, Al-Ahsa, 31982, Saudi Arabia; Chebbi K., Finance Department, Business School, King Faisal University, Al-Ahsa, 31982, Saudi Arabia; Aljughaiman A.A., Finance Department, Business School, King Faisal University, Al-Ahsa, 31982, Saudi Arabia; Albarrak M., Finance Department, Business School, King Faisal University, Al-Ahsa, 31982, Saudi Arabia","Embracing corporate sustainability has emerged as a crucial strategy for companies to bolster their competitive edge and reputation. This research delves into the connection between environmental, social, and governance practices (ESG) and the cost of debt, as well as the moderating role of financial distress within this connection. By analyzing data from Saudi-listed firms between 2013 and 2021, we discovered that ESG practices have a notable negative impact on borrowing costs. This implies that organizations with increased transparency in their ESG disclosure gain access to external financial resources under more favorable terms. Additionally, we observed that the effect of ESG on the cost of debt is significantly and negatively moderated by the financial distress encountered by a firm. To bolster the credibility of these findings, dynamic generalized method of moments (GMM) models were utilized to address any potential endogeneity concerns, thereby enhancing the strength and resilience of the outcomes. The findings of this paper hold substantial value for investors, lenders, corporate management, and policymakers when considering the implementation and significance of a company’s ESG practices. © 2023 by the authors.","cost of debt; emerging market; ESG; financial distress; sustainability","debt; exploration; financial system; policy making; sustainability","M. Albarrak; Finance Department, Business School, King Faisal University, Al-Ahsa, 31982, Saudi Arabia; email: malbarrak@kfu.edu.sa","","Multidisciplinary Digital Publishing Institute (MDPI)","20711050","","","","English","Sustainability","Article","Final","All Open Access; Gold Open Access; Green Open Access","Scopus","2-s2.0-85164169655"
"Roy P.K.; Halder K.; Danish M.S.","Roy, Pranith Kumar (57221476851); Halder, Kamalika (60031787800); Danish, Mohd Shadab (57208579437)","57221476851; 60031787800; 57208579437","Do Sustainable Operations through Energy Effectiveness Reduce Cost of Debt in Medium and High-tech Industries? Evidence from an Emerging Economy","2025","Economics of Energy and Environmental Policy","14","1","","1","27","0","10.5547/2160-5890.14.1.proy","https://www.scopus.com/inward/record.uri?eid=2-s2.0-105012744032&doi=10.5547%2F2160-5890.14.1.proy&partnerID=40&md5=9498dd5fc8644a981b7876546c29560e","Finance and Accounts Area Indian Institute of Management Raipur, Abhanpur (Kurru), Chhattisgarh, Atal Nagar, Naya Raipur, 493661, India; Department of Management Studies and Industrial Engineering, Indian Institute of Technology (ISM), Dhanbad, IIT ISM Rd, Patel Nagar, Kalyanpur, Jharkhand, Dhanbad, 826004, India","Roy P.K., Finance and Accounts Area Indian Institute of Management Raipur, Abhanpur (Kurru), Chhattisgarh, Atal Nagar, Naya Raipur, 493661, India; Halder K., Department of Management Studies and Industrial Engineering, Indian Institute of Technology (ISM), Dhanbad, IIT ISM Rd, Patel Nagar, Kalyanpur, Jharkhand, Dhanbad, 826004, India; Danish M.S., Finance and Accounts Area Indian Institute of Management Raipur, Abhanpur (Kurru), Chhattisgarh, Atal Nagar, Naya Raipur, 493661, India","Access to low-cost finance is a significant factor influencing firms’ investment decisions in research and development, which is crucial for corporate success. The goal becomes critical when the firm’s sustainability policy channels energy consumption, resulting in optimal capital allocation for new, resource-efficient technologies. Despite its significant relevance in policymaking, there has been little academic study on the potential influence of energy efficiency on enterprises’ cost of debt, particularly in emerging countries such as India. To gain a deeper understanding, this study examines the impact of a firm’s energy efficiency, a strategic step in sustainable operational practices, on the cost of debt for high-and medium-tech firms in India. For this purpose, we conducted a panel data analysis using 7,603 observations classified as high and medium tech from 2010 to 2022, employing two-stage least squares Tobit regression models. The findings show that firms with policies on energy efficiency measures could benefit from lower borrowing costs in their financing decisions. The findings reveal a curvilinear relationship between firms’ energy efficiency and the cost of debt in both the high-tech and medium-tech sectors, suggesting that efficient energy consumption can yield financial advantages beyond a certain point, after which a diminishing effect may occur. However, the findings do not hold when firms are less energy efficient and ownership changes to foreign control. The insights of the study may guide firms in developing countries in formulating their energy policy toward environmental sustainability, designing an effective ownership structure, and allocating resources while reducing financing expenses, thus aligning corporate interests with economic objectives. Financial institutions can also leverage these outcomes when formulating a lending policy that considers firms’ energy efficiency. © 2025 by the IAEE. All rights reserved.","Cost of Debt; Energy efficiency; High-Tech; Medium-Tech; Sustainable Operation","","P.K. Roy; Finance and Accounts Area Indian Institute of Management Raipur, Atal Nagar, Naya Raipur, Abhanpur (Kurru), Chhattisgarh, 493661, India; email: pkroy@iimraipur.ac.in","","International Association for Energy Economics","21605882","","","","English","Econ. Energy Environ. Policy","Article","Final","","Scopus","2-s2.0-105012744032"
"Boachie C.; Tetteh J.E.","Boachie, Christopher (57189379170); Tetteh, Joseph Emmanuel (57220642287)","57189379170; 57220642287","Do creditors value corporate social responsibility disclosure? Evidence from Ghana","2021","International Journal of Ethics and Systems","37","3","","466","485","9","10.1108/IJOES-11-2020-0181","https://www.scopus.com/inward/record.uri?eid=2-s2.0-85109016254&doi=10.1108%2FIJOES-11-2020-0181&partnerID=40&md5=b80f74d313aeabe5d737ff25d6a113eb","Department of Banking and Finance, Central University, Accra, Ghana; Central University, Accra, Ghana","Boachie C., Department of Banking and Finance, Central University, Accra, Ghana; Tetteh J.E., Central University, Accra, Ghana","Purpose: Drawing on risk mitigation theory, this study aims to examine the link between corporate social responsibility (CSR) disclosure and the cost of debt financing (CDF). In particular, this paper seeks to determine whether firms with higher CSR disclosure scores have a lower CDF. Design/methodology/approach: This paper uses a panel data analysis of non-financial Ghanaian firms listed on the Ghana Stock Exchange from 2006 to 2019. The CSR index constructed from firms’ annual reports and sustainability reports is used as a proxy for the extent of CSR information disclosures by Ghanaian companies. Findings: The empirical results demonstrate that CDF is positively related to CSR disclosure scores. Besides, the results show that the levels of long-term debt increase with CSR disclosure in a highly risky industry. However, the finding does not meet the lenders’ expectations in terms of CSR attracting favourable debt financing sources. Research limitations/implications: The research is based only on the quantity of the CSR information disclosed by Ghanaian companies and does not account for the quality of the CSR disclosures. The empirical model omits some control variables such as the age of the firm and external business conditions. The results should not be generalized, as the sample was based on three listed industries in Ghana for 2006–2019. Originality/value: This study extends the scope of previous studies by examining the importance of CSR disclosures in financing decisions. More precisely, it focuses on the relatively little explored relationship between the extent of CSR disclosures and access to debt financing. Moreover, this study focuses on the rather interesting empirical setting of Ghana, which is characterized by its low level of CSR awareness. Achieving a better understanding of the effects of CSR information is useful for corporate managers desiring to meet lenders’ expectations and attract debt financing sources. © 2021, Emerald Publishing Limited.","Corporate social responsibility; Debt financing; Disclosure; Ghana","","C. Boachie; Department of Banking and Finance, Central University, Accra, Ghana; email: cboachie@gmail.com","","Emerald Group Holdings Ltd.","25149369","","","","English","Int. J. Ethics. Syst.","Article","Final","","Scopus","2-s2.0-85109016254"
"Hamrouni A.; Uyar A.; Boussaada R.","Hamrouni, Amal (55603739300); Uyar, Ali (24448916800); Boussaada, Rim (56069836800)","55603739300; 24448916800; 56069836800","Are corporate social responsibility disclosures relevant for lenders? Empirical evidence from France","2020","Management Decision","58","2","","267","279","115","10.1108/MD-06-2019-0757","https://www.scopus.com/inward/record.uri?eid=2-s2.0-85076837057&doi=10.1108%2FMD-06-2019-0757&partnerID=40&md5=3991a90f8f968ffbd73a5873f867373a","Department of Accounting and Finance, La Rochelle Business School, Excelia Group, La Rochelle, France; University of Poitiers, Poitiers, France; La Rochelle Business School, Excelia Group, La Rochelle, France; Faculty of Law, Economics and Management of Jendouba, University of Jendouba, Jendouba, Tunisia; GEF-2A Lab, Université de Tunis, Tunis, Tunisia","Hamrouni A., Department of Accounting and Finance, La Rochelle Business School, Excelia Group, La Rochelle, France, University of Poitiers, Poitiers, France; Uyar A., La Rochelle Business School, Excelia Group, La Rochelle, France; Boussaada R., Faculty of Law, Economics and Management of Jendouba, University of Jendouba, Jendouba, Tunisia, GEF-2A Lab, Université de Tunis, Tunis, Tunisia","Purpose: The purpose of this paper is to test whether or not CSR disclosure (i.e. aggregate as well as its three sub-indicators) reduces the cost of debt for French corporations listed in the SBF 120 index between 2010 and 2015. Design/methodology/approach: CSR disclosure ratings of firms were collected from the Bloomberg database under three dimensions such as environmental, social and governance (ESG). Then, a pooled regression analysis was run. Findings: The results indicate that overall CSR disclosure score as a combination of ESG disclosure scores has a negative effect on the cost of debt (i.e. lowers the cost of debt). While environmental disclosure is negatively associated with the cost of debt, social disclosure is unexpectedly positively associated, and governance disclosure has an insignificant association with the cost of debt. Research limitations/implications: The study has two main limitations. First, the analysis does not consider contractual constraints and obligations that might exist in debt contracts (Jung et al., 2018). Second, the analyses cover a specific time period (i.e. between 2010 and 2015) for a specific country (i.e. France) excluding utilities and the financial sector. Practical implications: Overall, it is inferred from the results that financial markets for lenders take into account CSR disclosure when assessing the creditworthiness of borrowers. Specifically, environmental disclosure is the only subdimension of CSR that is influential on creditors’ decisions to offer favorable interest rates. In line with this outcome, companies can assess their processes and be more aligned with eco-friendly practices, and investors are particularly advised to invest in those types of firms. Originality/value: This study extends scant literature on the association between CSR and the cost of debt by exploring how creditors treat CSR dimensions dissimilarly in granting loans to firms. The findings of this study have particular importance as financial debt is one of the most predominant forms of external financing. © 2019, Emerald Publishing Limited.","Cost of debt; Disclosure; Environmental; France; Governance; Social","","A. Uyar; La Rochelle Business School, Excelia Group, La Rochelle, France; email: aliuyar@hotmail.com","","Emerald Group Holdings Ltd.","00251747","","","","English","Manage. Decis.","Article","Final","","Scopus","2-s2.0-85076837057"
"Kacanski S.","Kacanski, Slobodan (57211459423)","57211459423","Impact of the sustainability development goals (SDGs) on the cost of debt: how does the reporting of sustainability goals affect cost of debt?","2025","Sustainability Accounting, Management and Policy Journal","","","","1","47","0","10.1108/SAMPJ-08-2024-0849","https://www.scopus.com/inward/record.uri?eid=2-s2.0-105024607350&doi=10.1108%2FSAMPJ-08-2024-0849&partnerID=40&md5=5d4fd47363b6e6e3d2b1ca5e273cd33d","Department of Social Sciences and Business, Roskilde University, Roskilde, Denmark","Kacanski S., Department of Social Sciences and Business, Roskilde University, Roskilde, Denmark","Purpose – This paper aims to investigate the impact of sustainability disclosures, specifically Sustainable Development Goals (SDGs), on the cost of debt for public interest entities. By focusing on individual SDG reporting rather than aggregated view, the study provides a more nuanced view of how non-financial disclosures are interpreted by financial institutions. The purpose is to uncover whether and how different SDGs are valued in lending decisions, thereby enhancing our understanding of the financial materiality of sustainability disclosures. Design/methodology/approach – This study used public company data from Denmark, Sweden and Finland for the period from 2015 to 2020, which are tested with panel data regression method. The study provides multiple robustness tests to ensure validity of the results. Findings – The findings of this study reveal that, besides of the fact that banks and other financial institutions generally acknowledge and reward companies for the efforts made in sustainability aspects, it becomes apparent that the relevance of all the goals is generally not equally perceived by the financial sector. The results here showcase that some goals can be positively perceived, while the other can have negative impact on financial expenses. Practical implications – This study offers practical implications for firms, investors and policymakers by demonstrating that SDG disclosures, when targeted, credible and aligned with industry-relevant goals, can reduce the cost of debt and support better financial decision-making. Specifically, consistent and transparent SDG reporting can strengthen a firm’s position in debt negotiations and enhance its credibility with lenders. Social implications – The study has important implications for practitioners, particularly supervisory board members and executives, as it emphasises the relevance of collectivity in actions around sustainable transformation. Originality/value – To the best of author’s knowledge, this study is the first to discuss the association between SDGs and the cost of debt. The results here encourage further discussion on legitimacy and stakeholder theory aspects of ESG disclosures. © 2025 Emerald Publishing Limited","Cost of debt; Non-financial reporting; Public interest entities; SDGs","","","","Emerald Publishing","20408021","","","","English","Sustainability Account. Manage. Policy J.","Article","Article in press","","Scopus","2-s2.0-105024607350"
"Özşahin-Koç F.; Deran A.","Özşahin-Koç, Filiz (59012121100); Deran, Ali (57190408290)","59012121100; 57190408290","The Impact of Carbon Emissions on Corporate Cost of Debt (COD): A Research on Borsa İstanbul (BIST) Sustainability Index; [Karbon Emisyonlarının Şirketlerin Borçlanma Maliyeti Üzerine Etkisi: BİST Sürdürülebilirlik Endeksinde Bir Araştırma]","2024","Sosyoekonomi","32","60","","33","50","1","10.17233/sosyoekonomi.2024.02.02","https://www.scopus.com/inward/record.uri?eid=2-s2.0-85191999538&doi=10.17233%2Fsosyoekonomi.2024.02.02&partnerID=40&md5=9bc0a1a36105bcfb08f8787af6d30a23","Nevşehir Hacı Bektaş Veli University, Turkey; Tarsus University, Turkey","Özşahin-Koç F., Nevşehir Hacı Bektaş Veli University, Turkey; Deran A., Tarsus University, Turkey","This study examines the influence of carbon emissions of companies traded on the BIST Sustainability Index on the cost of debt for 2017-2021. In other words, the study aims to guide decisionmakers towards carbon emissions reduction by showing a significant impact between the cost of debt and carbon emissions. The data were obtained from the Public Disclosure Platform, companies’ financial statements, annual reports, sustainability reports, integrated reports, and the DataStream database and were subjected to statistical analysis. Panel data pooled OLS method was used in the study. The study found a significant impact of total carbon emissions, carbon emission intensity, leverage, and structure variables on the cost of debt. However, it was concluded that the size, return on assets, growth, and cash flow variables did not significantly impact the cost of debt. © 2024, Sosyoekonomi Society. All rights reserved.","Carbon Emissions; Cost of Debt; Panel Data Analysis; Sustainability","","","","Sosyoekonomi Society","13055577","","","","English","Sosyoekonomi.","Article","Final","All Open Access; Gold Open Access; Green Open Access","Scopus","2-s2.0-85191999538"
"Gangi F.; D'Angelo E.; Daniele L.M.; Varrone N.","Gangi, Francesco (55646433500); D'Angelo, Eugenio (57204618505); Daniele, Lucia Michela (57204626852); Varrone, Nicola (57202942758)","55646433500; 57204618505; 57204626852; 57202942758","Assessing the impact of socially responsible human resources management on company environmental performance and cost of debt","2021","Corporate Social Responsibility and Environmental Management","28","5","","1511","1527","34","10.1002/csr.2179","https://www.scopus.com/inward/record.uri?eid=2-s2.0-85110559745&doi=10.1002%2Fcsr.2179&partnerID=40&md5=850b1cd77140ca75e96a9f83849eac71","Department of Economics, Università degli Studi della Campania Luigi Vanvitelli, Capua, Italy; Department of Law and Economics, Università Telematica Pegaso, Naples, Italy","Gangi F., Department of Economics, Università degli Studi della Campania Luigi Vanvitelli, Capua, Italy; D'Angelo E., Department of Law and Economics, Università Telematica Pegaso, Naples, Italy; Daniele L.M., Department of Economics, Università degli Studi della Campania Luigi Vanvitelli, Capua, Italy; Varrone N., Department of Economics, Università degli Studi della Campania Luigi Vanvitelli, Capua, Italy","This study answers the call for more in-depth investigations into the antecedents and effects of corporate environmental responsibility (CER). In particular, we aim to verify whether socially responsible human resource management (SRHRM) positively affects the level of CER engagement and whether CER impacts firm financial performance. Based on a sample of 317 food companies, over the study period 2010–2017, we found that SRHRM improves CER engagement, both as a whole and with reference to its sub-pillars. Furthermore, findings from the current study reveal that CER reduces the cost of debt and negatively moderates the positive effect of SRHRM on financial costs. The paper provides original implications concerning the complementarity between social and environmental activities and the benefits for firms to communicate their environmental performance to debt holders. © 2021 ERP Environment and John Wiley & Sons Ltd.","corporate environmental responsibility; corporate social responsibility; cost of debt; food industry; human resource management","","F. Gangi; Department of Economics, Università degli Studi della Campania Luigi Vanvitelli, Capua, Italy; email: francesco.gangi@unicampania.it","","John Wiley and Sons Ltd","15353958","","","","English","Corp. Soc. Responsib. Environ. Manage.","Article","Final","All Open Access; Bronze Open Access","Scopus","2-s2.0-85110559745"
"Liu H.; Wei Z.; Hu D.; Yang J.; Linghu D.","Liu, Huimin (36514990800); Wei, Zengqing (59245033800); Hu, Dingyuan (59347611300); Yang, Jinyu (57765847700); Linghu, Dazhi (26423001300)","36514990800; 59245033800; 59347611300; 57765847700; 26423001300","Robust Financing Decisions of Green Supply Chain under Market Risk","2024","Sustainability (Switzerland)","16","18","7942","","","2","10.3390/su16187942","https://www.scopus.com/inward/record.uri?eid=2-s2.0-85205215665&doi=10.3390%2Fsu16187942&partnerID=40&md5=966f7689326ccbb61c0c175a650d74bb","School of Business Administration, Guangxi University, Nanning, 530004, China","Liu H., School of Business Administration, Guangxi University, Nanning, 530004, China; Wei Z., School of Business Administration, Guangxi University, Nanning, 530004, China; Hu D., School of Business Administration, Guangxi University, Nanning, 530004, China; Yang J., School of Business Administration, Guangxi University, Nanning, 530004, China; Linghu D., School of Business Administration, Guangxi University, Nanning, 530004, China","In the face of global climate change and the collision of consumer preferences towards green and low-carbon, businesses need to accelerate the transition to sustainable development to achieve long-term growth. Companies must raise significant funds to support this transition and manage high market risk. The existing research on green innovation within supply chains often overlooks market risks, particularly those associated with incomplete information. Hence, this paper considers a two-echelon supply chain system composed of a manufacturer and a retailer. Manufacturers are willing to carry out green innovation and make a single product for sale in the consumer market with green preferences. However, innovation is risky due to the uncertainty in the sales volume of green products. In addition, the manufacturer may lack internal capital to invest in the innovation activities and may seek external financial resources, e.g., bank loans or retail prepayment financing. Hence, the manufacturer and retailer must decide which financial option to adopt. The results show that when the market risk is high, the supply chain members tend to make conservative decisions, no matter which financial modes they choose. However, with the robust optimization approach, the manufacturer and the retailer may earn a higher profit when the market risk is high. When the prepayment rate and bank loan interest rate are equal, regardless of the market risk, the manufacturer’s optimal decision is to choose prepayment financing from the retailer. However, when the prepayment rate is higher than the bank loan interest rate, there is no dominant strategy for the manufacturer to choose. © 2024 by the authors.","financial constraints; green innovation; market risk; robust optimization","climate change; global climate; interest rate; market conditions; supply chain management; sustainable development","D. Hu; School of Business Administration, Guangxi University, Nanning, 530004, China; email: 2329301010@st.gxu.edu.cn","","Multidisciplinary Digital Publishing Institute (MDPI)","20711050","","","","English","Sustainability","Article","Final","All Open Access; Gold Open Access","Scopus","2-s2.0-85205215665"
"Edenhofer O.; Klein C.; Lessmann K.; Wilkens M.","Edenhofer, Ottmar (55868364000); Klein, Christian (35734464800); Lessmann, Kai (24781220900); Wilkens, Marco (23981411800)","55868364000; 35734464800; 24781220900; 23981411800","Financing the transformation: a proposal for a credit scheme to finance the Paris Agreement","2022","Climate Policy","22","6","","788","797","6","10.1080/14693062.2022.2075820","https://www.scopus.com/inward/record.uri?eid=2-s2.0-85130595055&doi=10.1080%2F14693062.2022.2075820&partnerID=40&md5=bcbcfd3839168522b884230cf4e0776c","Potsdam Institute for Climate Impact Research, Potsdam, Germany; Mercator Research Institute on Global Commons and Climate Change, Berlin, Germany; Faculty of Business Administration and Economics, Chair of Sustainable Finance, University of Kassel, Kassel, Germany; FutureLab Public Economics and Climate Finance, Potsdam Institute for Climate Impact Research, Potsdam, Germany; Faculty of Business Administration and Economics, Chair of Finance and Banking, University of Augsburg, Augsburg, Germany","Edenhofer O., Potsdam Institute for Climate Impact Research, Potsdam, Germany, Mercator Research Institute on Global Commons and Climate Change, Berlin, Germany; Klein C., Faculty of Business Administration and Economics, Chair of Sustainable Finance, University of Kassel, Kassel, Germany; Lessmann K., FutureLab Public Economics and Climate Finance, Potsdam Institute for Climate Impact Research, Potsdam, Germany; Wilkens M., Faculty of Business Administration and Economics, Chair of Finance and Banking, University of Augsburg, Augsburg, Germany","To achieve the goals of the Paris Agreement, massive investments in the real economy are needed. We propose providing long-term interest subsidized loans to companies investing in sustainable projects with the primary goal of greenhouse gas neutrality. In detail, we propose linking loan interest rates to the EU Taxonomy and to future CO2 prices. These links incentivize companies to decarbonize. Furthermore, this link can hedge companies against volatile CO2 prices and incentivizes companies to make their business models more sustainable. Both elements support the transformation process of the economy. Key policy insights By linking an interest rate discount to the investment’s alignment with the EU Taxonomy, companies are incentivized to invest climate-friendly even at low CO2 prices. By coupling the interest rates to future CO2 prices, the loans act as a hedge, which helps emission reducing activities when they need it the most. Additionally, these loans set incentives for companies to disclose their alignment with the EU Taxonomy and signal their exposure to CO2 price risk, while helping governments to commit to their policy goals. © 2022 Informa UK Limited, trading as Taylor & Francis Group.","Carbon pricing; EU Taxonomy; financial incentives; green finance; interest rate subsidy; policy failure","credit provision; European Union; finance; financial policy; government; incentive; interest rate; international agreement; investment; lending behavior; pollution tax; subsidy system","K. Lessmann; FutureLab Public Economics and Climate Finance, Potsdam Institute for Climate Impact Research, Potsdam, Germany; email: lessmann@pik-potsdam.de","","Taylor and Francis Ltd.","14693062","","","","English","Clim. Policy","Article","Final","","Scopus","2-s2.0-85130595055"
"Yang D.; Zhao Z.; Wang L.","Yang, Dan (57191666982); Zhao, Zhiyong (58908744500); Wang, Liangliang (57188700605)","57191666982; 58908744500; 57188700605","Is ESG reporting informative to debtholders?— Evidence from a quasi-experiment in China","2024","Finance Research Letters","62","","105100","","","4","10.1016/j.frl.2024.105100","https://www.scopus.com/inward/record.uri?eid=2-s2.0-85186081212&doi=10.1016%2Fj.frl.2024.105100&partnerID=40&md5=03c6fd14f3074694c2c8feb8fc94c0e9","Business School, Beijing Normal University, China; School of Economics and Management, Southeast University, China","Yang D., Business School, Beijing Normal University, China; Zhao Z., Business School, Beijing Normal University, China; Wang L., School of Economics and Management, Southeast University, China","This paper relies on a quasi-experiment setting given by the differential ESG regulation in Chinese market to explore the attitude of different typed debtholders on corporate ESG reporting. We find enhanced ESG reporting triggered by the regulation is only informative to bondholders while adds no incremental information to banks. Further analysis reveals that bondholders pay close attention to environmental and governance dimensions but not social dimension. This study sheds light on the economic consequences of the recent hit ESG reporting and contributes to the literature on global finance and ESG regulation. © 2024 Elsevier Inc.","Bank loans; Bond issuance; China; Cost of debt; ESG","","Z. Zhao; No. 19, Xinjiekouwai Street, Haidian, Beijing, 100875, China; email: zzy20171004@163.com","","Elsevier Ltd","15446123","","","","English","Finan. Res. Lett.","Article","Final","","Scopus","2-s2.0-85186081212"
"Brinette S.; Rigobert M.-J.; ED-Dafali S.","Brinette, Souad (57209226991); Rigobert, Marie-Josèphe (60401469500); ED-Dafali, Slimane (57223159898)","57209226991; 60401469500; 57223159898","The Influence of ESG Controversies on Financing Costs for European Companies: Does Culture Matter?","2026","Business Strategy and the Environment","","","","","","0","10.1002/bse.70604","https://www.scopus.com/inward/record.uri?eid=2-s2.0-105030253856&doi=10.1002%2Fbse.70604&partnerID=40&md5=d64f90adb405038c8b74dceaaa018708","EDC Paris Business School, OCRE-Lab, Paris, France; Ecole Supérieure des Professions Immobilières (ESPI), Paris, France; National School of Commerce and Management (ENCG), Chouaïb Doukkali University, El Jadida, Morocco","Brinette S., EDC Paris Business School, OCRE-Lab, Paris, France; Rigobert M.-J., Ecole Supérieure des Professions Immobilières (ESPI), Paris, France; ED-Dafali S., National School of Commerce and Management (ENCG), Chouaïb Doukkali University, El Jadida, Morocco","This study examines the relationship between environmental, social, and governance (ESG) controversies and corporate financing costs, focusing on the moderating effect of national culture. It analyzes European companies listed on the STOXX 600 Index from 2016 to 2023. The findings indicate that lenders perceive ESG scandals unfavorably, with certain cultural dimensions moderating this effect. In countries characterized by individualism and masculine cultural traits, companies involved in ESG controversies, regarded as unethical, face higher equity costs. Conversely, countries with high uncertainty avoidance and power distance experience increased long-term debt costs. We find that national culture does not significantly affect short-term debt financing. These findings provide valuable insights for financial regulators seeking to mitigate the impact of ESG controversies and enhance corporate financing. The results are robust to alternative measures of ESG controversies, cultural dimensions, and endogeneity concerns. © 2026 The Author(s). Business Strategy and the Environment published by ERP Environment and John Wiley & Sons Ltd.","corporate ethical behavior; cost of financing; cultural dimensions; debt; equity; ESG controversies","","S. Brinette; EDC Paris Business School, OCRE-Lab, Paris, France; email: sbrinette@edcparis.edu","","John Wiley and Sons Ltd","09644733","","","","English","Bus. Strategy Environ.","Article","Article in press","All Open Access; Hybrid Gold Open Access","Scopus","2-s2.0-105030253856"
"Ernst D.; Woithe F.","Ernst, Dietmar (57702720600); Woithe, Florian (58964871300)","57702720600; 58964871300","Impact of the Environmental, Social, and Governance Rating on the Cost of Capital: Evidence from the S&P 500","2024","Journal of Risk and Financial Management","17","3","91","","","29","10.3390/jrfm17030091","https://www.scopus.com/inward/record.uri?eid=2-s2.0-85189150230&doi=10.3390%2Fjrfm17030091&partnerID=40&md5=856886911228985fea156cc34b863a86","International School of Finance (ISF), Nuertingen-Geislingen University, Sigmaringer Straße 25, Nuertingen, 72622, Germany","Ernst D., International School of Finance (ISF), Nuertingen-Geislingen University, Sigmaringer Straße 25, Nuertingen, 72622, Germany; Woithe F., International School of Finance (ISF), Nuertingen-Geislingen University, Sigmaringer Straße 25, Nuertingen, 72622, Germany","We use the S&P 500 to investigate whether companies with a good ESG score benefit from a lower cost of capital. Using Bloomberg’s financial data and MSCI’s ESG score for 498 companies, we calculated the measures of descriptive statistics, finding that companies with better ESG ratings enjoy both a lower cost of equity and a lower cost of debt. However, their WACC shows no improvement with a higher ESG score. Companies with a poor ESG rating have a lower WACC due to the higher proportion of debt capital, coupled with a higher cost of debt, compared to the cost of equity capital. Calculating the Pearson correlation coefficient, we found a slightly negative linear relationship between the ESG score and the beta factor, and between the ESG score and the cost of debt. No linear relationship was found between the WACC and the ESG score. Finally, linear regression analysis shows a negative and significant effect of the ESG score on the root beta factor. This research indicates that companies with better ESG scores benefit from lower cost of equity and debt. Our results may encourage companies to operate more sustainably to reduce their cost of capital. © 2024 by the authors.","beta; cost of capital; CSR; ESG; ESG-rating; ESG-score; sustainability","","D. Ernst; International School of Finance (ISF), Nuertingen-Geislingen University, Nuertingen, Sigmaringer Straße 25, 72622, Germany; email: dietmar.ernst@hfwu.de","","Multidisciplinary Digital Publishing Institute (MDPI)","19118074","","","","English","J. Risk. Financ. Manag.","Article","Final","All Open Access; Hybrid Gold Open Access","Scopus","2-s2.0-85189150230"
"Ho A.; Johl S.; Millar I.; Cameron R.","Ho, Ann (60226926900); Johl, Shireenjit (6506043136); Millar, Ingrid (59351883900); Cameron, Robyn (32867445800)","60226926900; 6506043136; 59351883900; 32867445800","Sustainability Assurance Quality, Cost of Debt and Financial Constraints: Evidence From Australia","2025","Accounting and Finance","","","","","","1","10.1111/acfi.70149","https://www.scopus.com/inward/record.uri?eid=2-s2.0-105024007226&doi=10.1111%2Facfi.70149&partnerID=40&md5=a679ec54476e68b0886390c8a0fd987c","Department of Accounting, Finance and Economics, Griffith Business School, Griffith University, Nathan, Australia","Ho A., Department of Accounting, Finance and Economics, Griffith Business School, Griffith University, Nathan, Australia; Johl S., Department of Accounting, Finance and Economics, Griffith Business School, Griffith University, Nathan, Australia; Millar I., Department of Accounting, Finance and Economics, Griffith Business School, Griffith University, Nathan, Australia; Cameron R., Department of Accounting, Finance and Economics, Griffith Business School, Griffith University, Nathan, Australia","This study examines the economic effects of sustainability assurance (SA) and its quality on the cost of debt (COD) and financial constraints (FC) among Australian firms before mandatory climate reporting and assurance effective 1 January 2025. Our regression analyses of Australian Securities Exchange listed firms (2015–2023) show that SA and higher SA quality measured using 12- and 15-item indices significantly reduce COD and ease FC. These benefits are pronounced for firms obtaining SA from accounting firms, Big 4 assurers and common financial statement and sustainability assurers and for those operating in high carbon intensity industries and experiencing lower financial distress. © 2025 Accounting and Finance Association of Australia and New Zealand.","assurance quality; cost of debt; financial constraints; sustainability assurance; voluntary assurance","","S. Johl; Department of Accounting, Finance and Economics, Griffith Business School, Griffith University, Nathan, Australia; email: s.johl@griffith.edu.au","","John Wiley and Sons Inc","08105391","","","","English","Account. Financ.","Article","Article in press","All Open Access; Bronze Open Access","Scopus","2-s2.0-105024007226"
"Zhu N.; Abdullah; Hashmi M.A.; Shah M.H.; Yang J.","Zhu, Naiping (36987290300); Abdullah (57195228611); Hashmi, Muhammad Arsalan (57201396978); Shah, Muhammad Hashim (57195233306); Yang, JinLan (59112520700)","36987290300; 57195228611; 57201396978; 57195233306; 59112520700","ESG Performance and the Cost of Debt of Chinese Firms: Do Board Idiosyncrasies Matter?","2025","Journal of the Knowledge Economy","16","2","","9684","9714","6","10.1007/s13132-024-02255-7","https://www.scopus.com/inward/record.uri?eid=2-s2.0-85201588851&doi=10.1007%2Fs13132-024-02255-7&partnerID=40&md5=6972091268c46d373bf4dc66961321e8","School of Finance and Economics, Jiangsu University, No. 301 Xuefu Road, Jiangsu Province, Zhenjiang, China; Institute of Business and Health Management, Dow University of Health Sciences, Karachi, Pakistan; School of Economics & Management, Southwest Jiaotong University, Chengdu, China","Zhu N., School of Finance and Economics, Jiangsu University, No. 301 Xuefu Road, Jiangsu Province, Zhenjiang, China; Abdullah, School of Finance and Economics, Jiangsu University, No. 301 Xuefu Road, Jiangsu Province, Zhenjiang, China; Hashmi M.A., Institute of Business and Health Management, Dow University of Health Sciences, Karachi, Pakistan; Shah M.H., School of Economics & Management, Southwest Jiaotong University, Chengdu, China; Yang J., School of Finance and Economics, Jiangsu University, No. 301 Xuefu Road, Jiangsu Province, Zhenjiang, China","The ESG paradigm has exerted increasing pressure on Chinese firms to adopt environment-friendly and socially responsible policies as part of their governance framework. Despite its importance, limited attention has been given to the relationship between ESG performance and the cost of debt (COD) and whether board traits influence this relationship. Therefore, this study addresses this gap by analyzing the moderating influence of board size and independence on the relationship between ESG performance and the cost of debt using a two-way interaction approach. We also investigate whether board diversity (i.e., age, gender, education, and culture) complements board size and independence in strengthening the negative relationship between ESG performance and COD using the three-way interaction approach. The study employed two-stage least squares and two-step GMM estimation techniques using a sample of Chinese non-financial firms. The two-way interaction results suggest that large and independent boards have a moderating effect and influence the negative relationship between ESG and COD. Furthermore, the three-way interaction results suggest that board diversity complements large and independent boards by strengthening the negative impact of ESG on COD. This effect of board diversity is present when the board of directors possesses age, gender, educational, and cultural diversity. Interestingly, our analysis also indicates that ESG performance is beneficial for both environmentally sensitive and non-sensitive firms but has more profound benefits for environmentally sensitive firms. © The Author(s), under exclusive licence to Springer Science+Business Media, LLC, part of Springer Nature 2024.","Board diversity; Board independence; Board size; Cost of debt; Environmental sensitivity; ESG performance","","Abdullah; School of Finance and Economics, Jiangsu University, Zhenjiang, No. 301 Xuefu Road, Jiangsu Province, China; email: abdiman.0688@yahoo.com","","Springer","18687865","","","","English","J. Knowl. Econ.","Article","Final","","Scopus","2-s2.0-85201588851"
"Roy P.K.","Roy, Pranith Kumar (57221476851)","57221476851","Does energy efficiency reduce the cost of debt? Evidence from the emerging market!","2024","Applied Economics","56","39","","4744","4760","3","10.1080/00036846.2023.2212979","https://www.scopus.com/inward/record.uri?eid=2-s2.0-85159334133&doi=10.1080%2F00036846.2023.2212979&partnerID=40&md5=08f99ebdc75e1a54e9ef14aaf8548b08","Department of Finance and Accounts, Indian Institute of Management, Raipur Atal Nagar, Chhattisgarh, India","Roy P.K., Department of Finance and Accounts, Indian Institute of Management, Raipur Atal Nagar, Chhattisgarh, India","Energy efficiency is considered critical towards sustainability for all businesses, given that traditional energy intensification is not only an expenditure but also a proportional source of carbon emissions. However, it is unclear how investors consider a firm’s energy efficiency while deciding on its cost of debt. This study aims to analyse the relationship between firms’ energy efficiency and the cost of debt using panel data regression with a fixed effect on 17,175 firm-year observations of 2284 companies. The endogeneity effects of variables have been controlled using instrumental variables. The study found evidence that energy efficiency leads to a reduction in the cost of debt. This study also analyses the impact of energy efficiency on investments made in research and development. The findings suggest that efficient energy firms are technologically advanced through higher investments in research and development, effectively improving the firm’s values and helping to reduce their cost of debt. The results support that energy-efficient firms are technologically advanced and better positioned regarding firm value. Thus, they are regarded as secure funding with reduced costs of debts. This research demonstrates that lenders must be responsive to modern-day cultures’ social concerns through better social engagements in the context of global warming and climate change. © 2023 Informa UK Limited, trading as Taylor & Francis Group.","cost of debts; emerging market; Energy efficiency; energy finance; technological advancement","cost; debt; energy efficiency; energy market; investment; panel data; research and development","P.K. Roy; Department of Finance and Accounts, Indian Institute of Management, P. O. - Kurru, Abhanpur, Raipur Atal Nagar, Chhattisgarh, 493661, India; email: pkroy@iimraipur.ac.in","","Routledge","00036846","","","","English","Appl. Econ.","Article","Final","","Scopus","2-s2.0-85159334133"
"Aprullah M.P.; Diantimala Y.; Arfan M.; Irsyadillah I.","Aprullah, Muhammad Putra (60240494600); Diantimala, Yossi (57221722696); Arfan, Muhammad (57192691701); Irsyadillah, Irsyadillah (57210202790)","60240494600; 57221722696; 57192691701; 57210202790","The Role of ESG Committee on Indonesian Companies in Promoting Sustainable Practice to Creditors: Symbolic or Substantive?","2025","International Journal of Financial Studies","13","4","180","","","0","10.3390/ijfs13040180","https://www.scopus.com/inward/record.uri?eid=2-s2.0-105024924633&doi=10.3390%2Fijfs13040180&partnerID=40&md5=8defd493a71e0b609a02ad4684f883c9","Doctoral Program of Management Science, Faculty of Economics and Business, Universitas Syiah Kuala, Aceh, Banda Aceh, 23111, Indonesia; Accounting Department, Faculty of Economics and Business, Universitas Syiah Kuala, Aceh, Banda Aceh, 23111, Indonesia; Department of Economics Education, Universitas Syiah Kuala, Aceh, Banda Aceh, 23111, Indonesia","Aprullah M.P., Doctoral Program of Management Science, Faculty of Economics and Business, Universitas Syiah Kuala, Aceh, Banda Aceh, 23111, Indonesia; Diantimala Y., Accounting Department, Faculty of Economics and Business, Universitas Syiah Kuala, Aceh, Banda Aceh, 23111, Indonesia; Arfan M., Accounting Department, Faculty of Economics and Business, Universitas Syiah Kuala, Aceh, Banda Aceh, 23111, Indonesia; Irsyadillah I., Department of Economics Education, Universitas Syiah Kuala, Aceh, Banda Aceh, 23111, Indonesia","This study investigates whether the presence of an ESG committee in promoting sustainable practices is symbolic or substantive to creditors when setting costs. With unbalanced panel data, the study used 1518 company-year observations from non-financial firms listed on the IDX period 2018 to 2023. The hypothesis testing of this study was conducted by using moderated regression analysis (MRA). Hypothesis testing using a fixed effects model indicates that ESG disclosure can significantly lower the cost of debt. The role of the ESG committee is to act as a quasi-moderator for the relationship between ESG disclosure and the cost of debt. While the presence of an ESG committee can significantly reduce the cost of debt, the committee itself weakens the relationship between ESG disclosure and the cost of debt. Therefore, these findings suggest that the role of the ESG committee in promoting ESG disclosure to creditors in determining the cost of debt is becoming more substantive, moving away from a merely symbolic role that focuses on maintaining the company’s reputation and strengthening substantive management to control governance risk. The results of this study are expected to contribute to formulating policies that strengthen the role of ESG committees in improving corporate governance and sustainability practices by providing stakeholders with important and relevant ESG disclosure information for investment and funding decisions. © 2025 by the authors. Licensee MDPI, Basel, Switzerland.","cost of debt; ESG committee; ESG disclosure; MRA; sustainable practice","","Y. Diantimala; Accounting Department, Faculty of Economics and Business, Universitas Syiah Kuala, Banda Aceh, Aceh, 23111, Indonesia; email: ydiantimala@usk.ac.id","","Multidisciplinary Digital Publishing Institute (MDPI)","22277072","","","","English","Intern. J. Financial Stud.","Article","Final","All Open Access; Gold Open Access; Green Open Access","Scopus","2-s2.0-105024924633"
"Tang H.; Zhu J.; Li N.; Wu W.","Tang, Hongqin (59368040500); Zhu, Jianping (55704640400); Li, Nan (59368678400); Wu, Weipeng (58535647300)","59368040500; 55704640400; 59368678400; 58535647300","Impact of Enterprise Supply Chain Digitalization on Cost of Debt: A Four-Flows Perspective Analysis Using Explainable Machine Learning Methodology","2024","Sustainability (Switzerland)","16","19","8702","","","3","10.3390/su16198702","https://www.scopus.com/inward/record.uri?eid=2-s2.0-85206468738&doi=10.3390%2Fsu16198702&partnerID=40&md5=0503126e8080457b743d384bd2b4876b","School of Managment, Xiamen University, Xiamen, 361005, China; Data Mining Research Center, Xiamen University, Xiamen, 361005, China; Collegue of Bussiness, Huaqiao University, Quanzhou, 362011, China","Tang H., School of Managment, Xiamen University, Xiamen, 361005, China, Data Mining Research Center, Xiamen University, Xiamen, 361005, China; Zhu J., School of Managment, Xiamen University, Xiamen, 361005, China, Data Mining Research Center, Xiamen University, Xiamen, 361005, China; Li N., School of Managment, Xiamen University, Xiamen, 361005, China; Wu W., Collegue of Bussiness, Huaqiao University, Quanzhou, 362011, China","Rising costs, complex supply chain management, and stringent regulations have created significant financial burdens on business sustainability, calling for new and rapid strategies to help enterprises transform. Supply chain digitalization (SCD) has emerged as a promising approach in the context of digitalization and globalization, with the potential to reduce an enterprise’s debt costs. Developing a strategic framework for SCD that effectively reduces the cost of debt (CoD) has become a key academic challenge, critical for ensuring business sustainability. To this end, under the perspective of four flows, SCD is deconstructed into four distinct features: logistics flow digitalization (LFD), product flow digitalization (PFD), information flow digitalization (IFD), and capital flow digitalization (CFD). To precisely measure the four SCD features and the dependent variable, COD, publicly available data from Chinese listed manufacturing enterprises such as annual report texts and financial statement data are collected, and various data mining technologies are also used to conduct data measurement and data processing. To comprehensively investigate the impact pattern of SCD on CoD, we employed the explainable machine learning methodology for data analysis. This methodology involved in-depth data discussions, cross-validation utilizing a series of machine learning models, and the utilization of Shapley additive explanations (SHAP) to explain the results generated by the models. To conduct sensitivity analysis, permutation feature importance (PFI) and partial dependence plots (PDPs) were also incorporated as supplementary explanatory methods, providing additional insights into the model’s explainability. Through the aforementioned research processes, the following findings are obtained: SCD can play a role in reducing CoD, but the effects of different SCD features are not exactly the same. Among the four SCD features, LFD, PFD, and IFD have the potential to significantly reduce CoD, with PFD having the most substantial impact, followed by LFD and IFD. In contrast, CFD has a relatively weak impact, and its role is challenging to discern. These findings provide significant guidance for enterprises in furthering their digitalization and supply chain development, helping them optimize SCD strategies more accurately to reduce CoD. © 2024 by the authors.","business sustainability; cost of debt; machine learning; Shapley additive explanations; supply chain digitalization","capital flow; cost analysis; data mining; debt; digitization; logistics; machine learning; supply chain management; sustainability","J. Zhu; School of Managment, Xiamen University, Xiamen, 361005, China; email: xmjpzhu@xmu.edu.cn","","Multidisciplinary Digital Publishing Institute (MDPI)","20711050","","","","English","Sustainability","Article","Final","All Open Access; Gold Open Access","Scopus","2-s2.0-85206468738"
"Dasilas A.","Dasilas, Apostolos (14631724100)","14631724100","ESG scores and cost of capital: evidence from the UK","2025","EuroMed Journal of Business","","","","","","2","10.1108/EMJB-03-2025-0100","https://www.scopus.com/inward/record.uri?eid=2-s2.0-105014803926&doi=10.1108%2FEMJB-03-2025-0100&partnerID=40&md5=22878c392c1c9d6779f39aab2c3d4578","University of Macedonia, Thessaloniki, Greece","Dasilas A., University of Macedonia, Thessaloniki, Greece","Purpose This study examines the impact of ESG scores on the cost of capital, utilizing ESG ratings from 115 UK companies listed on the FTSE 350 between 2019 and 2023. Design/methodology/approach The study applied static panel data linear regressions, and the data for 115 UK companies listed on the FTSE 350 were collected from the LSEG Datastream. Findings The empirical results reveal a significant positive relationship between ESG scores and the cost of capital, as measured by the cost of equity, cost of debt and WACC. Additionally, the results show that ESG scores are positively correlated with beta, suggesting that companies with high ESG performance may increase systematic risk, possibly due to the challenges of integrating ESG into corporate strategies. Practical implications These findings are particularly relevant for managers, shareholders and policymakers. In particular, the study highlights whether ESG practices lead to lower financial risk or impose short-term capital costs, thereby assisting firms in aligning their sustainability goals with financial performance. Originality/value This article is motivated by the low number of studies that examine the impact of ESG scores on the cost of capital and systematic risk and contributes to the academic literature on ESG by considering the European Union’s Corporate Sustainability Reporting Directive (CSRD). © 2025 Emerald Publishing Limited","Cost of capital; ESG; FTSE 350; Systematic risk; WACC","","","","Emerald Publishing","14502194","","","","English","EuroMed Journal of Business","Article","Article in press","","Scopus","2-s2.0-105014803926"
"Zhang C.; Gao L.; Wang W.; Hao D.; Wang Q.","Zhang, Chunqiang (57545860600); Gao, Lu (57547403200); Wang, Wenbing (57942500200); Hao, Dayu (57895638100); Wang, Qinwen (57894444100)","57545860600; 57547403200; 57942500200; 57895638100; 57894444100","ESG ratings, monetary policy uncertainty, and bond issuance premium","2024","Environmental Science and Pollution Research","31","7","","10071","10085","7","10.1007/s11356-022-24719-6","https://www.scopus.com/inward/record.uri?eid=2-s2.0-85144298692&doi=10.1007%2Fs11356-022-24719-6&partnerID=40&md5=973a0efcaaa81336a9a3671c404b1f89","School of Accountancy, Anhui University of Finance and Economics, Bengbu, China; School of Accounting, Zhongnan University of Economics and Law, Wuhan, China","Zhang C., School of Accountancy, Anhui University of Finance and Economics, Bengbu, China; Gao L., School of Accountancy, Anhui University of Finance and Economics, Bengbu, China; Wang W., School of Accountancy, Anhui University of Finance and Economics, Bengbu, China; Hao D., School of Accountancy, Anhui University of Finance and Economics, Bengbu, China; Wang Q., School of Accounting, Zhongnan University of Economics and Law, Wuhan, China","Existing studies generally recognize the critical role played by macro monetary policy, of which the uncertainty will increase corporate bond issuance premiums at a micro level. However, relatively little is known about these relationships from the perspective of non-financial information in the corporation. So this study sets out to do further exploration. We use the database to obtain information, including the bond issuance of A-share listed corporations in China from 2015 to 2020. The findings suggest that high environmental, social, and governance (ESG) ratings from listed corporations significantly weaken the positive correlation between monetary policy uncertainty and bond issuance premiums. Specifically, it has a positive information pricing effect on China’s primary debt issuance market, as well as a mitigating impact on macro-financial policy risk. We also find, through further mechanistic studies, that ESG ratings are more helpful in undermining the impact of monetary policy uncertainty on bond issuance premiums in the context of higher financial information quality. Our findings are conducive to enriching the research framework of the economic consequences of ESG ratings, meaningfully influencing the growing literature that exposed the mechanism of bond issuance premiums, and further, verifying the interaction of information at different levels (macro vs micro) in asset pricing. © The Author(s), under exclusive licence to Springer-Verlag GmbH Germany, part of Springer Nature 2022.","Carbon neutrality; Cost of debt financing; ESG ratings; Information asymmetry; Monetary policy; Sustainable development","China; Databases, Factual; Fiscal Policy; Uncertainty; China; asymmetry; economic conditions; market conditions; monetary policy; spatiotemporal analysis; sustainable development; China; factual database; fiscal policy; uncertainty","Q. Wang; School of Accounting, Zhongnan University of Economics and Law, Wuhan, China; email: 120170017@aufe.edu.cn","","Springer","09441344","","ESPLE","36534252","English","Environ. Sci. Pollut. Res.","Article","Final","","Scopus","2-s2.0-85144298692"
"Ferriani F.","Ferriani, Fabrizio (55508026600)","55508026600","Issuing bonds during the Covid-19 pandemic: Was there an ESG premium?","2023","International Review of Financial Analysis","88","","102653","","","29","10.1016/j.irfa.2023.102653","https://www.scopus.com/inward/record.uri?eid=2-s2.0-85153504582&doi=10.1016%2Fj.irfa.2023.102653&partnerID=40&md5=c34383207f6f583092625a0df532b2f9","Bank of Italy, Directorate General for Economics, Statistics and Research, Italy","Ferriani F., Bank of Italy, Directorate General for Economics, Statistics and Research, Italy","We rely on the ESG ratings assigned by four distinct agencies (MSCI, Refinitiv, Robeco, and Sustainalytics) to study the link between ESG scores and firms’ cost of debt financing during the Covid-19 pandemic. We document the existence of a statistically and economically significant ESG premium, i.e. better rated companies access debt at a lower cost. Despite some differences across rating agencies, this result is robust to additional controls for the issuer's credit standing as well as several bond and issuer's characteristics. We find that this effect is mainly driven by firms domiciled in advanced economies, whereas creditworthiness considerations prevail for firms in emerging markets. Lastly, we show that the lower cost of capital for highly rated ESG firms is explained both by investors’ preference for more sustainable assets and by risk-based considerations unrelated to firms’ creditworthiness, such as exposure to climate change risks. © 2023 Elsevier Inc.","Bond yield spreads; Covid-19; ESG scores; Non-pecuniary channel; Risk channel","","","","Elsevier Inc.","10575219","","","","English","Int. Rev. Financ. Anal.","Article","Final","All Open Access; Green Open Access","Scopus","2-s2.0-85153504582"
"Arora A.; Sharma D.","Arora, Ankit (57962629800); Sharma, Dipasha (56689083400)","57962629800; 56689083400","Do Environmental, Social and Governance (ESG) Performance Scores Reduce the Cost of Debt? Evidence from Indian firms","2022","Australasian Accounting, Business and Finance Journal","16","5","","4","18","39","10.14453/aabfj.v16i5.02","https://www.scopus.com/inward/record.uri?eid=2-s2.0-85141812087&doi=10.14453%2Faabfj.v16i5.02&partnerID=40&md5=a0c41322ae4e3257fac657e563a20d37","Symbiosis Centre for Management & Human Resource Development, Symbiosis International (Deemed University) SIU, India","Arora A., Symbiosis Centre for Management & Human Resource Development, Symbiosis International (Deemed University) SIU, India; Sharma D., Symbiosis Centre for Management & Human Resource Development, Symbiosis International (Deemed University) SIU, India","This study aims to assess the impact of Environmental, Social, and Governance (ESG) ratings on the cost of debt of Indian firms from the year 2015 to 2020. One of the challenges that corporate India is going to face moving forward is that regulations with respect to environmental conservation, transparency, corporate social responsibility, and corporate governance will get stricter. This will undoubtedly push the companies to follow better ethical practices, adopt fair employee policies, and safeguard the environmental policies. So, this paper intends to evaluate the ESG lens of Indian companies concerning their financing decisions, viz the cost of debt. The firms under investigation are listed on the NIFTY 500, which reflects the top 500 companies in the eligible universe based on complete market capitalization. Data was sourced from the Bloomberg database. The paper uses cost of debt as the dependent variable; ESG score & individual E, S, G scores as independent variables; Market capitalization, net debt to equity ratio, and percentage of women on board and total debt to total asset ratio as control variables. Since the data was in a panel data format, we performed panel data regression from FY2015 to FY2020, and the method used was Least Squares Method (L.S. and A.R.). Different models were considered and it was found that the cost of debt which is the dependent variable, had a negative coefficient i.e., higher the ESG score, lower the cost of debt component for the firm and according to our model, it could be significantly proven at 10% level. © 2022, University of Wollongong. All rights reserved.","Corporate Bonds; Corporate Social Responsibility (CSR); Cost of Debt; Disclosure Scores; Environmental; Fixed Income; Market Capitalization; Social and Governance (ESG); Stakeholders’ Theory","","","","University of Wollongong","18342000","","","","English","Australas. Account. Bus. Finance J.","Article","Final","All Open Access; Gold Open Access; Green Open Access","Scopus","2-s2.0-85141812087"
"Shad M.K.; Lai F.-W.; Shamim A.; McShane M.","Shad, Muhammad Kashif (57190944943); Lai, Fong-Woon (55641579500); Shamim, Amjad (56556312500); McShane, Michael (26028611500)","57190944943; 55641579500; 56556312500; 26028611500","The efficacy of sustainability reporting towards cost of debt and equity reduction","2020","Environmental Science and Pollution Research","27","18","","22511","22522","79","10.1007/s11356-020-08398-9","https://www.scopus.com/inward/record.uri?eid=2-s2.0-85084081383&doi=10.1007%2Fs11356-020-08398-9&partnerID=40&md5=d06806b5e4af86dccb43e052236bac4a","Management and Humanities Department, Universiti Teknologi PETRONAS, Seri Iskandar, 32610, Perak, Malaysia; Old Dominion University, Norfolk, VA, United States","Shad M.K., Management and Humanities Department, Universiti Teknologi PETRONAS, Seri Iskandar, 32610, Perak, Malaysia; Lai F.-W., Management and Humanities Department, Universiti Teknologi PETRONAS, Seri Iskandar, 32610, Perak, Malaysia; Shamim A., Management and Humanities Department, Universiti Teknologi PETRONAS, Seri Iskandar, 32610, Perak, Malaysia; McShane M., Old Dominion University, Norfolk, VA, United States","This paper empirically investigates the impact of overall sustainability reporting as well as its components (economic, environmental, and social sustainability reporting) on the cost of debt and equity capital for Malaysian oil and gas companies. The data was collected from 41 publicly listed oil and gas companies in Malaysia for the period from 2008 to 2017. Qualitative information was gathered for sustainability reporting and then converted into quantitative form by assigning weights according to the extent of reporting. The cost of capital information was sourced through Thomson Reuters Datastream. Panel data analysis was employed using generalized least square (GLS) random effects regression to examine the relationship between sustainability reporting and cost of capital. Firm reputation, size, and profitability were included as control variables. The findings indicate that overall sustainability reporting and one component, economic sustainability reporting, reduce both cost of debt and cost of equity. However, environmental sustainability reporting reduces only the cost of debt but does not reduce the cost of equity. Social sustainability reporting shows no effect on the cost of debt or equity. The findings of this paper should be useful for regulators, legislators, shareholders, creditors, and practitioners in pursuing sustainability practices that not only improve economic and environmental performance but also enhance overall performance by reducing the cost of capital. The results of the paper highlight that companies investing in sustainability can generate positive value through the enhancement of reputational capital. This study is the first to empirically investigate the relationship between overall sustainability reporting, including its three components, and the cost of both debt and equity capital. © 2020, Springer-Verlag GmbH Germany, part of Springer Nature.","Cost of debt; Cost of equity; Oil and gas companies; Sustainability reporting","Malaysia; Malaysia; cost analysis; debt; empirical analysis; equity; firm size; gas industry; oil industry; profitability; reduction; sustainability; Malaysia","M.K. Shad; Management and Humanities Department, Universiti Teknologi PETRONAS, Seri Iskandar, 32610, Malaysia; email: mkashifshad@gmail.com","","Springer","09441344","","ESPLE","32319056","English","Environ. Sci. Pollut. Res.","Article","Final","","Scopus","2-s2.0-85084081383"
"Tee C.-M.; Teoh T.-T.M.","Tee, Chwee-Ming (57219006033); Teoh, Teng-Tenk Melissa (57576553400)","57219006033; 57576553400","The cost of debt and political institutions: the influence of corruption","2024","Journal of Financial Crime","31","1","","44","62","10","10.1108/JFC-08-2022-0192","https://www.scopus.com/inward/record.uri?eid=2-s2.0-85140019529&doi=10.1108%2FJFC-08-2022-0192&partnerID=40&md5=3db5b29f4a924edd881b594a2ce2224c","School of Management, Universiti Sains Malaysia, Penang, Malaysia; Faculty of Business, Economics and Accounting, HELP University, Kuala Lumpur, Malaysia","Tee C.-M., School of Management, Universiti Sains Malaysia, Penang, Malaysia; Teoh T.-T.M., Faculty of Business, Economics and Accounting, HELP University, Kuala Lumpur, Malaysia","Purpose: This cross-border study’s main purpose is to examine whether there is a significant association between political institutions and the cost of debt. In addition, it also investigates whether this association is moderated by the country’s corruption levels. Design/methodology/approach: This study uses a unique cross-border data set comprising 45,848 firms from 117 countries from 2002 to 2017 to investigate these research questions. Further, the authors use the two-stage least squares method to mitigate issues of endogeneity. Findings: This study finds that political institutions are significantly associated with cost of debt. Specifically, the cost of debt is lower in countries with stronger democratic institutions, smaller government bureaucracies and higher adherence to the rule of law. Further, this association is strengthened by low corruption levels. Originality/value: This study provides new insights into the relationship between political institutions and the cost of debt. Overall, the results reveal that democratic institutions, government bureaucracy and the rule of law are significantly associated with cost of debt. This association is stronger in countries with low levels of corruption and consistent with Transparency’s International notion that accountability and transparency by government political institutions promote sustainable economic growth. © 2022, Emerald Publishing Limited.","Corruption; Cost of debt; Political institutions","","T.-T.M. Teoh; Faculty of Business, Economics and Accounting, HELP University, Kuala Lumpur, Malaysia; email: melissateoh@help.edu.my","","Emerald Publishing","13590790","","","","English","J. Financ. Crime","Article","Final","","Scopus","2-s2.0-85140019529"
"Yang Y.; Wen J.; Li Y.","Yang, Yongliang (57195397951); Wen, Jing (58296099000); Li, Yi (57211510888)","57195397951; 58296099000; 57211510888","The impact of environmental information disclosure on the cost of debt: evidence from China","2024","Journal of Applied Economics","27","1","2301280","","","9","10.1080/15140326.2023.2301280","https://www.scopus.com/inward/record.uri?eid=2-s2.0-85182148292&doi=10.1080%2F15140326.2023.2301280&partnerID=40&md5=929245c41ea30113698f0391a48b2182","School of Economics and Management, Zhejiang Sci-Tech University, Hangzhou, China; Silk and Fashion Culture Research Center of Zhejiang Province, Zhejiang Sci-Tech University, Hangzhou, China; Green and low-carbon technology and industrialization of modern logistics, Zhejiang Engineering Research Center, Wenzhou, China; School of Urban and Regional Science, East China Normal University, Shanghai, China; Fashion Department/DongHai Academy/Collaborative Innovation Center of Port Economy, Ningbo University, Ningbo, China; Tsinghua University, Younger Group Postdoctoral Workstation, Tsinghua University, Beijing, China","Yang Y., School of Economics and Management, Zhejiang Sci-Tech University, Hangzhou, China, Silk and Fashion Culture Research Center of Zhejiang Province, Zhejiang Sci-Tech University, Hangzhou, China, Green and low-carbon technology and industrialization of modern logistics, Zhejiang Engineering Research Center, Wenzhou, China; Wen J., School of Urban and Regional Science, East China Normal University, Shanghai, China; Li Y., Fashion Department/DongHai Academy/Collaborative Innovation Center of Port Economy, Ningbo University, Ningbo, China, Tsinghua University, Younger Group Postdoctoral Workstation, Tsinghua University, Beijing, China","With the growing attention being paid to environmental issues by the public, environmental information disclosure (EID) has become a vital means for firms to convey their social responsibility and an important information source for lending institutions to assess firm credit risk. Based on the data of listed companies in China, a two-way fixed effects model is applied in this study to determine the impact of EID on the cost of debt. It reveals that EID can decrease companies’ cost of debt and that both CEO duality and ownership concentration play vital roles in this relationship. After the consideration of endogeneity problems and robustness testing, the conclusions remain valid. © 2024 The Author(s). Published by Informa UK Limited, trading as Taylor & Francis Group.","corporate social responsibility; Environmental information disclosure; policy evaluation; the cost of debt","","Y. Yang; School of Economics and Management, Zhejiang Sci-Tech University, Hangzhou, No. 928, 2nd Street, Qiantang District, Zhejiang Province, 310018, China; email: royyang@zstu.edu.cn","","Taylor and Francis Ltd.","15140326","","","","English","J. Appl. Econ.","Article","Final","All Open Access; Gold Open Access; Green Open Access","Scopus","2-s2.0-85182148292"
"Jung J.; Herbohn K.; Clarkson P.","Jung, Juhyun (57202849069); Herbohn, Kathleen (6507484969); Clarkson, Peter (7103180312)","57202849069; 6507484969; 7103180312","Carbon Risk, Carbon Risk Awareness and the Cost of Debt Financing","2018","Journal of Business Ethics","150","4","","1151","1171","573","10.1007/s10551-016-3207-6","https://www.scopus.com/inward/record.uri?eid=2-s2.0-85049603984&doi=10.1007%2Fs10551-016-3207-6&partnerID=40&md5=49efc30501440cada7339c5f25ba0aac","UQ Business School, The University of Queensland, Brisbane, Australia; Beedie School of Business, Simon Fraser University, Burnaby, Canada","Jung J., UQ Business School, The University of Queensland, Brisbane, Australia; Herbohn K., UQ Business School, The University of Queensland, Brisbane, Australia; Clarkson P., UQ Business School, The University of Queensland, Brisbane, Australia, Beedie School of Business, Simon Fraser University, Burnaby, Canada","We seek insights into potential benefits for firms adopting strategies to improve business sustainability in a carbon-constrained future. We investigate whether lenders incorporate a firm’s exposure to carbon-related risk into lending decisions through the cost of financing, and if so, importantly whether firms can mitigate the penalty by demonstrating an awareness of their carbon risks. We use a sample of 255 firm-year observations from eight industries over the period 2009–2013. We measure carbon-related risk exposure as the firm’s historical carbon emissions and our primary measure of carbon risk awareness is based on the firm’s willingness to respond to the Carbon Disclosure Project (CDP) survey. We document a positive association between cost of debt and carbon risk for firms failing to respond to the CDP. Further, this association is economically meaningful, with a one standard deviation increase in carbon risk mapping into between a 38 and 62 basis point increase in the cost of debt. Equally, we find that this penalty is effectively negated for firms exhibiting carbon risk awareness. Our results are robust when we consider alternate measures of carbon awareness—disclosure through alternative medium to the CDP and firms’ annual cash investment in new capital assets using “cleaner” technology. Our results highlight not only the importance of carbon awareness as a business strategy for polluting firms, but also its importance to lenders exposed to their clients’ default and reputational risk. The debt market appears to incorporate historical carbon emissions and forward-looking indicators of carbon performance. © 2016, Springer Science+Business Media Dordrecht.","Carbon awareness; Carbon emissions; CDP; Cost of debt; Cost of debt","","K. Herbohn; UQ Business School, The University of Queensland, Brisbane, Australia; email: k.herbohn@business.edu.au","","Springer Netherlands","01674544","","","","English","J. Bus. Ethics","Article","Final","","Scopus","2-s2.0-85049603984"
"Castro P.; Gutiérrez-López C.; Guerrero-Calderón J.; Amor-Tapia B.","Castro, Paula (56893205800); Gutiérrez-López, Cristina (56114221500); Guerrero-Calderón, Juan (59993837800); Amor-Tapia, Borja (57194046361)","56893205800; 56114221500; 59993837800; 57194046361","Behind the green mirage: Financial damages of greenwashing and the role of board environmental orientation","2025","Green Finance","7","4","","717","747","0","10.3934/GF.2025027","https://www.scopus.com/inward/record.uri?eid=2-s2.0-105027398986&doi=10.3934%2FGF.2025027&partnerID=40&md5=9cc73430b8871dd0ddbabf0e6ef8b97d","Department of Business Management and Economics, Universidad de León, Facultad de Ciencias Económicas y Empresariales, Campus de Vegazana, León, 24071, Spain","Castro P., Department of Business Management and Economics, Universidad de León, Facultad de Ciencias Económicas y Empresariales, Campus de Vegazana, León, 24071, Spain; Gutiérrez-López C., Department of Business Management and Economics, Universidad de León, Facultad de Ciencias Económicas y Empresariales, Campus de Vegazana, León, 24071, Spain; Guerrero-Calderón J., Department of Business Management and Economics, Universidad de León, Facultad de Ciencias Económicas y Empresariales, Campus de Vegazana, León, 24071, Spain; Amor-Tapia B., Department of Business Management and Economics, Universidad de León, Facultad de Ciencias Económicas y Empresariales, Campus de Vegazana, León, 24071, Spain","Greenwashing is a legitimation firm strategy that responds to the increasing demand for environmental engagement. In this study, we examined its impact on firms' financial soundness from creditor and investor viewpoints, exploring the interplay between sustainability spin and economic resilience, and considering the moderating role of ""Board Environmental Orientation"". Using a sample of 1,276 listed European firms over 2002-2022, we showed that high levels of greenwashing worsen firms' financial soundness by increasing the cost of debt and the credit risk. However, firms with highly environmentally-oriented boards may be perceived as more reliable and more likely to implement effective environmental practices, mitigating the negative effect of greenwashing on their financial soundness. Our findings underscored the financial advantages of proactive environmental management and revealed how credible sustainability governance structures, particularly at the board level, can buffer against reputational and financial risks associated with greenwashing. By highlighting this moderating role, we contribute to a better understanding of how firms can maintain financial resilience while navigating increasingly demanding sustainability expectations. The validity of results is supported by several robustness tests: We performed linear regressions with instrumental variables and incorporate a range of well-established, theoretically grounded indicators of credit risk. © 2025 the Author(s).","board environmental orientation; cost of debt; distance to default, Z-score; financial soundness; Greenwashing","","P. Castro; Department of Business Management and Economics, Universidad de León, Facultad de Ciencias Económicas y Empresariales, León, Campus de Vegazana, 24071, Spain; email: paula.castro@unileon.es","","American Institute of Mathematical Sciences","26431092","","","","English","Green.  Financ.","Article","Final","All Open Access; Gold Open Access; Green Open Access","Scopus","2-s2.0-105027398986"
"Boccaletti S.; Gucciardi G.; Ruberti M.","Boccaletti, Simone (57221591135); Gucciardi, Gianluca (56539857500); Ruberti, Massimo (57203743982)","57221591135; 56539857500; 57203743982","Environmental sectoral classification and ESG signals: Evidence on the cost of debt from the EU Taxonomy","2026","Research in International Business and Finance","83","","103267","","","0","10.1016/j.ribaf.2025.103267","https://www.scopus.com/inward/record.uri?eid=2-s2.0-105026593930&doi=10.1016%2Fj.ribaf.2025.103267&partnerID=40&md5=c98dda353f66564508cd710f2d7b9083","Università Cattolica del Sacro Cuore, Dipartimento di Scienze Economiche e Sociali (DISES), IT, Piacenza, Italy; Università del Piemonte Orientale, Dipartimento di Studi per l’Economia e l’Impresa (DISEI), IT, Novara, Italy; Università degli Studi di Milano-Bicocca Dipartimento di Economia, Metodi quantitativi e Strategie d’impresa (DEMS), IT, Milano, Italy","Boccaletti S., Università Cattolica del Sacro Cuore, Dipartimento di Scienze Economiche e Sociali (DISES), IT, Piacenza, Italy; Gucciardi G., Università del Piemonte Orientale, Dipartimento di Studi per l’Economia e l’Impresa (DISEI), IT, Novara, Italy; Ruberti M., Università degli Studi di Milano-Bicocca Dipartimento di Economia, Metodi quantitativi e Strategie d’impresa (DEMS), IT, Milano, Italy","This study examines how sector-level environmental classifications and firm-level ESG performance jointly influence firms’ financing conditions. While ESG scores capture the sustainability profile of individual firms, the EU Taxonomy provides a credible framework to classify the environmental sustainability of entire economic sectors. Using a sample of 770 European companies between 2007 and 2022, we document that companies operating in environmentally sustainable sectors according to the EU Taxonomy enjoy lower debt costs regardless of their individual environmental performance, proxied by ESG scores. Conversely, firms in the other sectors experience lower debt cost only when they achieve higher environmental scores. These findings highlight the complementary roles of sectoral classification and firm-level signals in influencing creditors’ assessment of environmental risk, and underscore the importance for firms in less sustainable sectors to credibly signal their environmental commitment to improve access to debt finance. © 2026 The Authors.","Cost of Debt; ESG ratings; EU Taxonomy; Sustainable Finance; Sustainable Regulation","","M. Ruberti; Università degli Studi di Milano-Bicocca Dipartimento di Economia, Metodi quantitativi e Strategie d’impresa (DEMS), Milano, IT, Italy; email: massimo.ruberti@unimib.it","","Elsevier Ltd","02755319","","","","English","Res. Int. Bus. Financ.","Article","Final","","Scopus","2-s2.0-105026593930"
"Xie H.; Lv X.","Xie, Hongjun (57217092227); Lv, Xue (60169778200)","57217092227; 60169778200","Responsible International Investment: ESG and OFDI in China","2025","China Finance and Economic Review","14","3","","3","22","3","10.1515/cfer-2025-0013","https://www.scopus.com/inward/record.uri?eid=2-s2.0-105020926208&doi=10.1515%2Fcfer-2025-0013&partnerID=40&md5=e30fd24b53f4b25ba7faef0b17efa9b3","School of International Trade and Economics, University of International Business and Economics, Beijing, China; School of International Trade and Economics, Shandong University of Finance and Economics, Shandong, China","Xie H., School of International Trade and Economics, University of International Business and Economics, Beijing, China; Lv X., School of International Trade and Economics, Shandong University of Finance and Economics, Shandong, China","In response to the growing trend of sustainable development in various countries, the specific advantages driving outward foreign direct investment (OFDI) by multinational corporations have undergone significant changes. The emphasis on environmental, social, and governance (ESG) factors and the ESG advantages they create may become a new competitive edge for OFDI. This paper explores the impact and mechanisms of ESG advantages on Chinese enterprises’ OFDI, using data from A-share listed companies between 2009 and 2019. The study finds that ESG advantages can significantly and steadily enhance the likelihood and scale of listed companies’ overseas investments. The investment promotion effect of ESG is mainly evident in greenfield investments and is slightly more pronounced in non-state-owned enterprises. Mechanism analysis shows that ESG advantages can reduce the capital costs (mainly debt costs) of cross-border investments internally, easing financing constraints. Moreover, when confronted with host countries with different ESG levels, multinational corporations with ESG advantages can flexibly leverage social and governance advantages and overcome the disadvantages caused by environmental factors, thereby enhancing corporate OFDI activities. This paper may be the first to confirm the positive impact of corporate ESG advantages on OFDI, revealing the growing importance of responsible enterprises in building a higher-level open economy system at the micro level. It also provides important insights for promoting the image of responsible enterprises and great power globally and realizing the concept of a community with a shared future of humanity. © 2025 Hongjun Xie, Xue Lv, published by De Gruyter.","cost of capital; ESG; financing constraints; foreign direct investment; liability of foreignness; sustainable development","","H. Xie; School of International Trade and Economics, University of International Business and Economics; email: xie_hj@qq.com","","Walter de Gruyter GmbH","20954638","","","","English","Chi. Financ. Econ. Rev.","Article","Final","All Open Access; Hybrid Gold Open Access","Scopus","2-s2.0-105020926208"
"Wang Y.; Zhang Z.; Du Z.","Wang, Yao (57208804214); Zhang, Ziyao (60378727400); Du, Zhili (56841067600)","57208804214; 60378727400; 56841067600","The spillovers of ESG performance on peers' debt financing costs: evidence from China","2026","Environmental Impact Assessment Review","119","","108390","","","0","10.1016/j.eiar.2026.108390","https://www.scopus.com/inward/record.uri?eid=2-s2.0-105029768696&doi=10.1016%2Fj.eiar.2026.108390&partnerID=40&md5=13bd38cbe80d039612687cd7cf7dfe76","School of Finance, Yunnan University of Finance and Economics, China; School of Management, China Institute for Studies in Energy Policy, Xiamen University, Fujian, Xiamen, 361005, China","Wang Y., School of Finance, Yunnan University of Finance and Economics, China; Zhang Z., School of Finance, Yunnan University of Finance and Economics, China; Du Z., School of Management, China Institute for Studies in Energy Policy, Xiamen University, Fujian, Xiamen, 361005, China","Amidst the uncertainties of global economy and relentless march of climate change, companies with strong ESG profiles are increasingly drawing the eye of investors. This shift has elevated ESG to a crucial factor in how capital is distributed. Simultaneously, the impact of ESG is no longer confined to individual firms; it is likely to extend to other enterprises within the same industry, giving rise to the spillover effect discussed in this paper. Employing China's A-share listed companies from 2010 to 2023, this paper explores the spillover effect that high ESG performance exerts on the debt financing costs of peer firms in the same industry. The study obtains interesting findings with practical significance. Firstly, the debt financing costs of peer firms have decreased by 10.58%, which is impacted by the high ratings of the first batch of enterprises to receive ESG ratings from institutions. This spillover effect mainly works through the credit attractiveness of the industry and learning mechanism in peer firms. Secondly, some spillover effects are limited by the constrained impact of a firm's ESG performance on its financing, while others face obstacles in the transmission pathways to peer firms. This paper identifies these differentiated constrains. Finally, the diversity of ESG ratings by third-party agencies can enhance the peer spillovers by enhancing information and inhibiting rent seeking. This study expands the research perspectives incorporating ESG and offers empirical evidence to improve enterprises financing efficiency and industry synergy. © 2026","Cost of debt financing; ESG; Rating diversity; Spillover effects","China; Investments; Cost of debt financing; Debt financing; ESG; Global economies; Learning mechanism; Performance; Rating diversity; Spillover effects; Third parties; Uncertainty; capital market; debt crisis; industrial policy; spillover effect; study perspective; Costs","Z. Du; School of Management, China Institute for Studies in Energy Policy, Xiamen University, Xiamen, Fujian, 361005, China; email: duzhili620@xmu.edu.cn","","Elsevier Inc.","01959255","","EIARD","","English","Environ. Impact Assess. Rev.","Article","Final","","Scopus","2-s2.0-105029768696"
"Wang B.; Wang Z.; Wen J.; Zhang X.T.","Wang, Bo (57836592100); Wang, Zehui (57218110068); Wen, Jun (57260332700); Zhang, Xiaotian Tina (57212045896)","57836592100; 57218110068; 57260332700; 57212045896","Executive gender and firm environmental management: Evidence from CFO transitions","2021","Sustainability (Switzerland)","13","7","3653","","","14","10.3390/su13073653","https://www.scopus.com/inward/record.uri?eid=2-s2.0-85103856912&doi=10.3390%2Fsu13073653&partnerID=40&md5=e1b0c9fb66f80b121dfdca32c25f84be","Stuart School of Business, Illinois Institute of Technology, Chicago, 60661, IL, United States; Software College of Northeastern University, Shenyang, 110169, China; School of Economics and Finance, Xi’an Jiaotong University, Xi’an, 710049, China; Department of Finance, School of Economics and Business Administration, Saint Mary’s College of California, Moraga, 94556, CA, United States","Wang B., Stuart School of Business, Illinois Institute of Technology, Chicago, 60661, IL, United States; Wang Z., Software College of Northeastern University, Shenyang, 110169, China; Wen J., School of Economics and Finance, Xi’an Jiaotong University, Xi’an, 710049, China; Zhang X.T., Department of Finance, School of Economics and Business Administration, Saint Mary’s College of California, Moraga, 94556, CA, United States","We investigate whether female executives influence corporate environmental management (green management). Based on a difference-in-difference approach, our study provides evidence that female CFOs conduct more environmentally responsible activities, and the effects are more prominent when firms are of high risks. Female CFOs are more likely to involve in environmental management voluntarily. Further, environmental management improves firm performance such as debt cost saving. This research advances the gender diversity literature and suggests that female executives play an important role in corporate decisions and firm performance. © 2021 by the authors. Licensee MDPI, Basel, Switzerland.","CFO; Corporate social responsibilities; Environmental management; Executive gender; Female; Firm performance; Green management","corporate strategy; debt; decision analysis; environmental management; firm size; gender","X.T. Zhang; Department of Finance, School of Economics and Business Administration, Saint Mary’s College of California, Moraga, 94556, United States; email: xz4@stmarys-ca.edu","","MDPI AG","20711050","","","","English","Sustainability","Article","Final","All Open Access; Gold Open Access; Green Open Access","Scopus","2-s2.0-85103856912"
"Fiorillo P.; Meles A.; Ricciardi A.; Verdoliva V.","Fiorillo, Paolo (57412159300); Meles, Antonio (56419990400); Ricciardi, Antonio (21735318200); Verdoliva, Vincenzo (55629885300)","57412159300; 56419990400; 21735318200; 55629885300","ESG performance and the cost of debt. Evidence from the corporate bond market","2025","International Review of Financial Analysis","102","","104097","","","21","10.1016/j.irfa.2025.104097","https://www.scopus.com/inward/record.uri?eid=2-s2.0-86000546145&doi=10.1016%2Fj.irfa.2025.104097&partnerID=40&md5=28b67654b7d32d576fddc0247e7cb682","Catholic University of the Sacred Heart, Department of Economics and Social Sciences, Via Emilia Parmense, 84, PC, Piacenza, 29122, Italy; University of Campania “Luigi Vanvitelli”, Department of Economics, Corso Gran Priorato di Malta, CE, Capua, 81043, Italy; University of Calabria, Department of Management and Law, Via P. Bucci, 3/C, CS, Arcavacata di Rende, 87036, Italy; University of Naples Parthenope, Department of Management and Quantitative Studies, Via G. Parisi, 13, NA, Napoli, 80132, Italy","Fiorillo P., Catholic University of the Sacred Heart, Department of Economics and Social Sciences, Via Emilia Parmense, 84, PC, Piacenza, 29122, Italy; Meles A., University of Campania “Luigi Vanvitelli”, Department of Economics, Corso Gran Priorato di Malta, CE, Capua, 81043, Italy; Ricciardi A., University of Calabria, Department of Management and Law, Via P. Bucci, 3/C, CS, Arcavacata di Rende, 87036, Italy; Verdoliva V., University of Naples Parthenope, Department of Management and Quantitative Studies, Via G. Parisi, 13, NA, Napoli, 80132, Italy","We study the impact of ESG performance on the cost of debt in the primary corporate bond market. Using an international sample of 25,234 bonds from 2677 ESG-rated issuers, we analyse yield spreads between bonds from high- and low-ESG-rated issuers, finding lower yields (by about 10 bps) for high-ESG firms. Our results are robust to additional tests, including controls for endogeneity, and are mainly explained by the environmental and social pillars. We also find that this result is driven by more developed financial markets, likely affected by lower information frictions, and by countries where bankruptcy rules guarantee higher protection for bondholders, making them more willing to grant ESG premia. Finally, we observe lower yield spreads for bond issues that occurred after the introduction of the SFDR, highlighting the importance of regulations promoting socially responsible investments. Overall, our results suggest that firms can benefit from superior ESG performance in the form of lower borrowing costs in the corporate bond market. © 2025 The Authors","Bond yields; Corporate bond market; ESG performance; Socially responsible investments","","P. Fiorillo; Catholic University of the Sacred Heart, Department of Economics and Social Sciences, Piacenza, Via Emilia Parmense, 84, PC, 29122, Italy; email: paolo.fiorillo@unicatt.it","","Elsevier Inc.","10575219","","","","English","Int. Rev. Financ. Anal.","Article","Final","All Open Access; Hybrid Gold Open Access","Scopus","2-s2.0-86000546145"
"de Carvalho P.L.; da Martins O.S.; Callado A.L.C.; de Junior A.D.C.","de Carvalho, Patrícia Lacerda (57193750641); da Martins, Orleans Silva (60400386100); Callado, Aldo Leonardo Cunha (56310232600); de Junior, Antonio Deusany Carvalho (60400658000)","57193750641; 60400386100; 56310232600; 60400658000","Evidence on environmental, social and governance practices associated with the cost of capital of companies in the capital markets in G20 countries; [EVIDÊNCIAS SOBRE PRÁTICAS AMBIENTAIS, SOCIAIS E DE GOVERNANÇA ASSOCIADAS AO CUSTO DE CAPITAL NO MERCADO DE CAPITAIS NOS PAÍSES DO G20]; [Evidencia sobre prácticas ambientales, sociales y de gobernanza asociadas con el costo de capital de las empresas en los mercados de capitales de los países del G20]","2024","RAE Revista de Administracao de Empresas","65","1","","","","2","10.1590/S0034-759020250108","https://www.scopus.com/inward/record.uri?eid=2-s2.0-105030238503&doi=10.1590%2FS0034-759020250108&partnerID=40&md5=e7bb3600887ed8b804b0ae5cd318505a","Universidade Federal da Paraíba, Departamento de Administração, PB,, João Pessoa, Brazil; Insper, Departamento de Engenharia da Computação, SP, São Paulo, Brazil","de Carvalho P.L., Universidade Federal da Paraíba, Departamento de Administração, PB,, João Pessoa, Brazil; da Martins O.S., Universidade Federal da Paraíba, Departamento de Administração, PB,, João Pessoa, Brazil; Callado A.L.C., Universidade Federal da Paraíba, Departamento de Administração, PB,, João Pessoa, Brazil; de Junior A.D.C., Insper, Departamento de Engenharia da Computação, SP, São Paulo, Brazil","This study examines the relationship between environmental, social, and governance (ESG) practices and the costs of equity and debt capital in 19 G20 countries, excluding the European Union. Using panel data from 3,651 companies between 2005 and 2021, the ESG scores from Refinitiv (ESG performance) and Bloomberg (ESG disclosure) were applied. The results show a negative and significant relationship between ESG practices and companies’ cost of capital, suggesting that engagement in ESG activities lowers financing costs. Additionally, there is no perfect correlation between ESG performance and ESG disclosure scores, indicating that these metrics capture distinct aspects of corporate sustainability. This study highlights the strategic importance of ESG practices in influencing the cost of capital and emphasizes the need to use distinct metrics to assess the different dimensions of corporate sustainability. © 2025, Fundacao Getulio Vargas. All rights reserved.","cost of capital; cost of debt; cost of equity; ESG; G20","","P.L. de Carvalho; Universidade Federal da Paraíba, Departamento de Administração, João Pessoa, PB,, Brazil; email: patricialacerdac@gmail.com","","Fundacao Getulio Vargas","00347590","","","","English","RAE Rev. Adm. Empresas","Article","Final","All Open Access; Gold Open Access; Green Open Access","Scopus","2-s2.0-105030238503"
"Billio M.; Costola M.; Hristova I.; Latino C.; Pelizzon L.","Billio, Monica (55904339600); Costola, Michele (56705512500); Hristova, Iva (57225942597); Latino, Carmelo (57225932131); Pelizzon, Loriana (7801521733)","55904339600; 56705512500; 57225942597; 57225932131; 7801521733","Sustainable Finance: A Journey Toward ESG and Climate Risk","2024","International Review of Environmental and Resource Economics","18","1-2","","1","75","12","10.1561/101.00000156","https://www.scopus.com/inward/record.uri?eid=2-s2.0-85189895293&doi=10.1561%2F101.00000156&partnerID=40&md5=2f8585817823dd714436f90e534ee58f","Ca’ Foscari University of Venice, Venice, Italy; Leibniz Institute for Financial Research SAFE, Frankfurt, Germany","Billio M., Ca’ Foscari University of Venice, Venice, Italy; Costola M., Ca’ Foscari University of Venice, Venice, Italy; Hristova I., Ca’ Foscari University of Venice, Venice, Italy; Latino C., Leibniz Institute for Financial Research SAFE, Frankfurt, Germany; Pelizzon L., Ca’ Foscari University of Venice, Venice, Italy, Leibniz Institute for Financial Research SAFE, Frankfurt, Germany","Environmental, social, and governance (ESG) factors have gained significant attention and are now a common practice in corporate risk assessment. Nevertheless, the absence of universally accepted standards for measuring ESG risk and impact, along with the difficulty of identifying the materiality of ESG aspects, makes assessing ESG ratings challenging. This paper aims to review the state-of-the-art literature on studies that describe and evaluate ESG rating methodologies and the impact of ESG factors on credit risk, debt and equity costs, and sovereign bonds. We also expand on the topic of ESG research by including a literature strand that focuses on the impact of climate change on financial stability. The reviewed studies suggest that positive ESG ratings are associated with an improvement in credit ratings, a reduction in credit default swap spreads, and a decrease in the costs of equity capital and debt. Finally, we consider the literature discussing the currently predominant sustainable investment (SI) strategies (negative screening and divestment) and their real limited effectiveness, but also suggesting several potential solutions for more appropriate SI strategies, a clearer standardized definition of climate change risk, a better alignment between private profit and social welfare and mostly an ESG focus on outcomes rather than on activities. With regard to the relationship between climate change and credit risk, the literature agrees on the need for adequate scoreboards and an improved disclosure process to address the problem of insufficient data availability and data quality. © 2024 M. Billio et al.","credit risk; debt cost; Environmental, social and governance factors (ESG); equity cost; portfolio management; sovereign bonds","","","","Now Publishers Inc","19321465","","","","English","Int. Rev. Environ. Resour. Econ.","Article","Final","All Open Access; Green Open Access","Scopus","2-s2.0-85189895293"
"Agnese P.; Giacomini E.","Agnese, Paolo (57219387952); Giacomini, Emanuela (55134073200)","57219387952; 55134073200","Bank's funding costs: Do ESG factors really matter?","2023","Finance Research Letters","51","","103437","","","68","10.1016/j.frl.2022.103437","https://www.scopus.com/inward/record.uri?eid=2-s2.0-85140908904&doi=10.1016%2Fj.frl.2022.103437&partnerID=40&md5=48efd60c0d2d7907840ef77d045beb95","Banking and Finance, International Telematic University Uninettuno, Italy; Banking and Finance, University of Macerata, Italy","Agnese P., Banking and Finance, International Telematic University Uninettuno, Italy; Giacomini E., Banking and Finance, University of Macerata, Italy","This study analyzes whether environmental, social and governance (ESG) factors affect the pricing of bank bonds in the primary market. Using a unique dataset of 19,106 fixed-rate senior bonds issued by a sample of 63 EU banks between 2006 and 2021, we find that, ceteris paribus, the cost at issuance is lower for banks with higher ESG scores. Interestingly, the results are not driven by the environmental friendliness of the issuer, but rather by high corporate governance standards and ESG reporting and transparency practices. Our results shed light on the effect of ESG practices on the cost of debt funding in the banking sector, and show a positive role of “sustainable” banking governance practices in reducing the cost of debt financing. © 2022 Elsevier Inc.","Bank bonds; Cost of funding; ESG; Governance","","P. Agnese; Banking and Finance, International Telematic University Uninettuno, Italy; email: paolo.agnese@uninettunouniversity.net","","Elsevier Ltd","15446123","","","","English","Finan. Res. Lett.","Article","Final","All Open Access; Green Open Access","Scopus","2-s2.0-85140908904"
"Naidu D.D.","Naidu, Delane D. (57289776200)","57289776200","The impact of environmental, social, and governance disclosure on credit risk: Evidence from South African firms","2026","South African Journal of Economic and Management Sciences","29","1","a6459","","","0","10.4102/sajems.v29i1.6459","https://www.scopus.com/inward/record.uri?eid=2-s2.0-105029273109&doi=10.4102%2Fsajems.v29i1.6459&partnerID=40&md5=e21922f9eeec9b14cee1644e65eb055e","Department of Finance, Faculty of Finance and Economics, University of the Witwatersrand, Johannesburg, South Africa","Naidu D.D., Department of Finance, Faculty of Finance and Economics, University of the Witwatersrand, Johannesburg, South Africa","Background: Environmental, social, and governance (ESG) disclosure can influence a firm’s credit risk by improving transparency, strengthening risk management, and signalling stability to lenders and rating agencies. In South Africa, where information asymmetry, governance weaknesses, and macroeconomic volatility persist, understanding this relationship is important for promoting financial stability and advancing sustainable investment practices. Aim: This study investigates how ESG disclosure affects three dimensions of credit risk: probability of default (PD), cost of debt (COD), and credit model scores (CMS). It also evaluates whether individual ESG pillars exert distinct effects, thereby identifying which sustainability dimensions are most relevant in the South African context. Setting: The analysis covers 78 non-financial Johannesburg Stock Exchange firms from 2017 to 2023. Method: The study employs baseline ordinary least squares and fixed-effects models, and instrumental-variable two-stage least squares for PD and COD, and ordered probit models, with and without a conditional mixed-process framework, for CMS, allowing treatment of endogeneity. Results: Higher ESG disclosure lowers PD and improves CMS but does not affect COD. Governance drives reductions in PD, while environmental and social pillars strengthen CMS, indicating that ESG components operate through different credit risk channels. Conclusion: Environmental, social, and governance disclosure influences two credit risk measures, highlighting its relevance for credit evaluation in South Africa. Contribution: This study provides the first South African evidence on the ESG-credit risk relationship using different proxies and endogeneity-corrected models. It advances academic debates on ESG in emerging markets and offers practical insights for regulators, lenders, and investors integrating ESG factors into credit-risk evaluation. © 2026. The Author.","cost of debt; credit risk; default risk; ESG disclosure; JSE; probability of default","","D.D. Naidu; Department of Finance, Faculty of Finance and Economics, University of the Witwatersrand, Johannesburg, South Africa; email: delane.naidu@wits.ac.za","","AOSIS (pty) Ltd","10158812","","","","English","S. Afr. J. Econ. Manage Sci.","Article","Final","All Open Access; Gold Open Access; Green Open Access","Scopus","2-s2.0-105029273109"
"Xin Z.; Zhang Z.; Xiang C.","Xin, Zhuoyao (57997458600); Zhang, Zongyi (8396000300); Xiang, Cheng (57203993790)","57997458600; 8396000300; 57203993790","Do suppliers value clients’ ESG profiles? Evidence from Chinese firms","2024","International Review of Economics and Finance","91","","","241","258","29","10.1016/j.iref.2024.01.052","https://www.scopus.com/inward/record.uri?eid=2-s2.0-85183141214&doi=10.1016%2Fj.iref.2024.01.052&partnerID=40&md5=8f566498525fca1f74ea07ce4eaa0b9d","School of Economics and Business Administration, Chongqing University, China","Xin Z., School of Economics and Business Administration, Chongqing University, China; Zhang Z., School of Economics and Business Administration, Chongqing University, China; Xiang C., School of Economics and Business Administration, Chongqing University, China","We investigate whether suppliers value their clients' ESG profiles in China, the largest emerging market featuring low ESG awareness and severe agency problems. We find a robust and negative impact of Chinese firms' ESG scores on their access to trade credit. The 2SLS regression results based on the instrumental variable indicate that the impact is casual. Additionally, the impact is more pronounced for firms with higher agency costs, greater information asymmetry, worse financial performance, and larger ex-ante default risk. These results suggest that suppliers in China view clients' ESG engagement as costly investments caused by agency problems. Finally, we highlight the economic importance of ESG's negative impact on trade credit by showing that trade credit access helps Chinese firms decrease debt costs, increase trade credit provision to downstream firms, and promote R&D inputs. © 2024 Elsevier Inc.","Agency problems; China; ESG; Suppliers; Trade credit","","C. Xiang; School of Economics and Business Administration, Chongqing University, China; email: xiangcheng@cqu.edu.cn","","Elsevier Inc.","10590560","","","","English","Int. Rev. Econ. Financ.","Article","Final","","Scopus","2-s2.0-85183141214"
"Song D.; Hu G.; Li H.; Zhao H.; Wang Z.; Liu Y.","Song, Dechun (60015714900); Hu, Guohui (60015850400); Li, Hanxi (59654681800); Zhao, Hong (57116586300); Wang, Zongshui (55511528400); Liu, Yang (60015448200)","60015714900; 60015850400; 59654681800; 57116586300; 55511528400; 60015448200","Real Estate Market Forecasting for Enterprises in First-Tier Cities: Based on Explainable Machine Learning Models","2025","Systems","13","7","513","","","2","10.3390/systems13070513","https://www.scopus.com/inward/record.uri?eid=2-s2.0-105011682851&doi=10.3390%2Fsystems13070513&partnerID=40&md5=19b715c14da303a1340c82d9f99e7ee4","School of Economics and Management, University of Chinese Academy of Sciences, Beijing, 100190, China; Business School, Beijing Information Science and Technology University, Beijing, 100192, China; Institute of Mathematics and Systems Science, Chinese Academy of Sciences, Beijing, 100190, China; International Business School, Beijing University of Financial Technology, Beijing, 101117, China","Song D., School of Economics and Management, University of Chinese Academy of Sciences, Beijing, 100190, China; Hu G., Business School, Beijing Information Science and Technology University, Beijing, 100192, China; Li H., School of Economics and Management, University of Chinese Academy of Sciences, Beijing, 100190, China; Zhao H., School of Economics and Management, University of Chinese Academy of Sciences, Beijing, 100190, China; Wang Z., Business School, Beijing Information Science and Technology University, Beijing, 100192, China, Institute of Mathematics and Systems Science, Chinese Academy of Sciences, Beijing, 100190, China; Liu Y., International Business School, Beijing University of Financial Technology, Beijing, 101117, China","The real estate market significantly influences individual lives, corporate decisions, and national economic sustainability. Therefore, constructing a data-driven, interpretable real estate market prediction model is essential. It can clarify each factor’s role in housing prices and transactions, offering a scientific basis for market regulation and enterprise investment decisions. This study comprehensively measures the evolution trends of the real estate markets in Beijing, Shanghai, Guangzhou, and Shenzhen, China, from 2003 to 2022 through three dimensions. Then, various machine learning methods and interpretability methods like SHAP values are used to explore the impact of supply, demand, policies, and expectations on the real estate market of China’s first-tier cities. The results reveal the following: (1) In terms of commercial housing sales area, adequate housing supply, robust medical services, and high population density boost the sales area, while demand for small units reflects buyers’ balance between affordability and education. (2) In terms of commercial housing average sales price, growth is driven by education investment, population density, and income, with loan interest rates serving as a stabilizing tool. (3) In terms of commercial housing sales amount, educational expenditure, general public budget expenditure, and real estate development investment amount drive revenue, while the five-year loan benchmark interest rate is the primary inhibitory factor. These findings highlight the divergent impacts of supply, demand, policy, and expectation factors across different market dimensions, offering critical insights for enterprise investment strategies. © 2025 by the authors.","explainable machine learning models; market forecasting; real estate market; real-estate enterprises","Budget control; Commerce; Costs; Economic analysis; Forecasting; Housing; Investments; Learning systems; Machine learning; Office buildings; Population distribution; Population dynamics; Sales; Corporates; Economic sustainability; Explainable machine learning model; Interest rates; Machine learning models; Market forecasting; Real estate enterprise; Real estate market; Supply-demand; Tier cities; Population statistics","H. Li; School of Economics and Management, University of Chinese Academy of Sciences, Beijing, 100190, China; email: lihanxi24@mails.ucas.ac.cn","","Multidisciplinary Digital Publishing Institute (MDPI)","20798954","","","","English","Systems","Article","Final","All Open Access; Gold Open Access; Green Open Access","Scopus","2-s2.0-105011682851"
"Liu Y.; Yan B.","Liu, Yanping (56857215600); Yan, Bo (57192187288)","56857215600; 57192187288","Decisions with options for manufacturers under emission and capital constraints","2025","Journal of the Operational Research Society","76","9","","1929","1945","2","10.1080/01605682.2024.2448544","https://www.scopus.com/inward/record.uri?eid=2-s2.0-85214420801&doi=10.1080%2F01605682.2024.2448544&partnerID=40&md5=7314237341ac00c218321e444369f675","School of Economics and Finance, South China University of Technology, Guangzhou, China","Liu Y., School of Economics and Finance, South China University of Technology, Guangzhou, China; Yan B., School of Economics and Finance, South China University of Technology, Guangzhou, China","Emission constraints, capital constraints, and demand uncertainty seriously threaten the survival and development of enterprises. However, few studies have considered the enterprises’ ordering strategies of emission allowances when these threats coexist. Based on this research gap, this paper analyzes the optimal order quantities of emissions allowances under four circumstances when a manufacturer adopts two ordering strategies (pure emission credit strategy and portfolio strategy) under two capital positions (capital adequacy and capital constraints) respectively. The portfolio strategy includes emission options that can help enterprises avoid risks. Through theoretical analysis and numerical simulation, the conclusions show that the sensitivity of the optimal order quantities to exogenous variables is not affected by the manufacturer’s capital position, or even by the ordering strategy. Besides, in a perfectly competitive capital market, the optimal order quantity is independent of the loan interest rate and the initial capital. More importantly, under the same capital position, the portfolio strategy can better meet the capacity demand of the manufacturer and obtain greater profits. Under the same ordering strategy, the working capital will limit the manufacturer’s capacity, and the higher the interest rate, the more serious the restriction. © 2025 The Operational Research Society.","Energy; environment; finance; supply chain; sustainability","Capital constraints; Demand uncertainty; Emission allowances; Emission constraints; Energy; Environment; Interest rates; Optimal order quantity; Ordering strategy; Portfolio strategies; Decentralized finance","B. Yan; School of Economics and Finance, South China University of Technology, Guangzhou, China; email: yanbo@scut.edu.cn","","Taylor and Francis Ltd.","01605682","","JORSD","","English","J.Oper.Res.Soc.","Article","Final","","Scopus","2-s2.0-85214420801"
"Duggal N.; He L.; Shaw T.S.","Duggal, Naina (58928716700); He, Lerong (23667313800); Shaw, Tara Shankar (55116887100)","58928716700; 23667313800; 55116887100","Mandatory corporate social responsibility spending, family control, and the cost of debt","2025","British Accounting Review","57","4","101356","","","18","10.1016/j.bar.2024.101356","https://www.scopus.com/inward/record.uri?eid=2-s2.0-85187257511&doi=10.1016%2Fj.bar.2024.101356&partnerID=40&md5=d219118db669647e80276fe9416c26da","Department of Economics, Indian Institute of Technology Bombay, Powai, Mumbai, 400 076, India; School of Business, State University of New York at Geneseo, Geneseo, 14454, NY, United States","Duggal N., Department of Economics, Indian Institute of Technology Bombay, Powai, Mumbai, 400 076, India; He L., School of Business, State University of New York at Geneseo, Geneseo, 14454, NY, United States; Shaw T.S., Department of Economics, Indian Institute of Technology Bombay, Powai, Mumbai, 400 076, India","This paper examines how corporate compliance with the mandatory corporate social responsibility (CSR) spending regulation affects its cost of debt and how this effect varies with family control and ownership. Utilizing a longitudinal sample of Indian listed firms, we document that compliance with the CSR spending regulation leads to a lower cost of debt, and this relationship is more salient in non-family firms than in family firms. Moreover, the attenuation effect of family firms is stronger in firms both controlled and managed by families, with larger family ownership or managed by non-founder CEOs. We also find that the efficacy of compliance in reducing the cost of borrowing is stronger in firms engaged in CSR activities before the regulatory mandate. Our results are robust to endogeneity tests, different estimation methods, and alternative measures. Overall, we demonstrate that CSR compliance conveys valuable information on firm characteristics through both signaling and screening channels, consequently affecting debtholders' evaluation of firm risk and shaping their lending decisions. However, debtholders' assessments and decisions vary with firms’ ownership and control structure. © 2024 Elsevier Ltd","Corporate social responsibility; Cost of debt; Family firms; India; Regulatory compliance","","L. He; School of Business, State University of New York at Geneseo, Geneseo, 14454, United States; email: lhe@geneseo.edu","","Academic Press","08908389","","","","English","Br. Account. Rev.","Article","Final","","Scopus","2-s2.0-85187257511"
"Pohl C.; Schüler G.; Schiereck D.","Pohl, Christian (57221191925); Schüler, Gregor (58064716700); Schiereck, Dirk (55883510000)","57221191925; 58064716700; 55883510000","Borrower- and lender-specific determinants in the pricing of sustainability-linked loans","2023","Journal of Cleaner Production","385","","135652","","","28","10.1016/j.jclepro.2022.135652","https://www.scopus.com/inward/record.uri?eid=2-s2.0-85146248665&doi=10.1016%2Fj.jclepro.2022.135652&partnerID=40&md5=52da1f4e5ef040cc336461448924d9a1","Department of Business Administration, Economics and Law, Technische Universität Darmstadt, Hochschulstr. 1, Darmstadt, 64289, Germany","Pohl C., Department of Business Administration, Economics and Law, Technische Universität Darmstadt, Hochschulstr. 1, Darmstadt, 64289, Germany; Schüler G., Department of Business Administration, Economics and Law, Technische Universität Darmstadt, Hochschulstr. 1, Darmstadt, 64289, Germany; Schiereck D., Department of Business Administration, Economics and Law, Technische Universität Darmstadt, Hochschulstr. 1, Darmstadt, 64289, Germany","The financial industry has developed a wide breadth of instruments to support the growing number of firms interested in socially responsible, or “sustainable”, investing. The use of the most well-known, green bonds, is generally limited to investments defined by the Green Bond Principles. However, more flexible sustainability-linked loans (SLLs) have skyrocketed in importance recently. In 2021, they became the largest corporate debt type including a sustainable feature, raising USD 735 billion globally. Existing evidence on the potential lower yields of green bonds, also known as the greenium, supports their attractiveness from a borrower's perspective. Contrary to this evidence, however, little is yet known about the financial attractiveness of SLLs. We address this research gap, and provide new findings on the yields of sustainability-linked loan financing. We study 121 SLLs originated in 2021, and compare them to peers of matched conventional loans featuring similar characteristics. We find that SLLs are associated with lower initial yields for borrowers. This benefit is more pronounced for borrowers with strong environmental profiles, and for loan originations conducted using a lender syndicate with high environmental standards. The financial benefits, coupled with their flexible structure, suggest that SLLs can be an attractive tool for companies from a variety of sectors to use in managing sustainable business transformations and addressing the challenges of climate change. © 2022 Elsevier Ltd","Bank loans; Corporate sustainability; Cost of debt; Sustainable finance","Climate change; Economics; Flexible structures; Sustainable development; Bank loans; Corporate-debt; Corporate-sustainability; Cost of debt; Environmental profile; Environmental standards; Financial industry; Low-yield; Research gaps; Sustainable finance; Costs","C. Pohl; Department of Business Administration, Economics and Law, Technische Universität Darmstadt, Darmstadt, Hochschulstr. 1, 64289, Germany; email: christian.pohl1@tu-darmstadt.de","","Elsevier Ltd","09596526","","JCROE","","English","J. Clean. Prod.","Article","Final","All Open Access; Green Open Access","Scopus","2-s2.0-85146248665"
"Jang G.-Y.; Kang H.-G.; Lee J.-Y.; Bae K.","Jang, Ga-Young (57216824896); Kang, Hyoung-Goo (53868160900); Lee, Ju-Yeong (57216832287); Bae, Kyounghun (57200194436)","57216824896; 53868160900; 57216832287; 57200194436","ESG scores and the credit market","2020","Sustainability (Switzerland)","12","8","3456","","","80","10.3390/SU12083456","https://www.scopus.com/inward/record.uri?eid=2-s2.0-85084820130&doi=10.3390%2FSU12083456&partnerID=40&md5=2d71e78d7b09e229d672b9e621992f45","Department of Finance, Hanyang University Business School, Seoul, 04763, South Korea","Jang G.-Y., Department of Finance, Hanyang University Business School, Seoul, 04763, South Korea; Kang H.-G., Department of Finance, Hanyang University Business School, Seoul, 04763, South Korea; Lee J.-Y., Department of Finance, Hanyang University Business School, Seoul, 04763, South Korea; Bae K., Department of Finance, Hanyang University Business School, Seoul, 04763, South Korea","This study analyzes the relationship between Environmental, Social and Governance (ESG) scores and bond returns using the corporate bond data in Korea during the period of 2010 to 2015. We find that ESG scores include valuable information about the downside risk of firms. This effect is particularly salient for the firms with high information asymmetry such as small firms. Interestingly, of the three ESG criteria, only environmental scores show a significant impact on bond returns when interacted with the firm size, suggesting that high environmental scores lower the cost of debt financing for small firms. Finally, ESG is complementary to credit ratings in assessing credit quality as credit ratings cannot explain away ESG effects in predicting future bond returns. This result suggests that credit rating agencies should either integrate ESG scores into their current rating process or produce separate ESG scores which bond investors integrate with the existing credit ratings by themselves. © 2020 by the authors.","","Korea; corporate strategy; credit provision; debt; firm size; risk assessment; small and medium-sized enterprise","H.-G. Kang; Department of Finance, Hanyang University Business School, Seoul, 04763, South Korea; email: hyoungkang@ehanyang.ac.kr","","MDPI","20711050","","","","English","Sustainability","Article","Final","All Open Access; Gold Open Access; Green Open Access","Scopus","2-s2.0-85084820130"
"Guo M.; Zheng C.; Li J.","Guo, Mingyuan (14015616100); Zheng, Chendi (57221446738); Li, Junyao (58261726000)","14015616100; 57221446738; 58261726000","Corporate social responsibility and debt financing cost: evidence from China","2024","Environment, Development and Sustainability","26","7","","17475","17503","16","10.1007/s10668-023-03348-0","https://www.scopus.com/inward/record.uri?eid=2-s2.0-85159672036&doi=10.1007%2Fs10668-023-03348-0&partnerID=40&md5=60b2e667ea747fc15f480e2d0169f184","College of Management and Economics, Tianjin University, Tianjin, 300072, China","Guo M., College of Management and Economics, Tianjin University, Tianjin, 300072, China; Zheng C., College of Management and Economics, Tianjin University, Tianjin, 300072, China; Li J., College of Management and Economics, Tianjin University, Tianjin, 300072, China","Compared with financial information, whether corporate social responsibility disclosure has impacts on debt financing cost has obviously become a heated topic in the academic. This paper selects A-share listed companies in Shanghai and Shenzhen stock markets of China from 2013 to 2017 as sample to study the impact of corporate social responsibility disclosure on debt financing cost, including bond financing cost and bank loan cost. In addition, this paper divides the sample into voluntary corporate social responsibility disclosure group and mandatory corporate social responsibility disclosure group and studies whether the effects of voluntary corporate social responsibility disclosure and mandatory corporate social responsibility disclosure on bond financing cost and bank loan cost are different. The empirical results are presented as follows: Firstly, enterprise disclosing high-quality corporate social responsibility report is more conducive to reducing the debt financing cost. Specifically, corporate social responsibility disclosure significantly lowers both the bond financing cost and bank loan cost. Moreover, the reduction impact of corporate social responsibility disclosure on bond financing cost is greater than that of bank loan cost. Secondly, enterprises voluntarily disclosing corporate social responsibility reports are more conducive to reducing the debt financing cost than that of enterprises mandatorily disclosing corporate social responsibility reports. Thirdly, non-state-owned enterprises are more conducive to reducing debt financing cost than that of state-owned enterprise. The enterprises with more market competition are more conducive to reducing the debt financing cost than the oligopolistic enterprises. Finally, this paper concludes and gives policy implications. This paper amplifies the literature regarding the economic consequences of corporate social responsibility disclosure and improves the understanding of the impact of corporate social responsibility disclosure on debt financing cost. © The Author(s), under exclusive licence to Springer Nature B.V. 2023.","Bank loan cost; Bond financing cost; China; Corporate social responsibility; Panel data model","China; Guangdong; Shanghai; Shenzhen; corporate social responsibility; debt; economic impact; financial system; panel data; policy making","M. Guo; College of Management and Economics, Tianjin University, Tianjin, 300072, China; email: leu2@163.com","","Springer Science and Business Media B.V.","1387585X","","EDSNB","","English","Environ. Dev. Sustainability","Article","Final","","Scopus","2-s2.0-85159672036"
"Liu L.","Liu, Lewis (57431057100)","57431057100","Impact of firm ESG performance on cost of debt: insights from the Chinese Bond Market","2024","Macroeconomics and Finance in Emerging Market Economies","","","","","","8","10.1080/17520843.2024.2432075","https://www.scopus.com/inward/record.uri?eid=2-s2.0-85210446545&doi=10.1080%2F17520843.2024.2432075&partnerID=40&md5=903a70ba74b3e587158bb524d5bf743d","UQ Business School, The University of Queensland, Brisbane, QLD, Australia","Liu L., UQ Business School, The University of Queensland, Brisbane, QLD, Australia","This study investigates the relationship between environmental, social, and governance (ESG) performance and cost of debt in Chinese corporate bond market from 2010 to 2019. The research aims to address the increasing importance of ESG considerations in financial decision-making. The study reveals the significance of specific ESG factors, such as environmental innovation, CSR committees, in influencing bond spreads. To enhance robustness, the robust tests including PSM, lagged variables, 2SLS, GMM, reinforcing the comprehensive nature of its findings. These results underscore the significance of ESG considerations in debt pricing, contributes valuable insights to academia and practitioners in sustainable finance. © 2024 Informa UK Limited, trading as Taylor & Francis Group.","bond spread; cost of debt; ESG performance; public debt","","L. Liu; UQ Business School, The University of Queensland, Brisbane, Australia; email: l.liu@business.uq.edu.au","","Routledge","17520843","","","","English","Macroeconomics Financ. Emerg. Mark. Econ.","Article","Article in press","","Scopus","2-s2.0-85210446545"
"Maria M.M.L.; da Silva Zonatto V.C.; Júnior E.M.; Louzada L.C.; Nascimento S.P.","Maria, Michele Monteiro Lirio (57203962243); da Silva Zonatto, Vinícius Costa (35790901200); Júnior, Elizeu Maria (58660869700); Louzada, Luiz Cláudio (56709593100); Nascimento, Schleiden Pinheiro (59133467300)","57203962243; 35790901200; 58660869700; 56709593100; 59133467300","THE PRACTICE OF GREEN WASHING MOTIVATED BY FINANCIAL CONSTRAINTS: AN ANALYSIS IN GLOBAL ECONOMIES; [A PRÁTICA DE GREENWASHING MOTIVADA POR RESTRIÇÕES FINANCEIRAS: UMA ANÁLISE EM ECONOMIAS GLOBAIS]; [LA PRÁCTICA DEL LAVADO VERDE MOTIVADO POR RESTRICCIONES FINANCIERAS: UN ANÁLISIS EN LAS ECONOMÍAS GLOBALES.]","2024","Revista de Gestao Social e Ambiental","18","7","e06084","","","3","10.24857/RGSA.V18N7-060","https://www.scopus.com/inward/record.uri?eid=2-s2.0-85193475786&doi=10.24857%2FRGSA.V18N7-060&partnerID=40&md5=7dbff9fd59697dc640fd3762225d5290","Universidade Federal do Espírito Santo, Brazil; Universidade Federal de Santa Maria (UFSM), Brazil","Maria M.M.L., Universidade Federal do Espírito Santo, Brazil; da Silva Zonatto V.C., Universidade Federal de Santa Maria (UFSM), Brazil; Júnior E.M., Universidade Federal do Espírito Santo, Brazil; Louzada L.C., Universidade Federal do Espírito Santo, Brazil; Nascimento S.P., Universidade Federal do Espírito Santo, Brazil","Objective: The aim of this study is to analyze if the practice of Greenwashing is related to the level of financial constraints of companies in the capital market. Theoretical Framework: This section presents the main concepts and theories that underpin the research. Relevant theories, models, or frameworks are highlighted, providing a solid foundation for understanding the research context. Method: To achieve this objective, this research proposes an econometric model that seeks to relate variables representing financial constraint conditions to the Greenwash score. For this purpose, financial data from 3,574 companies from 21 countries were analyzed for the period between 2016 and 2022. The proposed model in the research was analyzed through multiple linear regression with panel data. Results and Discussion: The results obtained allow inferring that the variables used to capture the level of financial constraint of companies are significantly related to the practice of Greenwashing. However, the Financial Risk and Debt Cost variables were negatively associated with the Greenwash score, showing a relationship with the dependent variable diverging from what was expected. Research Implications: The results of this research allow inferring for the analyzed sample that the practice of Greenwashing is impacted by the financial constraint situation of companies. Such a result can contribute to academic studies on best ESG practices and provide support for improving market monitoring regarding the manipulation of Corporate Social Responsibility actions by companies. Originality/Value: This study contributes to the literature by expanding the analysis of Greenwashing practice to a significant and representative sample of companies in relation to the largest global economies. The relevance and value of this research are evidenced by evaluating aspects of corporate management beyond financial ones, relating environmental and social aspects to the financial risks of companies in the capital market. © 2024 ANPAD - Associacao Nacional de Pos-Graduacao e Pesquisa em Administracao. All rights reserved.","ESG; Financial Constraints; Greenwashing; Market Value","","","","ANPAD - Associacao Nacional de Pos-Graduacao e Pesquisa em Administracao","1981982X","","","","English","Rev. Gestao Soc. Ambient.","Article","Final","All Open Access; Hybrid Gold Open Access","Scopus","2-s2.0-85193475786"
"Li W.; Padmanabhan P.; Huang C.-H.","Li, WeiWei (58674178100); Padmanabhan, Prasad (56262782100); Huang, Chia-Hsing (55255377000)","58674178100; 56262782100; 55255377000","ESG and debt structure: Is the nature of this relationship nonlinear?","2024","International Review of Financial Analysis","91","","103027","","","52","10.1016/j.irfa.2023.103027","https://www.scopus.com/inward/record.uri?eid=2-s2.0-85175377053&doi=10.1016%2Fj.irfa.2023.103027&partnerID=40&md5=b47786f663a1aca63cd5d1baf3fc8d55","SolBridge International School of Business, Daejeon, South Korea; Greehey School of Business, St. Mary's University, San Antonio, TX, United States","Li W., SolBridge International School of Business, Daejeon, South Korea; Padmanabhan P., Greehey School of Business, St. Mary's University, San Antonio, TX, United States; Huang C.-H., SolBridge International School of Business, Daejeon, South Korea","The relationships between environment, social, and governance (ESG) scores and debt structure are examined using the two-stage least square model with annual data from Chinese listed firms over the 2011–2020 period. The research results suggest that the ESG composite scores and long-term debt have a U curve based nonlinear relationship. The results are robust to endogeneity concerns, alternative regression model specifications, alternative ESG scores, and after controlling for additional variables. In addition, the relationship between debt maturity and S scores (but not the E and G scores) is significant in the nonlinear model. Second, the effect of ESG on long-term debt is stronger for firms within polluting industries when compared to firms in less polluting industries. Third, the effect of ESG on long-term debt is stronger when economic policy uncertainty is low. Fourth, dynamic effect investigations show that ESG activities generate long-term effects on debt maturity. Finally, an inverse U curve relationship between ESG scores and cost of debt is documented. All these results are consistent with the well-established trade-off theory. Policy wise, firms should pay attention to the S dimension when considering debt structure, and to the economic policy environment when considering the impact of ESG activities on debt structure. Academic research can focus on verifying whether these results are generalizable across countries and the stage of economic development of markets investigated. © 2023 Elsevier Inc.","Corporate finance; Debt structure; ESG","","C.-H. Huang; SolBridge International School of Business, Daejeon, South Korea; email: koreasing@solbridge.ac.kr","","Elsevier Inc.","10575219","","","","English","Int. Rev. Financ. Anal.","Article","Final","","Scopus","2-s2.0-85175377053"
"Chen J.; Guo X.; Liu R.","Chen, Jinyu (56263993100); Guo, Xinyu (59241588600); Liu, Ran (57546309900)","56263993100; 59241588600; 57546309900","ESG Rating Uncertainty and the Cost of Debt Financing","2025","International Journal of Finance and Economics","30","4","","4328","4342","10","10.1002/ijfe.3123","https://www.scopus.com/inward/record.uri?eid=2-s2.0-85216075512&doi=10.1002%2Fijfe.3123&partnerID=40&md5=ba0770eab4e7701fd026ac423efd78e3","School of Business, Central South University, Changsha, China; Institute of Metal Resources Strategy, Central South University, Changsha, China","Chen J., School of Business, Central South University, Changsha, China, Institute of Metal Resources Strategy, Central South University, Changsha, China; Guo X., School of Business, Central South University, Changsha, China; Liu R., School of Business, Central South University, Changsha, China","Using A-share listed companies in 2011–2022 as a research sample, this study manually calculates and constructs Environment, Social and Government (ESG) rating uncertainty at the level of Chinese listed companies and examines whether and how ESG rating uncertainty affects firms' cost of debt financing. The empirical results demonstrate that ESG rating uncertainty raises firms' debt financing costs. After a string of robustness tests, the results are still robust. Mechanism analysis identifies credit risk and corporate reputation as the primary channels driving this relationship. Furthermore, high levels of firm's internal control, region's public environmental concerns and the level of financial agglomeration are conducive to mitigating the adverse effects of ESG rating uncertainty. This article enriches the research on the impact of ESG rating uncertainty on microeconomic agents in emerging markets and provides new perspectives to alleviate corporate financing constraints. © 2025 John Wiley & Sons Ltd.","corporate reputation; cost of debt financing; credit risk; ESG rating uncertainty; financing constraint","China; credit provision; debt; empirical analysis; finance","R. Liu; School of Business, Central South University, Changsha, China; email: lr_4325@csu.edu.cn","","John Wiley and Sons Ltd","10769307","","","","English","Int. J. Financ. Econ.","Article","Final","","Scopus","2-s2.0-85216075512"
"Tron A.; Franceschi L.F.; Colantoni F.; Paolone F.","Tron, Alberto (56596486300); Franceschi, Luca Francesco (59767724200); Colantoni, Federico (57863221200); Paolone, Francesco (57191258722)","56596486300; 59767724200; 57863221200; 57191258722","ESG Dynamics: Assessing the Link Between Sustainability Practices and the Cost of Capital","2025","Corporate Social Responsibility and Environmental Management","32","4","","5038","5053","8","10.1002/csr.3231","https://www.scopus.com/inward/record.uri?eid=2-s2.0-105004204482&doi=10.1002%2Fcsr.3231&partnerID=40&md5=adf6aeae89aea150a840fbdf0a7e8249","Department of Economics, Statistics and Business, Universitas Mercatorum, Rome, Italy; University of Cattolica Sacro-Cuore of Milan, Milan, Italy; SDA Bocconi, Milan, Italy","Tron A., Department of Economics, Statistics and Business, Universitas Mercatorum, Rome, Italy; Franceschi L.F., University of Cattolica Sacro-Cuore of Milan, Milan, Italy; Colantoni F., SDA Bocconi, Milan, Italy; Paolone F., Department of Economics, Statistics and Business, Universitas Mercatorum, Rome, Italy","This paper investigates the relationships between environmental, social, and governance performance and the cost of capital in the European context. Using data from 489 publicly listed companies in the STOXX Europe 600 index over an 8-year period (2015–2022), comprising 3317 firm-year observations, we analyze variations in this relationship over time. Our findings indicate that companies with strong ESG performance tend to enjoy lower costs of debt, reflecting favorable borrowing conditions perceived by debt financiers. Conversely, we observe a positive relationship between ESG performance and the cost of equity, suggesting higher expected returns for equity investors due to perceived long-term risk. Furthermore, temporal analysis reveals that the relationship between ESG performance and the cost of capital became more pronounced from 2020 to 2022, potentially driven by heightened attention to sustainability practices and regulatory interventions. This study contributes to the theoretical understanding of the evolving role of sustainability in financial markets and its implications for corporate finance decisions. © 2025 ERP Environment and John Wiley & Sons Ltd.","cost of capital; cost of debt; cost of equity; ESG; WACC","","F. Paolone; Department of Economics, Statistics and Business, Universitas Mercatorum, Rome, Italy; email: francesco.paolone@unimercatorum.it","","John Wiley and Sons Ltd","15353958","","","","English","Corp. Soc. Responsib. Environ. Manage.","Article","Final","","Scopus","2-s2.0-105004204482"
"Moussa T.; Krasnikova N.; Postoyeva M.; Hawas A.; Helfaya A.","Moussa, Tantawy (57194065885); Krasnikova, Natalia (57200648246); Postoyeva, Maria (60127768800); Hawas, Amira (57186600300); Helfaya, Akrum (57189231861)","57194065885; 57200648246; 60127768800; 57186600300; 57189231861","Sustainability Performance, Cost of Debt, and Institutional Environment Quality: Global Evidence From the Hospitality and Tourism Industry","2026","Business Strategy and the Environment","35","2","","1712","1734","0","10.1002/bse.70230","https://www.scopus.com/inward/record.uri?eid=2-s2.0-105017926071&doi=10.1002%2Fbse.70230&partnerID=40&md5=b7c31a31f28108ddeb8ff43b8f90e614","School of Finance and Accounting, University of Westminster, London, United Kingdom; Department of Accounting & Finance, University of Sussex, Brighton, United Kingdom; Keele University, Staffordshire, Keele, United Kingdom; Damanhour University, Damanhur, Egypt","Moussa T., School of Finance and Accounting, University of Westminster, London, United Kingdom; Krasnikova N., School of Finance and Accounting, University of Westminster, London, United Kingdom; Postoyeva M., School of Finance and Accounting, University of Westminster, London, United Kingdom; Hawas A., Department of Accounting & Finance, University of Sussex, Brighton, United Kingdom; Helfaya A., Keele University, Staffordshire, Keele, United Kingdom, Damanhour University, Damanhur, Egypt","This study examines how sustainability performance affects the cost of debt financing in the hospitality and tourism industry and whether institutional environment quality moderates this relationship. Using a dataset of 2302 firm-year observations from 34 countries between 2010 and 2022, the results show that sustainability performance is negatively associated with the cost of debt financing, indicating that sustainability initiatives reduce lender-perceived risk. Notably, institutional environment quality strengthens this relationship, as countries with stronger governance frameworks and regulatory enforcement enable lenders to reward sustainability commitments more effectively. However, the association weakened during the COVID-19 pandemic, highlighting how systemic uncertainty altered lender risk perceptions and curtailed the financial benefits of sustainability practices. The findings remain robust across alternative measures, different model specifications, and controls for endogeneity. The findings provide new cross-country evidence on how firm-level sustainability initiatives interact with institutional contexts to shape debt financing costs in the hospitality and tourism industry. This study extends neo-institutional and stakeholder theories by demonstrating how sustainability practices and national governance jointly influence the cost of debt. It also offers critical insights for managers, lenders, and policymakers seeking to align sustainability strategies with financial resilience. © 2025 The Author(s). Business Strategy and the Environment published by ERP Environment and John Wiley & Sons Ltd.","cost of debt; COVID-19 pandemic; hospitality and tourism; institutional environment quality; sustainability performance; sustainable finance","COVID-19; debt; hospitality industry; pandemic; perception; sustainability; tourism market","T. Moussa; School of Finance and Accounting, University of Westminster, London, United Kingdom; email: t.moussa@westminster.ac.uk","","John Wiley and Sons Ltd","09644733","","","","English","Bus. Strategy Environ.","Article","Final","All Open Access; Hybrid Gold Open Access","Scopus","2-s2.0-105017926071"
"Houqe M.N.; Ahmed K.; Richardson G.","Houqe, Muhammad Nurul (55315295500); Ahmed, Kamran (9272462600); Richardson, Grant (14825601700)","55315295500; 9272462600; 14825601700","The Effect of Environmental, Social, and Governance Performance Factors on Firms’ Cost of Debt: International Evidence","2020","International Journal of Accounting","55","3","2050014","","","43","10.1142/S1094406020500146","https://www.scopus.com/inward/record.uri?eid=2-s2.0-85092769705&doi=10.1142%2FS1094406020500146&partnerID=40&md5=2be4b8096515802ef841b1a0fce3b68d","School of Accountancy, Massey Business School, Massey University, New Zealand; La Trobe Business School, La Trobe University, Melbourne, Australia; Macquarie Business School, Macquarie University, Sydney, Australia","Houqe M.N., School of Accountancy, Massey Business School, Massey University, New Zealand; Ahmed K., La Trobe Business School, La Trobe University, Melbourne, Australia; Richardson G., Macquarie Business School, Macquarie University, Sydney, Australia","This study examines the effect of environmental, social, and governance (ESG) performance on firms’ cost of debt (COD). Based on a sample of 18,950 firm-year observations from 41 countries over the period of 2008–2015, we find a significant negative association between aggregate ESG performance and firms’ COD. We also observe a significant negative association between the individual ESG performance factors (E, S, and G) and firms’ COD. In addition, the negative association between aggregate/individual ESG performance and firms’ COD is economically significant, ranging from 16.93% to 21.20% of median COD values. Finally, disclosure of ESG performance, stakeholder orientation, investor protection, control of corruption, and social progress have pronounced effects on the negative association between ESG performance and firms’ COD. Taken together, our results suggest that ESG performance has a significant negative effect on firms’ COD from an international perspective. © 2020 Board of Trustees, Vernon K. Zimmerman Center, University of Illinois.","cost of debt; Environment; social and governance performance","","K. Ahmed; La Trobe Business School, La Trobe University, Melbourne, Australia; email: K.Ahmed@latrobe.edu.au","","World Scientific","10944060","","","","English","Int. J. Account.","Article","Final","","Scopus","2-s2.0-85092769705"
"Zheng L.; Gao P.; Wang M.","Zheng, Liyuan (57896441400); Gao, Pengqun (57278272800); Wang, Mengjiao (57670289100)","57896441400; 57278272800; 57670289100","The Economic Impact of Water Vulnerability on Corporate Sustainability: A Perspective of Corporate Capital Cost","2024","Water (Switzerland)","16","18","2560","","","4","10.3390/w16182560","https://www.scopus.com/inward/record.uri?eid=2-s2.0-85205128271&doi=10.3390%2Fw16182560&partnerID=40&md5=191d022443b3237f6388cab37eb0164d","School of Business, Hohai University, Nanjing, 211100, China; School of Business, Jiangsu Open University, Nanjing, 210036, China","Zheng L., School of Business, Hohai University, Nanjing, 211100, China; Gao P., School of Business, Jiangsu Open University, Nanjing, 210036, China; Wang M., School of Business, Hohai University, Nanjing, 211100, China","Studies have argued that water risk affects corporate sustainability, but few of them have fully explored whether or not and how water resources have a direct impact on corporate finance and strategy. This study takes the listed companies in the Chinese A-share market from 2019 to 2023 as a sample to understand the threat of water vulnerability to corporate sustainability from the perspective of capital cost. This study argues that water vulnerability positively relates to corporate capital cost by increasing corporate financing constraints. Meanwhile, this study also examines the role of water regulation and water investment in the relationship between water vulnerability and corporate capital cost. Water regulation brings legitimate pressure to corporations and increases the transformation risks faced by them, so it has a positive moderating effect. Water investment can alleviate the vulnerability of local water resources and reduce the physical water risk faced by corporations, so it has a negative moderating effect. The study finds that the two measures mainly play a significant moderating effect on the cost of debt. In addition, the study finds that the positive relationship between water vulnerability and capital cost has industrial and firm-level heterogeneity, while the moderating effect of government water governance has only industrial heterogeneity. © 2024 by the authors.","capital cost; cost of debts; cost of equity; SOEs; water governance; water investment; water regulation; water risk; water vulnerability; water-intensive industry","Capitals costs; Cost of debt; Cost of equity; SOE; Water governance; Water investment; Water regulation; Water risk; Water vulnerabilities; Water-intensive industry; capital provision; economic impact; interest rate; market system; standard (regulation); sustainability; vulnerability; water industry; water management; Decentralized finance","P. Gao; School of Business, Jiangsu Open University, Nanjing, 210036, China; email: ghh08281993@163.com","","Multidisciplinary Digital Publishing Institute (MDPI)","20734441","","","","English","Water","Article","Final","All Open Access; Gold Open Access; Green Open Access","Scopus","2-s2.0-85205128271"
"Nazir M.; Akbar M.; Akbar A.; Poulovo P.; Hussain A.; Qureshi M.A.","Nazir, Marina (57225922553); Akbar, Minhas (57205662507); Akbar, Ahsan (57205028894); Poulovo, Petra (57339908800); Hussain, Ammar (57220989133); Qureshi, Muhammad Azeem (23978636100)","57225922553; 57205662507; 57205028894; 57339908800; 57220989133; 23978636100","The nexus between corporate environment, social, and governance performance and cost of capital: evidence from top global tech leaders","2022","Environmental Science and Pollution Research","29","15","","22623","22636","45","10.1007/s11356-021-17362-0","https://www.scopus.com/inward/record.uri?eid=2-s2.0-85119187425&doi=10.1007%2Fs11356-021-17362-0&partnerID=40&md5=7de3d0a55952f0aab05b21ce85fe4a1a","Department of Management Sciences, COMSATS University Islamabad (Sahiwal Campus), Sahiwal, 5700, Pakistan; International Business School, Guangzhou City University of Technology, Guangzhou, 510080, China; Department of Informatics and Quantitative Methods, Faculty of Informatics and Management, University of Hradec Králové, Hradec Králové, 50003, Czech Republic; Oslo Business School, Oslo Metropolitan University, Oslo, 0130, Norway; Bjørknes University College Business School, Lovisenbergata 13, Oslo, 0456, Norway","Nazir M., Department of Management Sciences, COMSATS University Islamabad (Sahiwal Campus), Sahiwal, 5700, Pakistan; Akbar M., Department of Management Sciences, COMSATS University Islamabad (Sahiwal Campus), Sahiwal, 5700, Pakistan; Akbar A., International Business School, Guangzhou City University of Technology, Guangzhou, 510080, China; Poulovo P., Department of Informatics and Quantitative Methods, Faculty of Informatics and Management, University of Hradec Králové, Hradec Králové, 50003, Czech Republic; Hussain A., Department of Management Sciences, COMSATS University Islamabad (Sahiwal Campus), Sahiwal, 5700, Pakistan; Qureshi M.A., Oslo Business School, Oslo Metropolitan University, Oslo, 0130, Norway, Bjørknes University College Business School, Lovisenbergata 13, Oslo, 0456, Norway","The nexus between corporate environment, social, and governance (ESG) performance and the consequent financial performance have been extensively explored in the literature. However, little is known whether the investment in ESG endeavors has any implication for the cost of capital of an enterprise. The present study investigates the impact of ESG performance of top global technology leading firms on their cost of capital. Panel data fixed effects and random effects and generalized method of moment (GMM) regression estimation techniques have been applied to ascertain this relationship during a period of eight years (2010–2017). For a deeper insight, we segregate the cost of capital into the cost of equity and cost of debt. The empirical outcomes reveal that ESG performance is positively associated with both measures of the cost of capital i.e., cost of equity and cost of debt. It suggests that socially responsible top global technology leaders bear a higher cost of capital as investors perceive ESG as an additional financial burden and do not treat ESG costs as a value-added factor. Hence, corporate managers shall rationalize investment in ESG undertakings to curtail their cost of capital. Based on these findings, the policy prescriptions are discussed for the concerned stakeholders. © 2021, The Author(s), under exclusive licence to Springer-Verlag GmbH Germany, part of Springer Nature.","Cost of debt; Cost of equity; ESG performance; Global hi-tech companies; GMM estimation; Panel fixed-effects","Investments; Organizations; Regression Analysis; Social Environment; cost; governance approach; regression; technology; investment; organization; regression analysis; social environment","M. Akbar; Department of Management Sciences, COMSATS University Islamabad (Sahiwal Campus), Sahiwal, 5700, Pakistan; email: minhasakbar@cuisahiwal.edu.pk","","Springer Science and Business Media Deutschland GmbH","09441344","","ESPLE","34791632","English","Environ. Sci. Pollut. Res.","Article","Final","","Scopus","2-s2.0-85119187425"
"Yan S.; Choi S.U.; Hwang I.; Jung H.-R.","Yan, Sibei (57821727400); Choi, Seung Uk (56701183000); Hwang, Iny (24401322600); Jung, Hyung-Rok (55636585600)","57821727400; 56701183000; 24401322600; 55636585600","ESG performance and the cost of debt: exploring the role of internal audit","2025","Applied Economics","57","46","","7381","7401","4","10.1080/00036846.2024.2421458","https://www.scopus.com/inward/record.uri?eid=2-s2.0-85209084937&doi=10.1080%2F00036846.2024.2421458&partnerID=40&md5=cdab580dcd37a397732147159a87717a","Business School, Chengdu University, Chengdu, China; Department of Accounting and Taxation, School of Management, Kyung Hee University, Seoul, South Korea; College of Business Administration, Seoul National University, Seoul, South Korea","Yan S., Business School, Chengdu University, Chengdu, China; Choi S.U., Department of Accounting and Taxation, School of Management, Kyung Hee University, Seoul, South Korea; Hwang I., College of Business Administration, Seoul National University, Seoul, South Korea; Jung H.-R., Department of Accounting and Taxation, School of Management, Kyung Hee University, Seoul, South Korea","This study investigates the effect of Environmental, Social, and Governance (ESG) performance on capital-raising costs in the debt market. The study also examines the role of internal audit organizations in this relationship. The results of the current study show that firms with high ESG performance have lower cost of debt. More importantly, when ESG is classified into sub-factors (E, S, and G), all three are negatively associated with the cost of debt. Next, the current study documents that the presence of an audit committee, the increase in the number of internal audit members, and the higher independence of the internal audit organization incrementally weaken the negative relationship between ESG and the cost of debt. The results remain robust across various additional tests and when endogeneity concerns are mitigated. Overall, these findings suggest the possibility that, as a primary risk assessment function, an independent and large internal audit organization exposes and highlights ESG risks to external credit rating agencies. The findings of this study offer valuable practical insights into how internal audit organizations can effectively assess and contribute to the evaluation of ESG performance. © 2024 Informa UK Limited, trading as Taylor & Francis Group.","audit committee; cost of debt; ESG performance; internal audit organization","capital formation; debt; performance assessment; sustainability","S.U. Choi; Department of Accounting and Taxation, School of Management, Kyung Hee University, Seoul, 26 Kyungheedae-ro, Dongdaemun-gu, 02447, South Korea; email: suchoi@khu.ac.kr","","Routledge","00036846","","","","English","Appl. Econ.","Article","Final","","Scopus","2-s2.0-85209084937"
"Rossi M.; Capasso A.; Solak I.; Jarrar H.; Salloum C.","Rossi, Matteo (53264843300); Capasso, Arturo (55443973100); Solak, Ilkay (59955750000); Jarrar, Hajer (57170671800); Salloum, Charbel (53878411200)","53264843300; 55443973100; 59955750000; 57170671800; 53878411200","Green scores, golden returns: ESG’s role in shaping SME financial outcomes","2025","Review of Accounting and Finance","24","5","","619","639","4","10.1108/RAF-10-2024-0468","https://www.scopus.com/inward/record.uri?eid=2-s2.0-105008735864&doi=10.1108%2FRAF-10-2024-0468&partnerID=40&md5=21823ed887cd6dabc06fe3a39c25f912","Department of Law Economics Management and Quantitative Methods, University of Sannio, Benevento, Italy; Department of Law Economics Management and Quantitative Methods, University of Sannio, Benevento, Italy; CERIIM – Research Center in Managerial Intelligence and Innovation, Excelia Business School, La Rochelle, France; Métis Lab, EM Normandie Business School, Normandie, France","Rossi M., Department of Law Economics Management and Quantitative Methods, University of Sannio, Benevento, Italy; Capasso A., Department of Law Economics Management and Quantitative Methods, University of Sannio, Benevento, Italy; Solak I., Department of Law Economics Management and Quantitative Methods, University of Sannio, Benevento, Italy; Jarrar H., CERIIM – Research Center in Managerial Intelligence and Innovation, Excelia Business School, La Rochelle, France; Salloum C., Métis Lab, EM Normandie Business School, Normandie, France","Purpose – The purpose of this study is to examine the effect of Environmental, Social and Governance (ESG) performance on the financial outcomes and cost of capital in small and medium-sized enterprises (SMEs). Design/methodology/approach – Using a data set of 227 SMEs from 2015 to 2020, this research uses multiple linear regression to assess the relationship between ESG scores, financial performance (Return on Assets and Return on Equity) and capital structure (weighted average cost of capital, cost of equity and cost of debt). Findings – Higher ESG scores are linked to improved financial performance and reduced cost of capital, showing that ESG practices positively influence SMEs’ financial health. Research limitations/implications – This study is limited to SMEs in specific regions and a five-year time frame. Future research could broaden the analysis across different regions or industries. Practical implications – Managers should prioritize ESG initiatives to enhance profitability and reduce financing costs. Investors can use ESG scores to better assess SME investment risk. Social implications – By integrating ESG practices, SMEs contribute to broader societal goals such as environmental sustainability and social responsibility, benefiting both stakeholders and communities. Originality/value – This research uniquely focuses on the often-underexplored SME sector, providing fresh insights into how ESG strategies can improve financial outcomes and optimize capital costs. © 2025 Emerald Publishing Limited","Cost of capital; ESG; Financial performance; SMEs","","","","Emerald Publishing","14757702","","","","English","Rev. Account.Financ.","Article","Final","","Scopus","2-s2.0-105008735864"
"Gidage M.; Bhide S.; Pahurkar R.; Kolte A.","Gidage, Mithilesh (59178695700); Bhide, Shilpa (57195932907); Pahurkar, Rajesh (57211557307); Kolte, Ashutosh (57204614937)","59178695700; 57195932907; 57211557307; 57204614937","ESG Performance and Systemic Risk Nexus: Role of Firm-Specific Factors in Indian Companies","2024","Journal of Risk and Financial Management","17","9","381","","","26","10.3390/jrfm17090381","https://www.scopus.com/inward/record.uri?eid=2-s2.0-85205073874&doi=10.3390%2Fjrfm17090381&partnerID=40&md5=78a463dcd52dbfec50ea56065ad0e323","Department of Management Sciences (PUMBA), Savitribai Phule Pune University, Ganeshkhind, Maharashtra, Pune, 411007, India; Fixed Income Engineering (FIDA), Morningstar Inc., 22 W. Washington St., Chicago, 60602, IL, United States","Gidage M., Department of Management Sciences (PUMBA), Savitribai Phule Pune University, Ganeshkhind, Maharashtra, Pune, 411007, India, Fixed Income Engineering (FIDA), Morningstar Inc., 22 W. Washington St., Chicago, 60602, IL, United States; Bhide S., Department of Management Sciences (PUMBA), Savitribai Phule Pune University, Ganeshkhind, Maharashtra, Pune, 411007, India; Pahurkar R., Department of Management Sciences (PUMBA), Savitribai Phule Pune University, Ganeshkhind, Maharashtra, Pune, 411007, India; Kolte A., Department of Management Sciences (PUMBA), Savitribai Phule Pune University, Ganeshkhind, Maharashtra, Pune, 411007, India","This study investigates the ESG performance–systemic risk (SR) nexus among Indian companies. Using the beta coefficient from the Capital Asset Pricing Model (CAPM) and statistical analysis, it explores how ESG performance affects SR. The findings reveal that firms with higher ESG scores have lower SR sensitivity. Notably, there is a significant difference in risk sensitivity between high- and low-ESG-rated companies, with ESG effects being less pronounced in high-cap firms compared to low-cap firms. Conversely, large firms, older firms, and those with lower borrowing costs show a diminished effect of ESG ratings on their SR sensitivity. These results underscore the importance of firm-specific characteristics in determining the efficacy of ESG strategies in risk mitigation. This study reveals that ESG performance reduces SR, with market valuation affecting this relationship. © 2024 by the authors.","Capital Asset Pricing Model; cost of debt; ESG performance; firm age; firm size; systemic risk; systemic risk sensitivity","","A. Kolte; Department of Management Sciences (PUMBA), Savitribai Phule Pune University, Pune, Ganeshkhind, Maharashtra, 411007, India; email: ashutoshkolte@gmail.com","","Multidisciplinary Digital Publishing Institute (MDPI)","19118074","","","","English","J. Risk. Financ. Manag.","Article","Final","All Open Access; Green Open Access; Hybrid Gold Open Access","Scopus","2-s2.0-85205073874"
"Wang H.; Wu H.; Humphreys P.","Wang, Haifei (57222750335); Wu, Hongjun (57214357902); Humphreys, Peter (57258076200)","57222750335; 57214357902; 57258076200","Chinese Merchant Group Culture, Corporate Social Responsibility, and Cost of Debt: Evidence from Private Listed Firms in China","2022","Sustainability (Switzerland)","14","5","2630","","","8","10.3390/su14052630","https://www.scopus.com/inward/record.uri?eid=2-s2.0-85125771990&doi=10.3390%2Fsu14052630&partnerID=40&md5=01108dd56268647e9d5d2f9f7d516c91","Accounting School, Jilin University of Finance and Economics, Changchun, 130117, China; School of Management, Xiamen University, Xiamen, 361005, China; School of Business, Western Sydney University, Sydney, 2150, NSW, Australia","Wang H., Accounting School, Jilin University of Finance and Economics, Changchun, 130117, China; Wu H., School of Management, Xiamen University, Xiamen, 361005, China; Humphreys P., School of Business, Western Sydney University, Sydney, 2150, NSW, Australia","Chinese merchant groups are commercial organizations that have developed over thou-sands of years. Given the importance of private firms to China’s sustainable development, this study investigates the impact of the traditional Chinese concept of merchant groups on corporate social responsibility (CSR) performance and cost of debt, using Chinese private listed firms during 2008–2020. We measure merchant group culture based on the company’s geographic location. Ordi-nary least squares regression models are used to test the hypotheses. According to the results, the CSR performance of firms from five traditional Chinese merchant groups is better than non-members. A positive relationship exists between the strength of merchant group culture and CSR performance; this relationship is stronger among merchant group companies. The closer the culture to CSR values, the better the CSR performance, which is negatively related to the cost of debt. The findings are in line with the peer effect theory. Therefore, the study provides evidence that it is essential to consider the traditional Chinese merchant group culture for firms’ CSR strategies beyond formal financial and regulatory factors in China. This study is a first step in exploring the impact of merchant group culture in China on CSR performance and the economic application of this relationship. © 2022 by the authors. Licensee MDPI, Basel, Switzerland.","Chinese merchant group; Corporate social responsibility; Debt cost; Informal institution; Merchant group culture","China; corporate social responsibility; cost analysis; culture; debt; economic activity; organization; private sector; regulatory approach","H. Wu; School of Management, Xiamen University, Xiamen, 361005, China; email: wuhongjun@xmu.edu.cn","","MDPI","20711050","","","","English","Sustainability","Article","Final","All Open Access; Gold Open Access; Green Open Access","Scopus","2-s2.0-85125771990"
"Saini N.; Singhania M.; Roy P.; Aggarwal S.; Kharb R.","Saini, Neha (59579900800); Singhania, Monica (36158704400); Roy, Preeti (57213189473); Aggarwal, Shalini (57200324222); Kharb, Ravita (58866820800)","59579900800; 36158704400; 57213189473; 57200324222; 58866820800","Environment, Social, and Governance Disclosures and Firm Performance: a Critical Review and Future Agenda","2025","Journal of the Knowledge Economy","","","","","","3","10.1007/s13132-025-02769-8","https://www.scopus.com/inward/record.uri?eid=2-s2.0-105006906089&doi=10.1007%2Fs13132-025-02769-8&partnerID=40&md5=b4c32e7d488f353678923b65d18cc724","Faculty of Management Studies, University of Delhi, Delhi, 110007, India; Department of Managment Studies and Industrial Engineering IIT (ISM) Dhanbad, Jharkhand, 826004, India; Chandigarh University, NH-05, Ludhiana - Chandigarh State Hwy, Punjab, 140413, India; Department of Managment Studies, Netaji Subhas University of Technology, Delhi, Dwarka, 110078, India","Saini N., Faculty of Management Studies, University of Delhi, Delhi, 110007, India; Singhania M., Faculty of Management Studies, University of Delhi, Delhi, 110007, India; Roy P., Department of Managment Studies and Industrial Engineering IIT (ISM) Dhanbad, Jharkhand, 826004, India; Aggarwal S., Chandigarh University, NH-05, Ludhiana - Chandigarh State Hwy, Punjab, 140413, India; Kharb R., Department of Managment Studies, Netaji Subhas University of Technology, Delhi, Dwarka, 110078, India","Environmental, social, and governance (ESG) is a framework for assessing and quantifying the sustainability performance of a business and the potential value of its ESG practices. ESG offers investors, regulators, and stakeholders a standardized method for evaluating corporate sustainability. The present study performs a meta-analysis to explain the relationship between ESG disclosure and firm performance by analyzing the combined effect of ESG disclosure and the individual effects of environmental, social, and governance disclosures. A sub-group analysis considers three different measures of firm performance: cost of capital (weighted average cost of capital, cost of equity, and cost of debt), accounting measures (return on assets, return on equity, and earnings per share), and market measures (Tobin’s Q). To address heterogeneity issues related to ESG disclosure and firm performance, the effects of different moderators (firm size and visibility) and control variables (ownership structure, research and development intensity, capital expenditure, sales growth, risk, firm age, publication quality, and ESG data source) are included. The meta-analysis includes 95 papers representing a sample of 60,247 firm-level observations. The result shows that ESG disclosure positively influences a firm’s performance, with pronounced effects of environmental and social disclosures. All three dimensions of ESG disclosure reduce the cost of capital and significantly increase firm performance. Our findings suggest that companies should prioritize the adoption of adequate environmental safeguards to enhance the quality of human and natural resources, the decentralization of ESG reporting practices at relevant levels, the adoption of mandatory measures for increasing transparency, the formulation of risk management portfolios, and the creation of new databases focused on separate ESG activities. © The Author(s), under exclusive licence to Springer Science+Business Media, LLC, part of Springer Nature 2025.","ESG disclosure; Firm performance; Literature review; Meta-analysis; Subgroup analysis","","S. Aggarwal; Chandigarh University, Punjab, NH-05, Ludhiana - Chandigarh State Hwy, 140413, India; email: shaliniaggar@gmail.com","","Springer","18687865","","","","English","J. Knowl. Econ.","Article","Article in press","","Scopus","2-s2.0-105006906089"
"Ahmed H.; Ibrahim A.; Albitar K.","Ahmed, Hussein Mohsen Saber (57971765000); Ibrahim, Awad Elsayed Awad (57203866416); Albitar, Khaldoon (57211871882)","57971765000; 57203866416; 57211871882","Digital Technologies Disclosure and the Cost of Capital: The Mediating Role of Sustainability Performance","2025","Business Strategy and the Environment","","","","","","0","10.1002/bse.70383","https://www.scopus.com/inward/record.uri?eid=2-s2.0-105025011978&doi=10.1002%2Fbse.70383&partnerID=40&md5=0f725a1c9812c7f021cd3e9d90b09e0c","Faculty of Commerce, Helwan University, Cairo, Egypt; Faculty of Business and Law, University of Portsmouth, Portsmouth, United Kingdom; Adam Smith Business School, University of Glasgow, Glasgow, United Kingdom","Ahmed H., Faculty of Commerce, Helwan University, Cairo, Egypt, Faculty of Business and Law, University of Portsmouth, Portsmouth, United Kingdom; Ibrahim A., Faculty of Business and Law, University of Portsmouth, Portsmouth, United Kingdom; Albitar K., Adam Smith Business School, University of Glasgow, Glasgow, United Kingdom","This study examines the economic consequences of Digital Technologies Disclosure (DTD), focusing on its impact on the cost of capital. The increasing significance of digital transformation in shaping corporate strategies and market perceptions motivates the study. Using a sample of 280 nonfinancial firms listed on the FTSE All-Share Index between 2015 and 2022, we conducted an empirical analysis. This period represents a dynamic phase of digital evolution and heightened regulatory focus on corporate disclosures. We employ automated content analysis, using the Python language, to analyze the frequency of DTs in the annual reports. Our findings report that there is a positive relationship between DTD and the cost of capital, suggesting that higher levels of DTD may increase perceived risks, leading investors and lenders to demand higher returns. Furthermore, ESG performance mediates the relationship between DTD and the cost of capital. These findings highlight the importance of incorporating DTD into investment decision-making processes. The study contributes to the growing body of literature on the economic implications of technology-related disclosures. This paper is the first study to examine how DTD affects the UK capital market using a holistic view of digital activities. The current research provides valuable insights for financial market participants, academics, and regulators, emphasizing how DTD influences the cost of capital and its broader economic impact. © 2025 The Author(s). Business Strategy and the Environment published by ERP Environment and John Wiley & Sons Ltd.","cost of debt; cost of equity; Digital Technologies Disclosure; sustainability performance; UK","","A. Ibrahim; Faculty of Business and Law, University of Portsmouth, Portsmouth, United Kingdom; email: awad.ibrahim@port.ac.uk","","John Wiley and Sons Ltd","09644733","","","","English","Bus. Strategy Environ.","Article","Article in press","All Open Access; Hybrid Gold Open Access","Scopus","2-s2.0-105025011978"
"Dunne T.C.; McBrayer G.A.","Dunne, Timothy C. (36990214000); McBrayer, Garrett A. (57204195315)","36990214000; 57204195315","In the interest of small business’ cost of debt: A matter of CSR disclosure","2019","Journal of Small Business Strategy","29","2","","58","71","28","","https://www.scopus.com/inward/record.uri?eid=2-s2.0-85070675008&partnerID=40&md5=b463bf4c65fa66a65f0ec542c0b5111a","Boise State University, United States","Dunne T.C., Boise State University, United States; McBrayer G.A., Boise State University, United States","Traditional understanding is that small firms pay more in debt related expenses than larger firms with a history of financial performance. In the current study, we examine the impact that corporate social responsibility (CSR) disclosure has on the cost of debt for small firms. Using data from Bloomberg 2014 on CSR disclosure, we find that the cost of debt for small businesses decreases as firms increase their CSR disclosure transparency. Specifically, firms who disclose more social responsibility information faced reduced costs to debt financing. We argue that disclosure of Environment, Social, and Governance (ESG) records provide value relevant information for lenders to use to mitigate the magnified information asymmetry inherent to lending to firms earlier in their lifecycle. Our results suggest that disclosure of ESG information corresponds with improved information transparency, which leads to less costly debt for small businesses. © 2019 Small Business Institute®.","Corporate social responsibility; Cost of corporate debt; ESG disclosure; Information asymmetry","","","","Middle Tennessee State University","10818510","","","","English","J. Small Bus. Strategy","Article","Final","","Scopus","2-s2.0-85070675008"
"Mubeen M.; Arsla H.M.; Ashfaq K.; Nisar A.; Azeem H.; Riaz A.","Mubeen, Muhammad (57669631000); Arsla, Hafiz Muhammad (57225977980); Ashfaq, Khurram (57190621547); Nisar, Asad (58783813600); Azeem, Hafiz (57216671918); Riaz, Adil (57658234600)","57669631000; 57225977980; 57190621547; 58783813600; 57216671918; 57658234600","Bridging the Sustainability Gap: Unraveling the Interplay of Sustainability Disclosure and Cost of Debt","2024","Pakistan Journal of  Commerce and  Social Sciences","18","1","","181","225","8","","https://www.scopus.com/inward/record.uri?eid=2-s2.0-85195070036&partnerID=40&md5=f5f80e6fe12d9da60e3da5e5257d8cf6","Department of Commerce, University of the Punjab, Gujranwala Campus, Pakistan; School of Management and Economics, Beijing Institute of Technology, Beijing, China; College of Commerce, Government College University, Faisalabad, Pakistan; School of Finance, Central University of Finance and Economics, Beijing, China","Mubeen M., Department of Commerce, University of the Punjab, Gujranwala Campus, Pakistan; Arsla H.M., School of Management and Economics, Beijing Institute of Technology, Beijing, China; Ashfaq K., College of Commerce, Government College University, Faisalabad, Pakistan; Nisar A., School of Finance, Central University of Finance and Economics, Beijing, China; Azeem H., Department of Commerce, University of the Punjab, Gujranwala Campus, Pakistan; Riaz A., College of Commerce, Government College University, Faisalabad, Pakistan","In the contemporary corporate world, environmental responsibility has elevated the importance of sustainability disclosures and their impact on the cost of debt. Conducting the first comprehensive review in this domain, this study analyzed 76 articles from 2008 to 2022 using the Biblioshiny package in the R program (for bibliometric visualization) and VOSviewer version (for bibliographic coupling), employing strict inclusion criteria based on the PRISMA protocol. The investigation was done to check the influence of sustainability disclosures on the cost of debt, including environmental and social dimensions. Additionally, it synthesized perspectives from lending institutions, corporate governance, earnings management, sustainable business practices, and GHG / Carbon emissions in this relationship. The study has also synthesized the literature with conclusion that high-quality environmental and social disclosures with sustainable practices and reduced carbon emission significantly reduce a firm's cost of debt by minimizing perceived risks, and enhancing reputation, credibility and demand from socially responsible investors. Active engagement in CSR, sustainable practices, proper governance, and stakeholder orientation further contribute to lower the cost of debt. Conversely, inadequate disclosure quality, high carbon emissions, poor environmental records and negative media attention may increase borrowing costs and environmental penalties. This study will help CFOs to develop tailored sustainability strategies in optimization of their cost of debt resulting in higher financial performance. Results of this study are also helpful for policymakers, regulators, financial analysts, auditors, and investors. © (2024), (Johar Education Society Pakistan). All Rights Reserved.","carbon emission; corporate governance; cost of debt; ESG; lending institutions; sustainability assurance; Sustainability disclosures; sustainable business practices","","H.M. Arsla; School of Management and Economics, Beijing Institute of Technology, Beijing, China; email: arslan@bit.edu.cn","","Johar Education Society Pakistan","19978553","","","","English","Pakistan J. Commer.  Soc. Sci.","Article","Final","","Scopus","2-s2.0-85195070036"
"Lan H.-R.; Zhu J.; Tang Z.","Lan, Hao-Ran (57458206600); Zhu, Jiawei (57226801361); Tang, Zhen (58093747300)","57458206600; 57226801361; 58093747300","Exploring the relationship between corporate social responsibility in China, auditor reputation and debt financing costs based on unbalanced data","2022","International Journal of Internet Manufacturing and Services","8","4","","400","412","1","10.1504/IJIMS.2022.10053191","https://www.scopus.com/inward/record.uri?eid=2-s2.0-85147539401&doi=10.1504%2FIJIMS.2022.10053191&partnerID=40&md5=7770c336d6effe839ca125d3040bb9cc","Business School, Guilin University of Electronic Technology, No. 1 Jinji Road, Qixing District, Guangxi Zhuang Autonomous Region, Guilin City, China","Lan H.-R., Business School, Guilin University of Electronic Technology, No. 1 Jinji Road, Qixing District, Guangxi Zhuang Autonomous Region, Guilin City, China; Zhu J., Business School, Guilin University of Electronic Technology, No. 1 Jinji Road, Qixing District, Guangxi Zhuang Autonomous Region, Guilin City, China; Tang Z., Business School, Guilin University of Electronic Technology, No. 1 Jinji Road, Qixing District, Guangxi Zhuang Autonomous Region, Guilin City, China","As the second largest economy in the world, promoting corporate social responsibility in China has become an important issue, while debt financing is still the main means of external financing for most Chinese private enterprises; at the same time, the relevant accounting policy indicates the need to actively promote the firm’s reputation mechanism. Therefore, this paper will select A-share listed companies in China from 2015 to 2020 as the research sample to explore the relationship between corporate social responsibility in China, auditor reputation and the cost of debt financing, and use empirical methods to verify the moderating effect of auditor reputation on the relationship between corporate social responsibility and the cost of debt financing. This empirical study not only broadens expert and individual research on auditor reputation at the professional level, but also provides new ideas for reducing the cost of debt financing through auditor reputation. Copyright © 2022 Inderscience Enterprises Ltd.","auditor reputation; China; corporate social responsibility in China; cost of debt financing; reputation mechanism","Auditor reputation; China; Chinese private enterprise; Corporate social responsibility; Corporate social responsibility in china; Cost of debt financing; Debt financing; External financings; Reputation mechanism; Unbalanced data; Costs","Z. Tang; Business School, Guilin University of Electronic Technology, Guilin City, No. 1 Jinji Road, Qixing District, Guangxi Zhuang Autonomous Region, China; email: 962920596@qq.com","","Inderscience Publishers","17516048","","","","English","Int. J. Internet Manuf. Serv.","Article","Final","","Scopus","2-s2.0-85147539401"
"Gigante G.; Manglaviti D.","Gigante, Gimede (56445000800); Manglaviti, Davide (57932410100)","56445000800; 57932410100","The ESG effect on the cost of debt financing: A sharp RD analysis","2022","International Review of Financial Analysis","84","","102382","","","115","10.1016/j.irfa.2022.102382","https://www.scopus.com/inward/record.uri?eid=2-s2.0-85140094265&doi=10.1016%2Fj.irfa.2022.102382&partnerID=40&md5=995ddde98171b311b75f9382f1ba022c","Bocconi University, Finance Department, Via Röntgen, 1, Room C2/06, Milano MI, 20136, Italy; Bocconi University, Via Roberto Sarfatti, 25, Milano MI, 20100, Italy","Gigante G., Bocconi University, Finance Department, Via Röntgen, 1, Room C2/06, Milano MI, 20136, Italy; Manglaviti D., Bocconi University, Via Roberto Sarfatti, 25, Milano MI, 20100, Italy","Environmental, social, and governance (ESG) factors have become increasingly relevant within the financial world. Despite extensive evidence regarding the equity side, limited studies in the literature have investigated the potential effects of ESG performance on the main drivers of debt. This study aims to understand whether there is a positive effect from a cost of debt standpoint for corporations with relatively better ESG performance. Using the ESG score by Refinitiv and a sharp regression discontinuity design, we do not find statistically significant evidence for discrete jumps in correspondence with the ESG score average for the cost of debt of European nonfinancial corporates over the 2018–2020 period. In a sharp regression discontinuity setting, we obtain analogous results by developing a linear probability model. © 2022 Elsevier Inc.","Corporate social performance; Cost of debt; CSR; ESG; Governance; Green bond; Leverage; Linear probability model; Sharp regression discontinuity; Sustainable finance","","G. Gigante; Bocconi University, Finance Department, Milano MI, Via Röntgen, 1, Room C2/06, 20136, Italy; email: gimede.gigante@unibocconi.it","","Elsevier Inc.","10575219","","","","English","Int. Rev. Financ. Anal.","Article","Final","","Scopus","2-s2.0-85140094265"
"Boubaker S.; Fichera L.; Galletta S.; Mazzù S.","Boubaker, Sabri (53876961800); Fichera, Lorenzo (60021625700); Galletta, Simona (57210559247); Mazzù, Sebastiano (55589232000)","53876961800; 60021625700; 57210559247; 55589232000","Environmental Practices and Corporate Cost of Debt: Evidence from European Listed Firms","2026","International Review of Economics and Finance","106","","104910","","","0","10.1016/j.iref.2026.104910","https://www.scopus.com/inward/record.uri?eid=2-s2.0-105028177030&doi=10.1016%2Fj.iref.2026.104910&partnerID=40&md5=70c2f55509c42b5700b899864ec94a8f","EM Normandie Business School, Métis Lab, France; Department of Economics and Business, University of Catania, Italy","Boubaker S., EM Normandie Business School, Métis Lab, France; Fichera L., Department of Economics and Business, University of Catania, Italy; Galletta S., Department of Economics and Business, University of Catania, Italy; Mazzù S., Department of Economics and Business, University of Catania, Italy","This paper examines the relationship between firms' environmental sustainability and the cost of debt, with a specific focus on how firms' transition efforts are taken into account. Using a dataset of large European listed companies covering the period from 2015 to 2023, we provide evidence that better environmental practices on polluting emissions, energy sources and waste management reduce firms' cost of debt. This result remains robust when environmental metrics are combined into a unique composite indicator and after testing for endogeneity. Further analysis shows that the reduction in the cost of debt is stronger for less sustainable firms engaged in environmental transition. Our findings shed light on the importance of considering firms’ transition needs and efforts for effective transition finance. © 2026 The Authors.","Climate change; Cost of debt; Environmental transition; Sustainable finance","","S. Mazzù; Department of Economics and Business, University of Catania, Italy; email: sebastiano.mazzu@unict.it","","Elsevier Inc.","10590560","","","","English","Int. Rev. Econ. Financ.","Article","Final","All Open Access; Gold Open Access; Green Open Access","Scopus","2-s2.0-105028177030"
"Hendijani Zadeh M.; Naaman K.; Sahyoun N.","Hendijani Zadeh, Mohammad (55973903000); Naaman, Karen (57375912200); Sahyoun, Najib (57217035633)","55973903000; 57375912200; 57217035633","Corporate social responsibility transparency and trade credit financing","2023","International Journal of Accounting and Information Management","31","2","","247","269","8","10.1108/IJAIM-05-2022-0099","https://www.scopus.com/inward/record.uri?eid=2-s2.0-85144039897&doi=10.1108%2FIJAIM-05-2022-0099&partnerID=40&md5=849c643d032e27affede7d81b8f8bcc8","Department of Accounting, Sobey School of Business, Saint Mary’s University, Halifax, Canada; Department of Accounting, The State University of New York (SUNY) at Plattsburgh, Plattsburgh, NY, United States; Department of Accounting, Arthur J. Bauernfeind College of Business, Murray State University, Murray, KY, United States","Hendijani Zadeh M., Department of Accounting, Sobey School of Business, Saint Mary’s University, Halifax, Canada; Naaman K., Department of Accounting, The State University of New York (SUNY) at Plattsburgh, Plattsburgh, NY, United States; Sahyoun N., Department of Accounting, Arthur J. Bauernfeind College of Business, Murray State University, Murray, KY, United States","Purpose: This study aims to examine whether a company’s corporate social responsibility (CSR) transparency (reflected in two separate dimensions of social transparency and environmental transparency) affects a company’s dependence on expensive trade credit (TC) financing. Design/methodology/approach: The authors use a panel of S&P 500 index companies between 2012 and 2019 and ordinary least squares estimators. Transparency ratings represented by Bloomberg scores capture both the quantity and quality of verified CSR practice information. Findings: CSR transparency (CSRT) is negatively associated with a firm’s dependence on expensive TC financing. This study’s results continue to hold after a battery of robustness tests like substitute proxies for TC, use of two-stage least squares regression, industry-adjusted dependent variable, generalized linear model and bootstrapping approach. This association is stronger among companies with higher information asymmetry (IASY) and lower quality regarding governance and financial reporting. Further investigation indicates that potential channels through which CSRT mitigates a company’s reliance on TC financing are the cost of debt (CoD) and stock liquidity. This study’s findings suggest that transparent companies have a lower CoD and higher stock liquidity. This helps these companies to be more financially flexible and eventually less dependent on expensive TC financing. Originality/value: By combining two separate research lines of TC and CSR, this study adds to both works of literature as it is the first (to the best of the authors’ knowledge) to present evidence of the effect of CSRT proxied by Bloomberg scores on a company’s reliance on TC (a real economic decision and financial policy). Additionally, this study documents the moderating effects of financial reporting quality, IASY and corporate governance on the relationship between CSRT and TC financing. In conclusion, this study provides empirical evidence regarding the potential mechanisms of CoD and stock liquidity, through which CSRT influences a company’s reliance on TC financing. © 2022, Emerald Publishing Limited.","Corporate social responsibility transparency; Cost of debt; Environmental transparency; Social transparency; Stock liquidity; Trade credit","","M. Hendijani Zadeh; Department of Accounting, Sobey School of Business, Saint Mary’s University, Halifax, Canada; email: mohammad.zadeh@unb.ca","","Emerald Publishing","18347649","","","","English","Int. J. Account. Inf. Manage.","Article","Final","","Scopus","2-s2.0-85144039897"
"Jin W.; Wang Y.","Jin, Wenwen (59222089200); Wang, Yu (57208676034)","59222089200; 57208676034","If Money Talks: Climate change-related regulation and firms’ cost of debt","2025","Borsa Istanbul Review","25","2","","275","285","3","10.1016/j.bir.2025.01.002","https://www.scopus.com/inward/record.uri?eid=2-s2.0-85215095132&doi=10.1016%2Fj.bir.2025.01.002&partnerID=40&md5=5ec160068b32a36d50e86ac3b4c4b1eb","School of Business, Wenzhou University, Wenzhou, 325035, China; MOE Key Laboratory of Econometrics, Department of Finance, School of Economics, and Wang Yanan Institute for Studies in Economics (WISE), Fujian Key Lab of Statistics, Xiamen University, Xiamen, 361005, China","Jin W., School of Business, Wenzhou University, Wenzhou, 325035, China; Wang Y., MOE Key Laboratory of Econometrics, Department of Finance, School of Economics, and Wang Yanan Institute for Studies in Economics (WISE), Fujian Key Lab of Statistics, Xiamen University, Xiamen, 361005, China","This study uses a novel dataset from 54 countries and regions to explore how exposure to climate change regulatory shocks influences firms' debt costs. The findings reveal that such exposure generally increases the cost of debt. However, this scenario is reversed for firms that find greater opportunities within climate change regulations, suggesting that the regulatory risk premium associated with climate change may not always be positive. The results also indicate that the negative impact of regulations is more pronounced in companies with a higher beta, greater asset tangibility, and poorer environmental innovation performance. Furthermore, this increase in debt costs can be partially attributed to heightened profitability volatility and diminished growth prospects arising from reduced capital expenditures. These insights underscore the need to refine climate regulation policies to better support firms’ transition toward environmentally sustainable practices. © 2025 Borsa İstanbul Anonim Şirketi","Climate change-related regulation; Cost of debt; Sustainable development","","Y. Wang; MOE Key Laboratory of Econometrics, Department of Finance, School of Economics, Wang Yanan Institute for Studies in Economics (WISE), Fujian Key Lab of Statistics, Xiamen University, Xiamen, 361005, China; email: yuwang@xmu.edu.cn; W. Jin; School of Business, Wenzhou University, Wenzhou, 325035, China; email: 1594181124@qq.com","","Borsa Istanbul Anonim Sirketi","22148450","","","","English","Borsa Istanb. Rev.","Article","Final","All Open Access; Gold Open Access; Green Open Access","Scopus","2-s2.0-85215095132"
"Pirgaip B.; Rizvić L.","Pirgaip, Burak (57195478160); Rizvić, Lamija (58508931000)","57195478160; 58508931000","The Impact of Integrated Reporting on the Cost of Capital: Evidence from an Emerging Market","2023","Journal of Risk and Financial Management","16","7","311","","","12","10.3390/jrfm16070311","https://www.scopus.com/inward/record.uri?eid=2-s2.0-85166018080&doi=10.3390%2Fjrfm16070311&partnerID=40&md5=781a84f1106695261a82872e166252e7","Department of Business Administration, Hacettepe University, Çankaya, Ankara, Beytepe, 06800, Turkey","Pirgaip B., Department of Business Administration, Hacettepe University, Çankaya, Ankara, Beytepe, 06800, Turkey; Rizvić L., Department of Business Administration, Hacettepe University, Çankaya, Ankara, Beytepe, 06800, Turkey","The aim of this study is to investigate the influence of integrated reporting (IR) on the cost of financing within the Turkish capital market. Specifically, we analyze the effects of IR on the weighted average cost of capital (WACC), cost of equity (COE), and cost of debt (COD) for companies listed on Borsa Istanbul. Additionally, we explore how IR moderates the relationship between environmental, social, and governance (ESG) scores and the cost of financing. Our panel data analysis reveals a positive association between IR and both WACC and COD, while the impact on COE is not statistically significant. However, the findings suggest that the utilization of IR by companies to enhance the communication of their value-creating activities can mitigate WACC and COD, thus indicating a moderating effect on the relationship between ESG factors and the cost of financing. © 2023 by the authors.","Borsa Istanbul; cost of capital; ESG; integrated reporting","","B. Pirgaip; Department of Business Administration, Hacettepe University, Beytepe, Çankaya, Ankara, 06800, Turkey; email: burakpirgaip@hacettepe.edu.tr","","Multidisciplinary Digital Publishing Institute (MDPI)","19118074","","","","English","J. Risk. Financ. Manag.","Article","Final","All Open Access; Green Open Access; Hybrid Gold Open Access","Scopus","2-s2.0-85166018080"
"Kamugisha D.K.; Sun H.","Kamugisha, Derrick Kansime (60132476100); Sun, Huaping (56645203200)","60132476100; 56645203200","Environmental, social, and governance ratings and corporate financial performance: evidence from emerging economies","2025","Total Quality Management and Business Excellence","36","13-14","","1480","1498","1","10.1080/14783363.2025.2563668","https://www.scopus.com/inward/record.uri?eid=2-s2.0-105018185948&doi=10.1080%2F14783363.2025.2563668&partnerID=40&md5=ce1eb410c5916e9c77b744773cc46c22","School of Economics and Management, University of Science and Technology Beijing, Beijing, China; School of Economics and Management, Xinjiang Innovation Management Research Center, Xinjiang University, Urumqi, China","Kamugisha D.K., School of Economics and Management, University of Science and Technology Beijing, Beijing, China; Sun H., School of Economics and Management, University of Science and Technology Beijing, Beijing, China, School of Economics and Management, Xinjiang Innovation Management Research Center, Xinjiang University, Urumqi, China","Corporate sustainability is becoming increasingly vital as companies face mounting pressure from investors, regulators, and stakeholders to incorporate environmental, social, and governance (ESG) principles into corporate strategies. However, the impact of ESG ratings on corporate financial performance (CFP) remains unclear, particularly in emerging markets. This study examines this relationship using a sample of 8,921 firm-year observations from firms listed on the Johannesburg Stock Exchange, employing a two-way fixed-effects panel model to control for firm-specific and time-invariant factors. The findings show a positive relationship between ESG ratings and financial performance, mediated by operational efficiency and corporate debt. Firms with higher ESG ratings demonstrate improved resource utilization, process optimization, and workforce productivity while benefiting from decreased borrowing costs due to improved creditworthiness, risk perception, and transparency. Furthermore, the findings show that larger firms, non-state-owned enterprises, high-pollution industries, and those operating under stringent environmental regulations benefit the most from ESG ratings, underscoring significant heterogeneity across firms and industries. These findings underscore the economic benefits of ESG adoption beyond regulatory compliance and provide critical insights for corporate executives, investors, and policymakers. This study emphasizes the importance of structured ESG frameworks and standardized reporting to curb greenwashing and improve corporate transparency and financial stability in emerging markets. © 2025 Informa UK Limited, trading as Taylor & Francis Group.","corporate debt cost; ESG; Financial performance; operational efficiency","","D.K. Kamugisha; School of Economics and Management, University of Science and Technology Beijing, Beijing, China; email: derrickansime@gmail.com","","Routledge","14783363","","TQMAE","","English","Total Qual. Manage. Bus. Excellence","Article","Final","","Scopus","2-s2.0-105018185948"
"Bonazzi G.; Camanzi P.; Ferri G.; Manghi E.; Iotti M.","Bonazzi, Giuseppe (6603417564); Camanzi, Paolo (57190257493); Ferri, Giovanni (57226140047); Manghi, Elisa (57226141908); Iotti, Mattia (56142117500)","6603417564; 57190257493; 57226140047; 57226141908; 56142117500","Economic sustainability of pig slaughtering firms in the production chain of denomination of origin hams in italy","2021","Sustainability (Switzerland)","13","14","7639","","","17","10.3390/su13147639","https://www.scopus.com/inward/record.uri?eid=2-s2.0-85110620646&doi=10.3390%2Fsu13147639&partnerID=40&md5=b5db363a819d49cda227091f1eddc443","Department of Veterinary Science, University of Parma, Parma, 43126, Italy; Analisiaziendale.it Srl, Bologna, 40121, Italy; Department of Engineering and Architecture, University of Parma, Parma, 43124, Italy","Bonazzi G., Department of Veterinary Science, University of Parma, Parma, 43126, Italy; Camanzi P., Analisiaziendale.it Srl, Bologna, 40121, Italy; Ferri G., Department of Veterinary Science, University of Parma, Parma, 43126, Italy; Manghi E., Department of Veterinary Science, University of Parma, Parma, 43126, Italy; Iotti M., Department of Engineering and Architecture, University of Parma, Parma, 43124, Italy","Pork meat in Italy is one of the largest agri-food chains in Italy. In the swine production chain, slaughter plays an important role, because it has an impact on animal welfare, food safety and the sustainability of the agri-food chain. These companies also deal with pigs destined for typical Denomination of Origin products and therefore play an important role in the production chain of typical products and in the field of EU agricultural policy. In this context, the research aims to analyze the economic sustainability of the major pig slaughter firms in Italy, through data analysis of the annual account statement (AAS) on a sample of eight companies analyzed over a ten-year historical series. Financial ratios and margins (FRM) analysis is applied in the research. FRM analysis shows that firms have the largest absorption of financial resources in the net working capital cycle. The research highlights the high incidence of raw materials in companies in the sector. Consequently, the profit margins of the companies in the sample are modest and in some cases are lower than the cost of debt, suggesting a moderate capacity to attract capital. This result appears as a negative signal of the economic sustainability of the companies in the sector. The research, now limited to a small number of large companies, opens a line of research that can be developed by expanding the sample to small and medium-sized enterprises of the chain of Denomination of Origin hams in Italy to suggest improvement interventions, in particular for rural or marginal areas of production. © 2021 by the authors. Licensee MDPI, Basel, Switzerland.","Animal welfare; DuPont analysis; Net working capital; PDO and PGI products; Pig production chain; Pig slaughtering","Italy; absorption; agricultural policy; animal welfare; debt; European Union; food production; food safety; food supply; meat; profitability; sustainability","M. Iotti; Department of Engineering and Architecture, University of Parma, Parma, 43124, Italy; email: mattia.iotti@unipr.it","","MDPI AG","20711050","","","","English","Sustainability","Article","Final","All Open Access; Gold Open Access; Green Open Access","Scopus","2-s2.0-85110620646"
"Aljabri Q.","Aljabri, Qadri (58562434700)","58562434700","Corporate social responsibility and cost of debt: the moderating role of insider and institutional ownership","2025","Journal of Global Responsibility","16","4","","625","648","1","10.1108/JGR-04-2024-0072","https://www.scopus.com/inward/record.uri?eid=2-s2.0-85211598364&doi=10.1108%2FJGR-04-2024-0072&partnerID=40&md5=9f29f8e731718e5cd906bcfab902b26f","College of Business Administration, University of Business and Technology, Jeddah, Saudi Arabia","Aljabri Q., College of Business Administration, University of Business and Technology, Jeddah, Saudi Arabia","Purpose – This study aims to investigate the impact of corporate social responsibility (CSR) on the cost of debt (CoD). In this CSR-CoD relationship, the significance of insider and institutional ownership is also examined. Design/methodology/approach – The research sample consists of 145 non-financial companies listed on the Pakistan Stock Exchange between 2010 and 2021. The level of a firm’s participation in CSR-related activities is measured through multidimensional financial methodology, whereas CoD is the ratio of interest expenses to average interest-bearing debt outstanding. Findings – The result of fixed effect model, based on the Hausman test, demonstrates that CSR has a negative impact on CoD, which supports the risk mitigation hypothesis and the stakeholder’s perspective of CSR. Insider ownership has an insignificant effect on CoD, confirming the management entrenchment hypothesis; nevertheless, institutional ownership has a significant positive impact on CoD, supporting the shareholder’s conflict argument. Finally, insider and institutional ownership interaction has no statistically significant effect on the CSR-CoD connection, favoring neither corporate governance’s complementing nor substitutive impacts. The results are subject to robustness by using various economic methodologies and alternative measurements of CSR. Practical implications – The study’s findings will assist regulatory authorities, investors, financial analysts and other stakeholders in better understanding the CSR-CoD relationship and the role of insider and institutional ownership in that relationship. Originality/value – The literature contains very little research on the impact of CSR on COD. To the best of the authors’ knowledge, this is the first study in an emerging market to experimentally assess this relationship and analyze the impact of insider and institutional ownership in this relationship. © 2024 Emerald Publishing Limited","Corporate social responsibility; Cost of debt; Insider ownership; Institutional ownership","","Q. Aljabri; College of Business Administration, University of Business and Technology, Jeddah, Saudi Arabia; email: q.aljabri@ubt.edu.sa","","Emerald Publishing","20412568","","","","English","J. Glob. Responsib.","Article","Final","","Scopus","2-s2.0-85211598364"
"Liu J.; Wang Y.; Chen M.; Yang Z.; Zhang Y.","Liu, Jiajia (57214238261); Wang, Yahan (58542533200); Chen, Meilin (59354402200); Yang, Zhe (59355458700); Zhang, Ye (57222616403)","57214238261; 58542533200; 59354402200; 59355458700; 57222616403","Does corporate social responsibility influence corporate innovation in China? Combining innovation investment and dynamic capabilities theory","2025","Chinese Management Studies","19","2","","376","396","8","10.1108/CMS-08-2023-0423","https://www.scopus.com/inward/record.uri?eid=2-s2.0-85205662186&doi=10.1108%2FCMS-08-2023-0423&partnerID=40&md5=356da38ff47e23c1b5d8e3fe56c0e0c2","School of Economics and Management, Beijing University of Chemical Technology, Beijing, China","Liu J., School of Economics and Management, Beijing University of Chemical Technology, Beijing, China; Wang Y., School of Economics and Management, Beijing University of Chemical Technology, Beijing, China; Chen M., School of Economics and Management, Beijing University of Chemical Technology, Beijing, China; Yang Z., School of Economics and Management, Beijing University of Chemical Technology, Beijing, China; Zhang Y., School of Economics and Management, Beijing University of Chemical Technology, Beijing, China","Purpose: According to reputation theory, enterprises that adopt a proactive approach to corporate social responsibility (CSR) are known to actively invest in corporate innovation. However, this theory does not fully explain the mechanisms through which CSR influences corporate innovation, nor does it address how to effectively amplify CSR’s positive impact on innovation. To overcome these limitations, this research aims to incorporate the theories of innovation investment and dynamic capabilities. Innovation investment theory elucidates how CSR can attract additional financing, which can be directed toward innovation activities. Meanwhile, dynamic capabilities theory highlights how digital transformation in enterprises can enhance the positive effects of CSR on innovation, providing insights from both theoretical and empirical perspectives. Design/methodology/approach: To demonstrate the mediating role of debt financing costs and the moderating role of enterprise digital transformation in the mechanism of CSR on corporate innovation, this research conducts fixes effects models by collecting 27,912 data points from 3,775A-share China-listed enterprises, ranging in period from 2010 to 2020. Empirical research once again proves that the theories of innovation investment and dynamic capabilities effectively compensates for the shortcomings of reputation theory. These three theories effectively explain that what is the effect of CSR on enterprise innovation? How does CSR influence corporate innovation? And through what mechanisms can CSR better enhance corporate innovation? Findings: According to innovation investment theory, the cost of debt financing mediates the positive relationship between CSR and corporate innovation. This occurs because enterprises with robust CSR practices are more likely to secure external funding, thereby reducing their costs associated with external debt financing. Lower debt financing costs provide a stable source of funds for corporate innovation. Additionally, dynamic capability theory suggests that enterprise digital transformation moderates the positive relationship between CSR and corporate innovation. Building on these insights, it is recommended that enterprises, especially state-owned ones, should prioritize technological innovation to enhance their competitiveness. Research limitations/implications: This research aims to address and narrow the knowledge gap regarding the relation between CSR and corporate innovation through theoretical and empirical analyses. With respect to the influence mechanism, this research solely based on innovation investment theory and dynamic capabilities theory, focuses on the influence mechanism of CSR on corporate innovation, with the debt financing costs as the mediating variable and digital transformation as the moderating variable. However, the influence mechanism turns out to be complicated and there is room for further exploring numerous mechanisms. For example, future research can focus on identifying additional channels through which CSR exerts an influence on corporate innovation based on TOE theoretical framework. Practical implications: This research presents several strategies to enhance corporate innovation based on its conclusions: First, enterprises should promptly publish social responsibility reports to build a positive industry reputation. Moreover, by actively participating in CSR activities, they can strengthen their networks and enhance their industry standing. Second, the significant mediating role of debt financing costs should not be ignored. Enterprises are encouraged to seek diverse financing channels to reduce financial pressures, address financing challenges and facilitate the coordinated development of CSR and innovation. Third, enterprise digital transformation significantly affects the impact of CSR on innovation. Therefore, enterprises should advance digital transformation initiatives that incorporate technological innovation, organizational improvements and integration with supply chain partners. Finally, it has been noted that state-owned enterprises are often less responsive to technological innovation than their non-state counterparts. SOEs could redefine the scope and priorities of their social responsibilities to prevent excessive resource consumption that could hinder innovation. For instance, integrating some of their social responsibilities with innovation projects could promote both social and technological innovation objectives. Additionally, the government could ensure fair resource distribution among different types of enterprises and provide an equitable financing platform to mitigate financial challenges for both state-owned and non-state-owned enterprises. Originality/value: Reputation theory does not fully elucidate the mechanisms by which CSR influences corporate innovation or how to effectively enhance CSR’s positive impact on innovation. This research integrates the theories of innovation investment and dynamic capabilities to address these gaps. According to innovation investment theory, debt financing costs mediate the positive relationship between CSR and corporate innovation. Meanwhile, dynamic capabilities theory posits that enterprise digital transformation moderates this positive relationship, further strengthening the impact of CSR on innovation. © 2024, Emerald Publishing Limited.","Corporate innovation; Corporate social responsibility; Debt financing costs; Digital transformation","","Y. Zhang; School of Economics and Management, Beijing University of Chemical Technology, Beijing, China; email: yezhang@buct.edu.cn","","Emerald Publishing","1750614X","","","","English","Chin. Manage. Stud.","Article","Final","","Scopus","2-s2.0-85205662186"
"Alvarez-Perez H.; Fuentes R.","Alvarez-Perez, Hugo (58828038300); Fuentes, Rolando (57194640015)","58828038300; 57194640015","ESG disclosure and financial performance in debt market: evidence from the oil and gas industry; [Divulgación ESG y desempeño financiero en el mercado de deuda: evidencia de la industria del petróleo y gas]","2024","Academia Revista Latinoamericana de Administracion","37","4","","634","653","8","10.1108/ARLA-07-2024-0135","https://www.scopus.com/inward/record.uri?eid=2-s2.0-85208253621&doi=10.1108%2FARLA-07-2024-0135&partnerID=40&md5=d0480b87d4e83d4b7d0f9cfecfbd8e8e","Egade Business School, Tecnologico de Monterrey, Queretaro, Mexico; Egade Business School, Tecnologico de Monterrey, Guadalajara, Mexico","Alvarez-Perez H., Egade Business School, Tecnologico de Monterrey, Queretaro, Mexico; Fuentes R., Egade Business School, Tecnologico de Monterrey, Guadalajara, Mexico","Purpose: This study aims to analyze the relationship between environmental, social and governance (ESG) ratings and corporate bond credit spreads within the oil and gas (O&G) industry. Given the sector’s significant environmental impact and the current energy transition, it is crucial to understand how ESG disclosure affects financial performance, particularly in terms of debt market dynamics. This research aims to provide empirical evidence on whether ESG efforts by O&G companies influence their cost of borrowing. Design/methodology/approach: This study employs a quantitative approach using secondary data from Refinitiv for the period 2018–2022. To address potential endogeneity issues, we utilize two-stage-least-squares regressions. The analysis focuses on corporate bond spreads as the dependent variable and ESG as the key independent variable. Findings: Our findings indicate a negative association between ESG disclosure and corporate bond spreads. Specifically, companies with higher ESG ratings tend to experience lower credit spreads, suggesting that improved ESG practices may lead to reduced borrowing costs. Additionally, the results show that non-state-owned companies (SOC) benefit more from ESG in terms of financial performance compared to state-owned counterparts. Research limitations/implications: The study is limited by its reliance on secondary data from Refinitiv, which may not capture all nuances of ESG practices and financial performance. Additionally, the analysis is confined to the O&G industry, potentially limiting the generalizability of the findings to other sectors. Future research could expand the scope to include other industries and incorporate primary data to provide a more comprehensive understanding of the ESG–financial performance relationship. Practical implications: The study’s findings suggest that O&G companies can potentially reduce their borrowing costs by improving their ESG ratings. This insight is valuable for corporate managers and investors, as it highlights the financial benefits of sustainable practices. Additionally, policymakers could use these findings to encourage better ESG disclosure and practices within the industry, ultimately promoting a more sustainable energy sector. Social implications: By demonstrating the financial advantages of ESG disclosure, this study underscores the broader social benefits of sustainable business practices. Improved ESG ratings not only contribute to environmental and social well-being but also enhance a company’s financial performance. This dual benefit can motivate more companies to adopt sustainable practices, leading to positive societal impacts such as reduced environmental damage and improved community relations. Originality/value: This study contributes to the existing literature by providing empirical evidence on the relationship between ESG ratings and corporate bond credit spreads specifically within the O&G industry. By highlighting the differential impact of ESG disclosure on state-owned versus non-SOC, the research offers unique insights that can inform corporate strategies in the context of sustainability and financial performance. © 2024, Emerald Publishing Limited.","Debt market; ESG; Financial performance; Oil and gas; Sustainable finance","","H. Alvarez-Perez; Egade Business School, Tecnologico de Monterrey, Queretaro, Mexico; email: hugo.alvarez@tec.mx","","Emerald Publishing","10128255","","","","English","Academia Revista Latinoamericana de Administracion","Article","Final","","Scopus","2-s2.0-85208253621"
"Roggi O.; Bellardini L.; Conticelli S.","Roggi, Oliviero (55661667000); Bellardini, Luca (57208105050); Conticelli, Sara (59224530500)","55661667000; 57208105050; 59224530500","Effects of ESG performance and sustainability disclosure on GSS bonds’ yields and spreads: A global analysis","2024","Finance Research Letters","68","","105988","","","5","10.1016/j.frl.2024.105988","https://www.scopus.com/inward/record.uri?eid=2-s2.0-85202484363&doi=10.1016%2Fj.frl.2024.105988&partnerID=40&md5=f2967d7a7fb37318c650e4cd381f4e65","University of Catania, Department of Economics and Management - Corso Italia, Fundação Dom Cabral, 55, 95129, Catania, Italy; University of Milano-Bicocca, Department of Business and Law - Via Bicocca degli Arcimboldi, 8, 20126, Milan, Italy; University of Florence Alumni, Department of Economics and Management, Via delle Pandette, 9, Florence, 50127, Italy","Roggi O., University of Catania, Department of Economics and Management - Corso Italia, Fundação Dom Cabral, 55, 95129, Catania, Italy; Bellardini L., University of Milano-Bicocca, Department of Business and Law - Via Bicocca degli Arcimboldi, 8, 20126, Milan, Italy; Conticelli S., University of Florence Alumni, Department of Economics and Management, Via delle Pandette, 9, Florence, 50127, Italy","This study investigates the effects of the issuer's environmental, social, and governance (ESG) performance on both the issue-specific yield and its spread vis-à-vis a sovereign comparable. A sample of 3,960 green, social, and sustainable (GSS) bonds issued in global capital markets was used for this purpose. The findings indicate a negative association between ESG performance and bond spreads, implying that a greater commitment to sustainable transition today is an effective strategy for a company to reduce the cost of debt for future projects. The study includes a two-stage procedure. First, the effect of “fundamentals” (e.g., credit rating) on issue pricing is determined; second, the residuals are regressed against the ESG performance. While the latter's risk-reducing power does not appear to differ based on the divide between advanced economies and emerging markets, we find that the real enabler of curbing the unexplained portion of risk is detailed disclosure of the use of proceeds. This is likely to minimize the likelihood of greenwashing. © 2024 Elsevier Inc.","credit rating; debt capital markets; ESG; GSS bonds; sustainability; yield spread","","O. Roggi; University of Catania, Department of Economics and Management - Corso Italia, Fundação Dom Cabral, 55, 95129, Catania, Italy; email: oliviero.roggi@unict.it","","Elsevier Ltd","15446123","","","","English","Finan. Res. Lett.","Article","Final","All Open Access; Hybrid Gold Open Access","Scopus","2-s2.0-85202484363"
"Apergis N.; Poufinas T.; Antonopoulos A.","Apergis, Nicholas (6701803017); Poufinas, Thomas (24341890600); Antonopoulos, Alexandros (57814755100)","6701803017; 24341890600; 57814755100","ESG scores and cost of debt","2022","Energy Economics","112","","106186","","","286","10.1016/j.eneco.2022.106186","https://www.scopus.com/inward/record.uri?eid=2-s2.0-85134672837&doi=10.1016%2Fj.eneco.2022.106186&partnerID=40&md5=a74f2e1808b8ff82d282c8b7702bc3bb","Department of Banking and Financial Management, University of Piraeus, Greece; Department of Economics, Democritus University of Thrace, Greece","Apergis N., Department of Banking and Financial Management, University of Piraeus, Greece; Poufinas T., Department of Economics, Democritus University of Thrace, Greece; Antonopoulos A., Department of Economics, Democritus University of Thrace, Greece","As sustainable investing becomes central to capital allocation in many markets, the Environmental, Social and Governance (ESG) metrics and scores have become of critical importance. This study aims to analyze the relation between the cost of debt and ESG scores. We provide evidence that the cost of debt for borrowing firms is associated with their ESG score/rating. Firms that have low ESG scores are considered to be riskier, in the sense that they are exposed to liabilities related to Environmental, Social and Corporate factors that ultimately increase their probability of default. In case of a bankruptcy unsecured bondholders' claims may be subordinate to those liabilities. Using a framework for evaluating ESG performance developed by Refinitiv, this study investigates whether firms within S&P 500 over the period 2010–2019 that exhibit strong ESG scores benefit from lower bond spreads and better bond ratings relative to firms with weaker ESG scores. After controlling for other risk characteristics our analysis points that better ESG rating is associated with lower cost of unsecured debt in the primary bond market. Our findings are consistent over the aggregate metric and all E,S, and G pillars. Furthermore, they support the ongoing calls for improved transparency, which would allow for the reporting of quantifiable ESG information in firms' disclosures. © 2022","Cost of debt; Environmental; ESG scores/ratings; Governance; Social","Commerce; Cost benefit analysis; Risk analysis; Capital allocation; Corporates; Cost of debt; Environmental; Environmental, social and governance score/rating; Exposed to; Governance; Performance; Probability of defaults; Social; bankruptcy; capital; debt; investment; liability; Risk assessment","T. Poufinas; Department of Economics, Democritus University of Thrace, Greece; email: tpoufina@econ.duth.gr","","Elsevier B.V.","01409883","","EECOD","","English","Energy Econ.","Article","Final","","Scopus","2-s2.0-85134672837"
"Janda K.; Kocenda E.; Kortusova A.; Zhang B.","Janda, Karel (56240770500); Kocenda, Evzen (55950980500); Kortusova, Anna (58548633400); Zhang, Binyi (57369215900)","56240770500; 55950980500; 58548633400; 57369215900","ESTIMATION OF GREEN BOND PREMIUMS ON THE CHINESE SECONDARY MARKET","2022","Politicka Ekonomie","70","6","","684","710","4","10.18267/j.polek.1363","https://www.scopus.com/inward/record.uri?eid=2-s2.0-85161329624&doi=10.18267%2Fj.polek.1363&partnerID=40&md5=3b614b4d33ab46ff7316311f0906facc","Institute of Economic Studies, Faculty of Social Science, Charles University, Prague, Czech Republic; Prague University of Economics and Business, Faculty of Finance and Accounting, Prague, Czech Republic; Institute of Information Theory and Automation, Czech Academy of Sciences, Prague, Czech Republic","Janda K., Prague University of Economics and Business, Faculty of Finance and Accounting, Prague, Czech Republic; Kocenda E., Institute of Economic Studies, Faculty of Social Science, Charles University, Prague, Czech Republic, Prague University of Economics and Business, Faculty of Finance and Accounting, Prague, Czech Republic, Institute of Information Theory and Automation, Czech Academy of Sciences, Prague, Czech Republic; Kortusova A., Institute of Economic Studies, Faculty of Social Science, Charles University, Prague, Czech Republic; Zhang B., Institute of Economic Studies, Faculty of Social Science, Charles University, Prague, Czech Republic","Green bonds have gained prominence on China's capital market as tools that help to fuel the transition to a climate-resilient economy. Although the issuance volume on the Chinese green bond market has been growing rapidly in recent years, the impact of the green label on bond pricing has not been studied adequately. Therefore, this paper investigates whether this newly developed financial instrument offers investors in China an attractive yield compared to other equivalent conventional bonds. By matching green bonds with their conventional counterparts and subsequently applying a fixed-effects estimation, our empirical results reveal a significant green bond yield premium of 1.8 basis points (bps) on average on the Chinese secondary market. As compared to Climate Bond Initiative (CBI) certified green bonds, we find that investors are more willing to accept lower yields (pay higher prices) to include People's Bank of China (PBOC) certified green bonds into their portfolio management. Thus, we argue that Chinese green investors prefer PBOC certified green bond over CBI certified green bonds on the Chinese market. Driven by pro- environmental preference, investors are also found to be willing to pay a higher price for green bonds issued by environmental, social and governance (ESG) performance-rated issuers. Our results point to some practical implications for investors and policymakers. © 2022 Vysoka Skola Ekonomicka. All rights reserved.","China; ESG; green bonds; Green finance","","B. Zhang; Institute of Economic Studies, Faculty of Social Science, Charles University, Prague, Czech Republic; email: Binyizhang@outlook.com","","University of Economics - Prague","00323233","","","","English","Polit. Ekon.","Article","Final","All Open Access; Gold Open Access","Scopus","2-s2.0-85161329624"
"Hazaea S.A.; Cai C.; Khatib S.F.A.; Hael M.","Hazaea, Saddam A. (57223125703); Cai, Chun (57676492600); Khatib, Saleh F.A. (57217992648); Hael, Mohammed (58814799000)","57223125703; 57676492600; 57217992648; 58814799000","The moderating role of audit quality in the relationship between ESG practices and the cost of capital: Evidence from the United Kingdom","2025","Borsa Istanbul Review","25","5","","1085","1099","4","10.1016/j.bir.2025.06.007","https://www.scopus.com/inward/record.uri?eid=2-s2.0-105009087288&doi=10.1016%2Fj.bir.2025.06.007&partnerID=40&md5=c5e88e242e3ecbf2029e230070aa1cd4","School of Accounting, Southwestern University of Finance and Economics, Sichuan, Chengdu, China; Faculty of Business, Sohar University, Sohar, Oman; School of Business, Yunnan University of Finance and Economics Kunming, Yunnan, China","Hazaea S.A., School of Accounting, Southwestern University of Finance and Economics, Sichuan, Chengdu, China; Cai C., School of Accounting, Southwestern University of Finance and Economics, Sichuan, Chengdu, China; Khatib S.F.A., Faculty of Business, Sohar University, Sohar, Oman; Hael M., School of Business, Yunnan University of Finance and Economics Kunming, Yunnan, China","This study investigates the impact of environmental, social, and governance (ESG) performance on the cost of capital, using a sample of 406 non-financial companies in the United Kingdom from 2014 to 2023. We examined how ESG performance and audit quality influence the cost of equity (CoE), cost of debt (CoD), and weighted average cost of capital (WACC). The findings reveal a significant negative relationship between ESG performance and all three measures, indicating that strong ESG practices can reduce financing costs. Additionally, higher audit fees are positively associated with WACC and CoE, with a particularly pronounced effect on CoD. Engagement with Big 4 auditors moderates these relationships. Overall, the results demonstrate that ESG performance not only enhances corporate reputation and sustainability but also delivers financial advantages by lowering the cost of capital. These insights have significant implications for corporate financing decisions and provide guidance for managers, investors, policymakers, regulators, and government entities. © 2025 Borsa İstanbul Anonim Şirketi","Audit fees; Big 4; Cost of capital; ESG performance; United Kingdom","","S.F.A. Khatib; Faculty of Business, Sohar University, Sohar, Oman; email: sfkhatib@su.edu.om","","Borsa Istanbul Anonim Sirketi","22148450","","","","English","Borsa Istanb. Rev.","Article","Final","All Open Access; Gold Open Access; Green Open Access","Scopus","2-s2.0-105009087288"
"Fang X.; Zhang W.; Ghoreishi M.","Fang, Xiaobo (57220102437); Zhang, Wenyu (59638318600); Ghoreishi, Minoo (58870040600)","57220102437; 59638318600; 58870040600","DOES ENVIRONMENTAL, SOCIAL, AND GOVERNANCE PERFORMANCE AFFECT CORPORATE ECONOMIC VALUE? EVIDENCE FROM CHINA’S A-SHARE LISTED COMPANIES; [AR APLINKOSAUGOS, SOCIALINIAI IR VALDYMO REZULTATAI TURI ĮTAKOS ĮMONIŲ EKONOMINEI VERTEI? KINIJOS LISTINGUOJAMŲ BENDROVIŲ AKCIJŲ DUOMENYS]","2023","Transformations in Business and Economics","22","3","","977","1002","0","","https://www.scopus.com/inward/record.uri?eid=2-s2.0-85184416890&partnerID=40&md5=84c19fed458a7545c1e84fa1428ed75f","School of Business, Xinyang Normal University, Henan,, Xinyang, 464000, China; Department of Management and Marketing, Lombardo College of Business, Millersville University of Pennsylvania, Lancaster, 63665, PA, United States","Fang X., School of Business, Xinyang Normal University, Henan,, Xinyang, 464000, China; Zhang W., School of Business, Xinyang Normal University, Henan,, Xinyang, 464000, China; Ghoreishi M., Department of Management and Marketing, Lombardo College of Business, Millersville University of Pennsylvania, Lancaster, 63665, PA, United States","In recent years, with the increasing awareness of sustainable development, the environmental, social, and governance (ESG) performance of enterprises has gradually received widespread attention from investors and academics. To explore whether ESG performance affects corporate economics value, using patent data from A-share listed companies in China from 2010-2019, and the methods such as regression analysis, benchmark estimation, and robustness testing, the impact of ESG performance on the corporate economic value added (EVA), and the corresponding influencing mechanisms were analyzed form the perspective of stakeholder theory. Results show that the company’s ESG performance significantly positively affects the company’s economic value. The costs of debt financing and the tax burden play a partial mediation role in the impact of ESG performance on the economic value of the company. The ESG performance of non-state-owned holding companies, non-heavily polluting companies, large companies, and companies in the eastern region has a stronger positive effect on the economic value of the company. An increase in the proportion of female executives, executive age, education level, and tenure significantly increases a company’s ESG performance. Conclusions obtained from this study contribute to the quality of ESG information disclosure in companies. © Vilnius University, 2002-2023.","corporate economic value; debt financing cost; ESG performance; tax burden","","X. Fang; School of Business, Xinyang Normal University, Xinyang, Henan,, 464000, China; email: fxb@xynu.edu.cn","","Vilnius University","16484460","","","","English","Transform. Bus. Econ.","Article","Final","","Scopus","2-s2.0-85184416890"
"Cicchini D.; De Luca P.; Principale S.; Signore C.","Cicchini, Daniela (59655692800); De Luca, Pasquale (57191361684); Principale, Salvatore (57209687097); Signore, Chiara (58623907100)","59655692800; 57191361684; 57209687097; 58623907100","Greenhouse Gas Emissions and Cost of Debt: Evidence From European Firms Under Mandatory and Voluntary Disclosure","2026","Business Strategy and the Environment","","","","","","1","10.1002/bse.70550","https://www.scopus.com/inward/record.uri?eid=2-s2.0-105029059080&doi=10.1002%2Fbse.70550&partnerID=40&md5=195109099ae59ca264ffe465f61949ae","Department of Business Law and Economics, University of Rome “La Sapienza”, Rome, Italy; Department of Management & Innovation Systems, University of Salerno, Fisciano, Italy","Cicchini D., Department of Business Law and Economics, University of Rome “La Sapienza”, Rome, Italy; De Luca P., Department of Business Law and Economics, University of Rome “La Sapienza”, Rome, Italy; Principale S., Department of Business Law and Economics, University of Rome “La Sapienza”, Rome, Italy; Signore C., Department of Management & Innovation Systems, University of Salerno, Fisciano, Italy","Considering the growing attention to sustainability and the increasing regulatory pressure in the European landscape, this study evaluates whether greenhouse gas emissions affect firms' cost of debt. A panel regression was conducted from 2021 to 2024 on two samples of European firms. The first sample includes firms involved in the Non-Financial Reporting Directive, while the second contains firms excluded from the directive's scope. The results show a positive relationship between emissions and the cost of debt within European firms not subject to regulation, highlighting a robust relationship among smaller companies where emissions are a key concern. For larger firms subject to the directive, the cost of debt is not influenced by emissions. Still, it is closely linked to broader environmental performance, such as energy efficiency and biodiversity. The findings highlight that proactive sustainability strategies, particularly strong environmental performance, can lower firms' cost of debt and enhance their competitive position. © 2026 The Author(s). Business Strategy and the Environment published by ERP Environment and John Wiley & Sons Ltd.","climate change; cost of debt; debt costs; European companies; GHG emissions","","D. Cicchini; Department of Business Law and Economics, University of Rome “La Sapienza”, Rome, Italy; email: daniela.cicchini@uniroma1.it","","John Wiley and Sons Ltd","09644733","","","","English","Bus. Strategy Environ.","Article","Article in press","All Open Access; Green Open Access; Hybrid Gold Open Access","Scopus","2-s2.0-105029059080"
"Atif M.; Ali S.","Atif, Muhammad (57205060901); Ali, Searat (56936188600)","57205060901; 56936188600","Environmental, social and governance disclosure and default risk","2021","Business Strategy and the Environment","30","8","","3937","3959","236","10.1002/bse.2850","https://www.scopus.com/inward/record.uri?eid=2-s2.0-85107817089&doi=10.1002%2Fbse.2850&partnerID=40&md5=a69c8796a4a2032971176c5b687f546c","Department of Accounting and Corporate Governance, Macquarie University, Sydney, NSW, Australia; School of Business, University of Wollongong, Wollongong, NSW, Australia","Atif M., Department of Accounting and Corporate Governance, Macquarie University, Sydney, NSW, Australia; Ali S., School of Business, University of Wollongong, Wollongong, NSW, Australia","We investigate whether environmental, social and governance (ESG) disclosure is related to default risk. Using a sample of US nonfinancial institutions from 2006 to 2017, we find that ESG disclosure is positively related to Merton's distance to default and is negatively related to the credit default swap spread, which suggests that firms with a higher ESG disclosure have lower default risk. Our analysis further indicates that the inverse effect of ESG disclosure on default risk is through increased profitability and reduced performance variability and cost of debt. We also document that the negative impact of ESG disclosure on default risk is existent only for mature and older firms. These results are important for all stakeholders of firms, including shareholders and bondholders to consider firm's ESG disclosure in conjunction with life cycle stage before making their investment decisions. © 2021 ERP Environment and John Wiley & Sons Ltd.","corporate life cycle; cost of debt; default risk; ESG disclosure; performance variability","United States; debt; industrial performance; investment; life cycle analysis; profitability; stakeholder","S. Ali; School of Business, University of Wollongong, Wollongong, Australia; email: searat@uow.edu.au","","John Wiley and Sons Ltd","09644733","","","","English","Bus. Strategy Environ.","Article","Final","","Scopus","2-s2.0-85107817089"
"Ratajczak P.; Mikołajewicz G.","Ratajczak, Piotr (57189520710); Mikołajewicz, Grzegorz (57225195211)","57189520710; 57225195211","The impact of environmental, social and corporate governance responsibility on the cost of short-and long-term debt","2021","Economics and Business Review","7","2","","74","96","29","10.18559/ebr.2021.2.6","https://www.scopus.com/inward/record.uri?eid=2-s2.0-85111329960&doi=10.18559%2Febr.2021.2.6&partnerID=40&md5=53e22479e536a922d376bf08cd730e25","Poznań University of Economics and Business, Institute of Accounting and Finance Management, Department of Controlling, Financial Analysis and Valuation, al. Niepodległości 10, Poznań, 61-875, Poland","Ratajczak P., Poznań University of Economics and Business, Institute of Accounting and Finance Management, Department of Controlling, Financial Analysis and Valuation, al. Niepodległości 10, Poznań, 61-875, Poland; Mikołajewicz G., Poznań University of Economics and Business, Institute of Accounting and Finance Management, Department of Controlling, Financial Analysis and Valuation, al. Niepodległości 10, Poznań, 61-875, Poland","The aim of the paper is to examine the impact of environmental, social and corporate governance (ESG) responsibility on the short- and long-term cost of debt. Linear regression was applied to a unique dataset on CSR and cost of debt for 300 companies recognized in 2017 by Corporate Knights as the most sustainable companies in the world. The question about the link between CSR and cost of debt is important as there is still ongoing debate as to whether business should undertake activities in the field of CSR - managers and other stakeholders are still unsure of the outcomes. The findings show that the involvement in environmental issues decreases the cost of long-term debt whereas the involvement in social issues brings benefits to short- and long-term debt. Surprisingly the greater the involvement in corporate governance, the higher the cost of debt in all time horizons. Managers should expect a lower cost of debt from environmental and social activities mostly in the long run. Corporate governance expenditures may in turn be seen as a waste of company resources, cost of forgone opportunities, or - optionally - as an over-investment. The main novelty is the breakdown of CSR into three dimensions while examining various term structures of corporate debt.  © 2021 Piotr Ratajczak et al., published by Sciendo 2021.","cost of debt; CSR; ESG; long-term debt; short-term debt; sustainability","","P. Ratajczak; Poznań University of Economics and Business, Institute of Accounting and Finance Management, Department of Controlling, Financial Analysis and Valuation, Poznań, al. Niepodległości 10, 61-875, Poland; email: piotr.ratajczak@ue.poznan.pl","","Sciendo","23921641","","","","English","Econ. Bus. Rev.","Article","Final","All Open Access; Gold Open Access; Green Open Access","Scopus","2-s2.0-85111329960"
"Du L.; Lu N.","Du, Linqi (60101843200); Lu, Na (60102253000)","60101843200; 60102253000","Do ESG incidents matter for corporate cost of debt? Evidence from China","2025","Finance Research Letters","86","","108459","","","2","10.1016/j.frl.2025.108459","https://www.scopus.com/inward/record.uri?eid=2-s2.0-105016243605&doi=10.1016%2Fj.frl.2025.108459&partnerID=40&md5=7b37c556ef243d4712f0463db632b106","School of Digital Economy and Mangement, Sichuan Technology and Business University, Chengdu, 620000, China","Du L., School of Digital Economy and Mangement, Sichuan Technology and Business University, Chengdu, 620000, China; Lu N., School of Digital Economy and Mangement, Sichuan Technology and Business University, Chengdu, 620000, China","We investigate the impact of ESG incidents on corporate cost of debt financing using RepRisk incident data matched with Chinese A-share listed firms from 2007–2022. Our results show that ESG incidents significantly increase debt costs by approximately 70 basis points. Mechanism analysis reveals that ESG incidents affect debt costs through four channels: increasing credit risk, damaging banking relationships, reducing information quality, and weakening operating performance. The effects are more pronounced for firms with weak ESG performance, state ownership, and non-polluting industry operations. ESG incidents also constrain debt financing capacity, particularly for long-term financing. ESG pillar analysis reveals that social and governance incidents primarily drive the increased debt costs. Our findings highlight the financial materiality of ESG risk management and provide novel insights for sustainable finance development in emerging markets. © 2025 Elsevier Inc.","Cost of debt; Credit risk; ESG incidents; Sustainability","","L. Du; School of Digital Economy and Mangement, Sichuan Technology and Business University, Chengdu, 620000, China; email: Linki17@163.com","","Elsevier Ltd","15446123","","","","English","Finan. Res. Lett.","Article","Final","","Scopus","2-s2.0-105016243605"
"Dua J.; Sharma A.K.","Dua, Jyoti (58967317900); Sharma, Anil Kumar (59150113200)","58967317900; 59150113200","Corporate Sustainability and Capital Costs: A Panel Evidence from BRICS Countries","2024","Indian Journal of Corporate Governance","17","1","","77","101","7","10.1177/09746862241240368","https://www.scopus.com/inward/record.uri?eid=2-s2.0-85190839712&doi=10.1177%2F09746862241240368&partnerID=40&md5=9c0b5cdf0eaf212ae88aa1882e3b6ee6","Department of Management Studies, Indian Institute of Technology Roorkee, Uttarakhand, India","Dua J., Department of Management Studies, Indian Institute of Technology Roorkee, Uttarakhand, India; Sharma A.K., Department of Management Studies, Indian Institute of Technology Roorkee, Uttarakhand, India","Global sustainability challenges have triggered a sense of accountability in society, culminating in the growing incorporation of sustainability into corporate operations. This article aims to investigate the influence of environmental, social and governance (ESG) disclosure on a company’s cost of financing in emerging markets. Furthermore, the article examines the criticality of separate pillars of ESG in determining the companies’ capital costs using a panel dataset of 192 non-financial companies drawn from the equity indices from the BRICS countries for 10 years, spanning 2011–2020. Pooled Ordinary Least Square and fixed-effect panel regressions are used to test the hypothesised relationships. The robustness of our findings is validated by the application of the System Generalised Methods of Moments approach. The results show that ESG disclosure scores and their individual component scores are positively associated with the cost of equity and weighted average cost of capital. In contrast, there is a negative relationship with the cost of debt. Results demonstrate the apprehensions of equity providers and the reception of debt providers towards the companies’ ESG adoption. The governance pillar has the most significant influence on capital costs. The study enables managers to evaluate the economically ideal capital structure for ESG-compliant enterprises strategically. © 2024 Institute of Public Enterprise.","BRICS; cost of capital; cost of debt; cost of equity; emerging; ESG","","A.K. Sharma; Department of Management Studies, Indian Institute of Technology Roorkee, Uttarakhand, India; email: anilsharma@ms.iitr.ac.in","","SAGE Publications Ltd","09746862","","","","English","Indian J. Corp. Gov.","Article","Final","","Scopus","2-s2.0-85190839712"
"Amiraslani H.; Lins K.V.; Servaes H.; Tamayo A.","Amiraslani, Hami (57226187576); Lins, Karl V. (6603502072); Servaes, Henri (6603501917); Tamayo, Ane (14045932400)","57226187576; 6603502072; 6603501917; 14045932400","Trust, social capital, and the bond market benefits of ESG performance","2023","Review of Accounting Studies","28","2","","421","462","116","10.1007/s11142-021-09646-0","https://www.scopus.com/inward/record.uri?eid=2-s2.0-85128070558&doi=10.1007%2Fs11142-021-09646-0&partnerID=40&md5=6e16096326e82bc0fdcd2bd7ef9440f2","INSEAD, 1 Ayer Rajah Avenue, Singapore, 138676, Singapore; David Eccles School of Business, University of Utah, 1655 Campus Center Dr, Salt Lake City, 84112, UT, United States; London Business School, CEPR, and ECGI, Regent’s Park, London, NW1 4SA, United Kingdom; London School of Economics and CEPR, Houghton Street, London, WC2A 2AE, United Kingdom","Amiraslani H., INSEAD, 1 Ayer Rajah Avenue, Singapore, 138676, Singapore; Lins K.V., David Eccles School of Business, University of Utah, 1655 Campus Center Dr, Salt Lake City, 84112, UT, United States; Servaes H., London Business School, CEPR, and ECGI, Regent’s Park, London, NW1 4SA, United Kingdom; Tamayo A., London School of Economics and CEPR, Houghton Street, London, WC2A 2AE, United Kingdom","We investigate whether a firm’s social capital and the trust that it engenders are viewed favorably by bondholders. Using firms’ environmental and social (E&S) performance to proxy for social capital, we find no relation between social capital and bond spreads over the period 2006–2019. However, during the 2008–2009 financial crisis, which represents a shock to trust and default risk, high-social-capital firms benefited from lower bond spreads. These effects are stronger for firms with higher expected agency costs of debt and firms whose E&S efforts are more salient. During the crisis, high-social-capital firms were also able to raise more debt, at lower spreads, and for longer maturities. We find no evidence that the governance element of ESG is related to bond spreads. The gap between E&S performance of firms in the bottom and top E&S terciles has narrowed since the financial crisis, especially in the year prior to accessing the bond market. © 2022, The Author(s).","Agency costs of debt; Bond spreads; Corporate bonds; CSR; ESG; Financial crisis; Social capital; Sustainability; Trust","","A. Tamayo; London School of Economics and CEPR, London, Houghton Street, WC2A 2AE, United Kingdom; email: a.m.tamayo@lse.ac.uk","","Springer","13806653","","","","English","Rev. Account. Stud.","Article","Final","All Open Access; Green Open Access; Hybrid Gold Open Access","Scopus","2-s2.0-85128070558"
"Bryl L.; Fijalkowska J.","Bryl, Lukasz (57201615793); Fijalkowska, Justyna (57201117208)","57201615793; 57201117208","How does intellectual capital disclosure affect the cost of capital? conclusions from two decades of research","2020","Electronic Journal of Knowledge Management","18","1","","29","55","12","10.34190/EJKM.18.01.003","https://www.scopus.com/inward/record.uri?eid=2-s2.0-85092118930&doi=10.34190%2FEJKM.18.01.003&partnerID=40&md5=47765d6adbab4a6776b5a03ba997c17f","Poznan University of Economics and Business, Poland; University of Social Sciences, Lodz, Poland","Bryl L., Poznan University of Economics and Business, Poland; Fijalkowska J., University of Social Sciences, Lodz, Poland","According to Dumay (2012), there are two grand foundations of intellectual capital (IC) disclosure theory: The MV/BV ratio and greater profitability because of the lower cost of capital. Consequently, the purpose of this paper is to perform a literature review of the empirical studies conducted in the last 22 years on the link between intellectual capital disclosure and the cost of capital (cost of equity and cost of debt). The findings of empirical research analysed in this paper indicate that the hybridization of financial and non-financial data reporting contributes to the lower cost of capital. Moreover, in general, researched studies confirm a negative relation between the non-financial information disclosure and the cost of equity. IC data disclosure also improves credit rating and thus lowers the cost of debt. In terms of IC sub-categories, disclosure of human capital items performs the strongest impact on decreasing the cost of equity. The Corporate Social Responsibility (CSR)/ (Environmental, Social and Corporate Governance (ESG) reports (43%) and annual reports (39%) were the most often utilized IC data sources, followed by corporate websites disclosures (15%). A minority of the studies (4%) used integrated reports, IPO prospectuses, and reports dedicated solely to the IC. This paper has a twofold contribution: First, it provides a valuable insight for regulators, practitioners and stock market analysts into the role of IC disclosure in the reduction of the cost of capital. Second, it attempts to revive the discussion on the relevance of IC reporting by the entities in terms of minimalizing their cost of capital. © 2020 Academic Publishing International. All rights reserved.","Cost of capital; Cost of debt; Cost of equity; Intellectual capital disclosure; Intellectual capital reporting; Literature review","","","","Academic Conferences and Publishing International Limited","14794411","","","","English","Electron. J. Knowl. Manag.","Article","Final","","Scopus","2-s2.0-85092118930"
"Gonzalez-Ruiz J.D.; Marín-Rodríguez N.J.; Peña A.","Gonzalez-Ruiz, Juan David (57189303484); Marín-Rodríguez, Nini Johana (57195913643); Peña, Alejandro (55904731500)","57189303484; 57195913643; 55904731500","Board gender diversity and cost of debt financing: Evidence from Latin American and the Caribbean firms","2024","Journal of Corporate Accounting and Finance","35","2","","224","244","3","10.1002/jcaf.22683","https://www.scopus.com/inward/record.uri?eid=2-s2.0-85178240995&doi=10.1002%2Fjcaf.22683&partnerID=40&md5=a045d47eac99067b404a6950bb9acef3","Departamento de Economía, Facultad de Ciencias Humanas y Económicas, Grupo de Investigación en Finanzas y Sostenibilidad, Universidad Nacional de Colombia, Sede Medellín, Medellín, Colombia; Programa de Ingeniería Financiera, Facultad de Ingenierías, Grupo de Investigación en Ingeniería Financiera GINIF, Universidad de Medellín, Antioquia, Medellín, Colombia; Departamento de Contaduría, Grupo de Investigación en Información y Gestión, Universidad EAFIT, Medellín, Colombia","Gonzalez-Ruiz J.D., Departamento de Economía, Facultad de Ciencias Humanas y Económicas, Grupo de Investigación en Finanzas y Sostenibilidad, Universidad Nacional de Colombia, Sede Medellín, Medellín, Colombia; Marín-Rodríguez N.J., Programa de Ingeniería Financiera, Facultad de Ingenierías, Grupo de Investigación en Ingeniería Financiera GINIF, Universidad de Medellín, Antioquia, Medellín, Colombia; Peña A., Departamento de Contaduría, Grupo de Investigación en Información y Gestión, Universidad EAFIT, Medellín, Colombia","This research examines the relationship between board gender diversity and the cost of debt financing in Latin American and Caribbean firms. We implement the Fuzzy Logistic Autoencoder model, using data for 470 firms spanning 2016–2021 from the Eikon Refinitiv Thomson Reuters database. Our findings suggest that the variables independent board, policy board diversity, sustainable development goal 5, executive gender diversity, and governance consistently demonstrated effects on reducing the short-term and long-term debt cost over the period analyzed. Consequently, the potential benefits of including women on the board of directors are conducive to improving the firm's reputation, which materializes in reducing the cost of debt. The results offer valuable insights to researchers and investors seeking to understand the role of BGD composition within firms and its financial impact. © 2023 Wiley Periodicals LLC.","board gender diversity; corporate governance; cost of debt; ESG; financing; Latin America; sustainability","","J.D. Gonzalez-Ruiz; Departamento de Economía, Facultad de Ciencias Humanas y Económicas, Grupo de Investigación en Finanzas y Sostenibilidad, Universidad Nacional de Colombia, Sede Medellín, Medellín, Colombia; email: jdgonza3@unal.edu.co","","John Wiley and Sons Inc","10448136","","","","English","J. corp. account. finance","Article","Final","All Open Access; Bronze Open Access","Scopus","2-s2.0-85178240995"
"Wahyuningtyas E.T.; Majidi L.M.S.; Murtadho M.; Musriha; Susesti D.A.; Primasari N.S.","Wahyuningtyas, Endah Tri (57220044644); Majidi, Lalu Muhammad Syahril (59132642400); Murtadho, Muis (59133834600); Musriha (58164682300); Susesti, Dina Anggraeni (59132642500); Primasari, Niken Savitri (57220023178)","57220044644; 59132642400; 59133834600; 58164682300; 59132642500; 57220023178","ENVIRONMENT SOCIAL GOVERNANCE PERFORMANCE AND CAPITAL STRUCTURE: EVIDENCE IN INDONESIA AND MALAYSIA; [MEIO AMBIENTE DESEMPENHO DA GOVERNANÇA SOCIAL E ESTRUTURA DE CAPITAL: EVIDÊNCIA NA INDONÉSIA E MALÁSIA]; [MEDIO AMBIENTE DESEMPEÑO DE LA GOBERNANZA SOCIAL Y ESTRUCTURA DE CAPITAL: EVIDENCIA EN INDONESIA Y MALASIA]","2024","Revista de Gestao Social e Ambiental","18","5","e05635","","","2","10.24857/rgsa.v18n5-089","https://www.scopus.com/inward/record.uri?eid=2-s2.0-85193525096&doi=10.24857%2Frgsa.v18n5-089&partnerID=40&md5=8d601496119e849c2178d7d8ce15ff86","Universitas Nahdlatul Ulama Surabaya, Indonesia; Universitas Widya Kartika Surabaya, Indonesia; Universitas Bhayangkara Surabaya, Indonesia","Wahyuningtyas E.T., Universitas Nahdlatul Ulama Surabaya, Indonesia; Majidi L.M.S., Universitas Nahdlatul Ulama Surabaya, Indonesia; Murtadho M., Universitas Widya Kartika Surabaya, Indonesia; Musriha, Universitas Bhayangkara Surabaya, Indonesia; Susesti D.A., Universitas Nahdlatul Ulama Surabaya, Indonesia; Primasari N.S., Universitas Nahdlatul Ulama Surabaya, Indonesia","Purpose: This research aims to investigate the relationship between Environmental, Social, and Governance (ESG) performance and capital structure, using Debt-to-Equity Ratio (DER) and Debt-to-Asset Ratio (DAR) proxies, in Indonesia and Malaysia. The study seeks to address the gap in the literature by exploring how ESG factors influence the capital structure decisions of both financial and non-financial companies in these countries. Additionally, the research analyzes the impact of ESG performance on the cost of equity and cost of debt. Methods: The research utilizes secondary data extracted from annual reports and sustainability reports spanning from 2015 to 2020. A total of 102 companies, comprising 59 Indonesian companies and 52 Malaysian companies registered on CSRHub, are included in the analysis. ESG performance is assessed based on community, environmental, social, and governance indicators. Capital structure is measured using DER and DAR proxies. Statistical analysis techniques are employed to examine the relationship between ESG performance and capital structure, as well as its impact on the cost of equity and cost of debt. Results and Discussion: The research findings indicate that community, environmental, social, and governance performance exhibit a negative effect on the cost of equity, suggesting that companies with stronger ESG performance experience lower costs of equity financing. However, these ESG factors do not significantly affect the cost of debt. This implies that while ESG performance may influence equity holders' perceptions of risk and return, it may not have a direct impact on the cost of debt financing for companies in Indonesia and Malaysia. Implications of the Research: The results of this research have important implications for companies, investors, and policymakers interested in understanding the relationship between ESG performance, capital structure decisions, and financing costs. By demonstrating the impact of ESG factors on the cost of equity, the findings underscore the importance of integrating sustainability considerations into financial decision-making processes. Moreover, the research highlights the need for further investigation into the mechanisms through which ESG performance influences capital structure and financing costs. Originality/Value: This study contributes to the literature by offering novel insights into the relationship between ESG performance and capital structure in Indonesia and Malaysia. By examining the impact of ESG factors on both equity and debt financing costs, the research expands our understanding of how sustainability considerations influence corporate financial decisions. The findings provide valuable guidance for companies seeking to enhance their ESG performance and optimize their capital structure, ultimately contributing to more sustainable and responsible business practices in emerging markets. © 2024 ANPAD - Associacao Nacional de Pos-Graduacao e Pesquisa em Administracao. All rights reserved.","Capital Structure; Cost Of Debt; ESG Performance; Sustainability Reporting","","","","ANPAD - Associacao Nacional de Pos-Graduacao e Pesquisa em Administracao","1981982X","","","","English","Rev. Gestao Soc. Ambient.","Article","Final","All Open Access; Hybrid Gold Open Access","Scopus","2-s2.0-85193525096"
"Xu H.; Xu X.; Yu J.","Xu, Huifeng (57226027943); Xu, Xiaodong (57169061400); Yu, Junli (56131115900)","57226027943; 57169061400; 56131115900","The Impact of Mandatory CSR Disclosure on the Cost of Debt Financing: Evidence from China","2021","Emerging Markets Finance and Trade","57","8","","2191","2205","84","10.1080/1540496X.2019.1657401","https://www.scopus.com/inward/record.uri?eid=2-s2.0-85073942950&doi=10.1080%2F1540496X.2019.1657401&partnerID=40&md5=46c84caf14417ac622af1794c8e077e2","School of Accounting, Guangdong University of Finance and Economics, Guangzhou, China; Antai College of Economics and Management, Shanghai Jiao Tong University, Shanghai, China; China Institute for Urban Governance\School of International and Public Affairs, Shanghai Jiao Tong University, Shanghai, China","Xu H., School of Accounting, Guangdong University of Finance and Economics, Guangzhou, China; Xu X., Antai College of Economics and Management, Shanghai Jiao Tong University, Shanghai, China; Yu J., China Institute for Urban Governance\School of International and Public Affairs, Shanghai Jiao Tong University, Shanghai, China","This paper studies the impact of mandatory corporate social responsibility (CSR) disclosures on cost of debt financing (COD) in China, using a quasi-natural experiment that mandates a subset of listed firms to issue CSR reports. We find that these firms exhibit cheaper debt financing after they are subject to this mandate and easier access to long-term bank loans, and the decrease in the COD is more pronounced among firms with longer CSR reports and higher CSR scores and that follow Global Reporting Initiative (GRI) guidelines. In addition, we introduce regulatory theory to verify firms that are politically connected enjoy a greater reduction in the COD after the mandate than those that are not politically connected. Our results have important implications for our understanding of the economic consequences of mandatory CSR disclosures from the perspective of the debt market. ©, Copyright © Taylor & Francis Group, LLC.","cost of debt financing; disclosure quality; mandatory CSR disclosure; political connections; urban governance","","J. Yu; Institute for Urban Governance\School of International and Public Affairs, Shanghai Jiao Tong University, Shanghai, China; email: jlyuchina@sjtu.edu.cn","","Routledge","1540496X","","","","English","Emerg. Mark. Financ. Trade","Article","Final","","Scopus","2-s2.0-85073942950"
"Nazarova V.; Lavrova V.","Nazarova, Varvara (56177248500); Lavrova, Victoria (58632376200)","56177248500; 58632376200","Do ESG Factors Influence Investment Attractiveness of the Public Companies?","2022","Journal of Corporate Finance Research","16","1","","38","64","14","10.17323/j.jcfr.2073-0438.16.1.2022.38-64","https://www.scopus.com/inward/record.uri?eid=2-s2.0-85143160453&doi=10.17323%2Fj.jcfr.2073-0438.16.1.2022.38-64&partnerID=40&md5=559d1803677f35d8761caac736982eff","National Research University Higher School of Economics, Saint Petersburg, Russian Federation; PJSC Gazpromneft, Chief Specialist of Investor Relations Department, Russian Federation","Nazarova V., National Research University Higher School of Economics, Saint Petersburg, Russian Federation; Lavrova V., PJSC Gazpromneft, Chief Specialist of Investor Relations Department, Russian Federation","Even though there are numerous papers on the impact of ESG disclosure or performance on company performance, the topic remains disputable and controversial. The growing importance of ESG scores in investment decision-making has raised a question of whether the ESG score and its pillars influence the investment attractiveness of public companies. Using a sample of S&P 500 American and S&P 350 European companies in the period between 2010 and 2020, we examine the relationship between ESG performance and investment attractiveness, expressed by Tobin’s Q, ROE, cost of capital and probability of paying dividends. We use the difference in means, panel regression and propensity score matching analysis and conclude that higher ESG performance positively influences Tobin’s Q for both markets, while also providing evidence that ESG score transition to the above-median level may lead to a fairer valuation, higher probability of paying dividends and lower cost of capital, while return on equity is not subject to change. While previous research mainly focuses on one indicator, such as company value or cost of debt, this paper develops a set of investment attractiveness indicators and covers not only composite ESG performance, but also its environmental, social and governance pillars separately; it also emphasizes the influence on the industrial sector. Overall, our results suggest that managers pay close attention to ESG performance if it falls below median, although good ESG performance does not guarantee investment attractiveness. © 2022, National Research University, Higher School of Econoimics. All rights reserved.","cost of capital; dividends; ESG scores; investment attractiveness; ROE; Tobin’s Q","","","","National Research University, Higher School of Econoimics","20730438","","","","English","J. Corp. Financ. Res.","Article","Final","All Open Access; Gold Open Access","Scopus","2-s2.0-85143160453"
"Kažyte˙ A.; Štreimikiene˙ D.; Stankevicˇiene˙ J.; Krušna R.","Kažyte˙, Agne˙ (60397298100); Štreimikiene˙, Dalia (60396855000); Stankevicˇiene˙, Jelena (60396422200); Krušna, Rosvaldas (60327793400)","60397298100; 60396855000; 60396422200; 60327793400","Credit Risk in Sustainable Development: A Systematic Literature Review","2026","IIM Kozhikode Society and Management Review","","","","","","0","10.1177/22779752261422353","https://www.scopus.com/inward/record.uri?eid=2-s2.0-105030130135&doi=10.1177%2F22779752261422353&partnerID=40&md5=456b00b73171cb57f8edecfe88e5c47d","Department of Economics and Business Administration, Vilnius University, Vilnius, Lithuania; Vilnius University, Kaunas, Lithuania; Bank of Lithuania, Vilnius, Lithuania","Kažyte˙ A., Department of Economics and Business Administration, Vilnius University, Vilnius, Lithuania; Štreimikiene˙ D., Vilnius University, Kaunas, Lithuania; Stankevicˇiene˙ J., Department of Economics and Business Administration, Vilnius University, Vilnius, Lithuania; Krušna R., Bank of Lithuania, Vilnius, Lithuania","Credit risk is one of the most important risks faced by lenders and can affect not only their financial health but also economic growth and financial stability. It is therefore crucial to assess the potential losses from credit risk as conservatively as possible and to manage it effectively. A systematic review of the academic literature was conducted to answer these questions. The results of the review showed that models that examine the relationship between sustainability and credit risk most commonly use the environmental factor as an indicator of sustainability (72% of the studies analysed). The Altman Z-score was the most used credit risk estimator in the reviewed studies. The second most popular estimate was bond and credit default swap spreads. In summary, the studies reviewed show that lending to more sustainable companies improves: The quality of the loan portfolio and reduces credit risk, leading to better credit ratings, and lower borrowing costs for the lenders themselves; lenders’ reputation, which makes it possible to attract a larger number of depositors and investors. However, the lender should consider not only the sustainability of the borrower but also the sustainability of the loan collateral, which is seen as a credit risk mitigant. © 2026 The Author(s). This article is distributed under the terms of the Creative Commons Attribution 4.0 License (https://creativecommons.org/licenses/by/4.0/) which permits any use, reproduction and distribution of the work without further permission provided the original work is attributed as specified on the SAGE and Open Access page (https://us.sagepub.com/en-us/nam/open-access-at-sage).","credit risk; default risk; ESG; Psalsar methodology; sustainability; Sustainable development","","A. Kažyte˙; Department of Economics and Business Administration, Vilnius University, Vilnius, LT-10222, Lithuania; email: Agne.Kazyte@evaf.stud.vu.lt","","Sage Publications India Pvt. Ltd","22779752","","","","English","IIM Kozhikode Soc. Manag. Rev.","Article","Article in press","All Open Access; Green Open Access; Hybrid Gold Open Access","Scopus","2-s2.0-105030130135"
"Poornima S.; Gopalakrishna B.V.; Samanta M.","Poornima, S. (58699953800); Gopalakrishna, B.V. (57193438956); Samanta, Mithun (59868799800)","58699953800; 57193438956; 59868799800","Impact of environmental, social, and governance disclosures on debt financing decisions: evidence from India","2025","Environment, Development and Sustainability","","","","","","0","10.1007/s10668-025-06728-w","https://www.scopus.com/inward/record.uri?eid=2-s2.0-105016753284&doi=10.1007%2Fs10668-025-06728-w&partnerID=40&md5=ff32935afc9c5bb0f768cbc3327f8806","National Institute of Technology Karnataka, Karnataka, Surathkal, 575025, India; International School of Business and Media, Karnataka, Bangalore, 562132, India","Poornima S., National Institute of Technology Karnataka, Karnataka, Surathkal, 575025, India; Gopalakrishna B.V., National Institute of Technology Karnataka, Karnataka, Surathkal, 575025, India; Samanta M., International School of Business and Media, Karnataka, Bangalore, 562132, India","In recent years, the incorporation of Environmental, Social, and Governance (ESG) disclosures into corporate strategic planning has attracted global attention, yet its implications for firms’ capital structure decisions remain underexplored, particularly in emerging markets. In light of India’s dynamic financial and regulatory developments, examining the impact of ESG disclosures on corporate debt strategies is relevant. The study explores the association between ESG disclosure and corporate debt financing practices in the Indian context. Utilizing a panel of 692 listed firms from 2011 to 2022, the study employs panel regression and two-step system GMM techniques to investigate how ESG disclosure influences access to long-term debt, cost of debt, target leverage, speed of leverage adjustment, and financial constraints. The results indicate that companies that provide extensive ESG disclosures tend to secure long-term debt at lower costs, suggesting that lenders perceive strong ESG disclosure as a signal of lower risk. Furthermore, these firms maintain their target leverage and exhibit faster adjustments when they deviate from it, reflecting enhanced financial discipline and reduced adjustment costs. Finally, high ESG disclosing firms experience significantly fewer financial constraints, emphasizing the significance of ESG in improving creditworthiness and access to capital. The results remain consistent across various model specifications and alternative variable measures. The study contributes novel empirical insights on the impact of ESG on capital structure and offers practical implications to corporate managers, institutional investors, and regulatory authorities by underlining the prominent role of transparent ESG reporting in fostering responsible financial decision-making. © The Author(s), under exclusive licence to Springer Nature B.V. 2025.","Agency theory; Capital structure; ESG; India; Pecking order theory","","S. Poornima; National Institute of Technology Karnataka, Surathkal, Karnataka, 575025, India; email: poornimaskelgur@gmail.com","","Springer Science and Business Media B.V.","1387585X","","EDSNB","","English","Environ. Dev. Sustainability","Article","Article in press","","Scopus","2-s2.0-105016753284"
"Gong G.; Huang X.; Wu S.; Tian H.; Li W.","Gong, Guangming (50261555400); Huang, Xin (57214220767); Wu, Sirui (60383547100); Tian, Haowen (57214234246); Li, Wanjin (57214229644)","50261555400; 57214220767; 60383547100; 57214234246; 57214229644","Punishment by Securities Regulators, Corporate Social Responsibility and the Cost of Debt","2021","Journal of Business Ethics","171","2","","337","356","194","10.1007/s10551-020-04438-z","https://www.scopus.com/inward/record.uri?eid=2-s2.0-85078404385&doi=10.1007%2Fs10551-020-04438-z&partnerID=40&md5=0581a1b31682497f86eab3c4696b0c40","Business School of Hunan University, Changsha, 410079, China; School of Management, Xi’an Jiaotong University, Xi’an, 710049, Shaanxi, China; Department of Accountancy, City University of HongKong, Kowloon, Hong Kong","Gong G., Business School of Hunan University, Changsha, 410079, China; Huang X., Business School of Hunan University, Changsha, 410079, China; Wu S., Business School of Hunan University, Changsha, 410079, China; Tian H., School of Management, Xi’an Jiaotong University, Xi’an, 710049, Shaanxi, China, Department of Accountancy, City University of HongKong, Kowloon, Hong Kong; Li W., Business School of Hunan University, Changsha, 410079, China","This study examines whether penalties issued to Chinese listed companies by securities regulators for violations of corporate law affect the cost of debt, and the moderating role of corporate social responsibility (CSR) fulfillment on this relationship. Our sample consists of firms listed on Shanghai and Shenzhen stock exchanges from 2011 to 2017 and the data are collected from the announcements of China Securities Regulatory Commission. The findings are as follows: (1) punishment announcements by regulatory authorities increase the cost of debt; and (2) the effect of punishment announcements on the cost of debt is partially offset by prior CSR performance. These findings are shown to be robust. The reputation insurance effect of CSR is more pronounced in state-owned enterprises and in an institutional environment with low marketization, a weak legal environment, and low information transparency. The findings support the reputation insurance hypothesis of CSR and employ the cost of debt as a governance mechanism. © 2020, Springer Nature B.V.","Administrative punishment; Corporate social responsibility; Corporate violation; Debt financing","","S. Wu; Business School of Hunan University, Changsha, 410079, China; email: wusirui@hnu.edu.cn","","Springer Science and Business Media B.V.","01674544","","","","English","J. Bus. Ethics","Article","Final","","Scopus","2-s2.0-85078404385"
"Chang K.; Feng Y.L.; Liu W.; Lu N.; Li S.Z.","Chang, Kai (24460306000); Feng, Yan Ling (57219388571); Liu, Wang (57219393347); Lu, Ning (57219384417); Li, Sheng Ze (57219392072)","24460306000; 57219388571; 57219393347; 57219384417; 57219392072","The impacts of liquidity measures and credit rating on corporate bond yield spreads: evidence from China’s green bond market","2021","Applied Economics Letters","28","17","","1446","1457","25","10.1080/13504851.2020.1824062","https://www.scopus.com/inward/record.uri?eid=2-s2.0-85092517874&doi=10.1080%2F13504851.2020.1824062&partnerID=40&md5=5771df7fdd8d7b8b81bea03d7496f4ae","School of Finance and Business, Shanghai Normal University, Shanghai, China; Global Capital Innovation Research College, Shanghai Normal University, Shanghai, China; The New Type Key Think Tank of Zhejiang Province “Research Institute of Regulation and Public Policy”, Hangzhou, China; School of Finance, Zhejiang University of Finance and Economics, Hangzhou, China","Chang K., School of Finance and Business, Shanghai Normal University, Shanghai, China, Global Capital Innovation Research College, Shanghai Normal University, Shanghai, China, The New Type Key Think Tank of Zhejiang Province “Research Institute of Regulation and Public Policy”, Hangzhou, China; Feng Y.L., School of Finance, Zhejiang University of Finance and Economics, Hangzhou, China; Liu W., School of Finance, Zhejiang University of Finance and Economics, Hangzhou, China; Lu N., School of Finance, Zhejiang University of Finance and Economics, Hangzhou, China; Li S.Z., School of Finance, Zhejiang University of Finance and Economics, Hangzhou, China","This article investigates the nexus among the liquidity measures, credit ratings, and the yield spreads of green corporate bonds in China using panel data analysis and the generalized method of moments (GMM). Lower market liquidity, a lower credit rating level, and a shorter issued age are more significant for enlarging the yield spreads of ordinary corporate bonds than those of green corporate bonds. Compared with the AAA credit rating level, the illiquidity ratio, nontrade frequency ratio, zero-trade volume, yield volatility, interest rate margin and issued age have more significant influences on the yield spreads of ordinary corporate bonds than those of green corporate bonds. The liquidity and credit rating have greater differences in affecting the yield spreads of green corporate bonds with different issuance terms. © 2020 Informa UK Limited, trading as Taylor & Francis Group.","credit rating; generalized method of moments; Green corporate bonds; liquidity; yields spread","China; corporate social responsibility; credit provision; financial market; financial system; interest rate","K. Chang; School of Finance and Business, Shanghai Normal University, Shanghai, 200034, China; email: kchang16@163.com","","Routledge","13504851","","","","English","Appl. Econ. Lett.","Article","Final","","Scopus","2-s2.0-85092517874"
"Tarasova A.; Velikorossov V.; Filin S.; Ibraimova S.; Yakushev A.","Tarasova, Anna (57216613070); Velikorossov, Vladimir (57214836396); Filin, Sergey (56323759000); Ibraimova, Saltanat (57189693686); Yakushev, Alexey (57200579542)","57216613070; 57214836396; 56323759000; 57189693686; 57200579542","Development of a set of limits for the main performance indicators of energy-generating companies","2020","E3S Web of Conferences","159","","07001","","","0","10.1051/e3sconf/202015907001","https://www.scopus.com/inward/record.uri?eid=2-s2.0-85084052471&doi=10.1051%2Fe3sconf%2F202015907001&partnerID=40&md5=33f1e2f7a1196317e6ae866dbf2e4e10","Ivanovo Power Engineering Institute, Rabfakovskaya Street, 34, Ivanovo, 153003, Russian Federation; Plekhanov Russian University of Economics, Department of Management, Stremyanny Lane, 36, Moscow, 117997, Russian Federation; M.Auezov South-Kazakhstan State University, Tauke Khan Ave, Shymkent, 160012, Kazakhstan","Tarasova A., Ivanovo Power Engineering Institute, Rabfakovskaya Street, 34, Ivanovo, 153003, Russian Federation; Velikorossov V., Plekhanov Russian University of Economics, Department of Management, Stremyanny Lane, 36, Moscow, 117997, Russian Federation; Filin S., Plekhanov Russian University of Economics, Department of Management, Stremyanny Lane, 36, Moscow, 117997, Russian Federation; Ibraimova S., M.Auezov South-Kazakhstan State University, Tauke Khan Ave, Shymkent, 160012, Kazakhstan; Yakushev A., Plekhanov Russian University of Economics, Department of Management, Stremyanny Lane, 36, Moscow, 117997, Russian Federation","Restrictive conditions established on average throughout the organization, which each energy-generating company should strive to carry out, have been proposed and analyzed. In order to ensure a sustainable level of financial stability, the calculation of the use of debt coverage and debt service limits is predicated. Fulfillment of the established limits should be taken into account in the formation of investment programs, which the energy-generating company intends to implement, which should imply the corresponding energy-generating company certain preferences, for example, a reduced interest rate on loans, which in turn increases the efficiency of the investment project of the organization and leads to more economic efficiency of the tariff method RAB-regulation. © The Authors, published by EDP Sciences, 2020.","","Environmental technology; Sustainable development; Economic efficiency; Financial stability; Generating companies; Interest rates; Investment programs; Investment projects; Performance indicators; Restrictive conditions; Investments","S. Filin; Plekhanov Russian University of Economics, Department of Management, Moscow, Stremyanny Lane, 36, 117997, Russian Federation; email: Filin.SA@rea.ru","Ziyadin S.; Shaikh A.; Dinis de Sousa R.; Borodin A.; Mottaeva A.","EDP Sciences","25550403","","","","English","E3S Web Conf.","Conference paper","Final","All Open Access; Gold Open Access; Green Open Access","Scopus","2-s2.0-85084052471"
"Quintiliani A.","Quintiliani, Andrea (56022816400)","56022816400","Small and medium-sized enterprises and sustainable transition: Role of FinTech in a country's banking ecosystem","2025","Research in International Business and Finance","73","","102625","","","8","10.1016/j.ribaf.2024.102625","https://www.scopus.com/inward/record.uri?eid=2-s2.0-85206647682&doi=10.1016%2Fj.ribaf.2024.102625&partnerID=40&md5=9be7cab811693e7129c489b321e18743","G. d′Annunzio University of Chieti-Pescara, Department of Management and Business Administration, Viale Pindaro 42, Pescara, Italy","Quintiliani A., G. d′Annunzio University of Chieti-Pescara, Department of Management and Business Administration, Viale Pindaro 42, Pescara, Italy","During the sustainable transition, small and medium-sized enterprises (SMEs) request funding to support environmental, social, and governance (ESG) investments. In particular, these requests clash with information asymmetries typical of the bank–firm relationship, causing SMEs to experience credit crunch phenomena or increased loan costs. This aforementioned phenomenon prompted this study to examine whether FinTech increases banks’ ability to support the development of SMEs aimed at achieving ESG or, better yet, sustainable transition goals. The results suggest that FinTech in a country's banking ecosystem improves the ESG performance of Italian and British SMEs by addressing adverse selection and moral hazard issues. This study also shows a more pronounced effect in the UK banking ecosystem, which has a higher level of FinTech development and diffusion. © 2024 Elsevier B.V.","Bank–firm relationship; Country's banking ecosystem; ESG; FinTech; Information asymmetry; SME","","","","Elsevier Ltd","02755319","","","","English","Res. Int. Bus. Financ.","Article","Final","","Scopus","2-s2.0-85206647682"
"Cheng Y.; He C.; Tang C.","Cheng, Yuhao (59367148600); He, Chuqian (59564444800); Tang, Can (59518721900)","59367148600; 59564444800; 59518721900","The impact of ESG performance on corporate debt costs: A signaling perspective","2025","Finance Research Letters","76","","107020","","","7","10.1016/j.frl.2025.107020","https://www.scopus.com/inward/record.uri?eid=2-s2.0-85218268387&doi=10.1016%2Fj.frl.2025.107020&partnerID=40&md5=5a610b0e318dec41594a68e3f9c74df4","Business College, Guangzhou College of Technology and Business, Guangzhou, 510850, China; Library, University of International Business and Economics, Beijing, 100029, China","Cheng Y., Business College, Guangzhou College of Technology and Business, Guangzhou, 510850, China; He C., Business College, Guangzhou College of Technology and Business, Guangzhou, 510850, China; Tang C., Library, University of International Business and Economics, Beijing, 100029, China","Environmental, Social, and Governance (ESG) factors are significant indicators of company sustainability practices and company's profitability. This study uses a signaling game model to analyze the impact of ESG performance on the cost of corporate debt, and uses the data from Chinese A-share listed firms spanning 2019 to 2023 to confirm the moderating effect. The results indicate that when company financing is high, positive ESG performance can significantly decrease the cost of debt. Conversely, when the financing amount is low, the impact of ESG performance on reducing the cost of financing is negligible. © 2025 Elsevier Inc.","Debt cost; ESG performance; Financing decisions; Signaling game","","C. He; Business College, Guangzhou College of Technology and Business, Guangzhou, 510850, China; email: hochorsin@163.com","","Elsevier Ltd","15446123","","","","English","Finan. Res. Lett.","Article","Final","","Scopus","2-s2.0-85218268387"
"Suhardianto N.; Ningsih S.; Rahmatulloh S.A.; Nasih M.; Putri O.O.; Nuryaddin Z.A.","Suhardianto, Novrys (57215877263); Ningsih, Sri (57572579800); Rahmatulloh, Sahrian Aditya (59661239800); Nasih, Mohammad (57209289256); Putri, Oudyza Oktavia (60402498300); Nuryaddin, Zayyan Ahmad (60354719300)","57215877263; 57572579800; 59661239800; 57209289256; 60402498300; 60354719300","Generalist CEOs and the Cost of Debt: Evidence from Indonesia","2026","Gadjah Mada International Journal of Business","28","1","","1","24","0","10.22146/gamaijb.v28i1.15484","https://www.scopus.com/inward/record.uri?eid=2-s2.0-105030358179&doi=10.22146%2Fgamaijb.v28i1.15484&partnerID=40&md5=e0fc7d15e0912e329159b8f69a799470","Department of Accountancy, Faculty of Economic and Business, Universitas Airlangga, Indonesia; Center for Politics Economics and Business Research (CPEBR), Universitas Airlangga, Indonesia; Center for Environmental Social, and Governance Studies (CESGS), Universitas Airlangga, Indonesia","Suhardianto N., Department of Accountancy, Faculty of Economic and Business, Universitas Airlangga, Indonesia, Center for Politics Economics and Business Research (CPEBR), Universitas Airlangga, Indonesia; Ningsih S., Department of Accountancy, Faculty of Economic and Business, Universitas Airlangga, Indonesia, Center for Politics Economics and Business Research (CPEBR), Universitas Airlangga, Indonesia; Rahmatulloh S.A., Department of Accountancy, Faculty of Economic and Business, Universitas Airlangga, Indonesia; Nasih M., Department of Accountancy, Faculty of Economic and Business, Universitas Airlangga, Indonesia, Center for Environmental Social, and Governance Studies (CESGS), Universitas Airlangga, Indonesia; Putri O.O., Department of Accountancy, Faculty of Economic and Business, Universitas Airlangga, Indonesia; Nuryaddin Z.A., Department of Accountancy, Faculty of Economic and Business, Universitas Airlangga, Indonesia","This study examines the impact of generalist CEOs on the cost of debt in Indonesia, using data from public companies listed on the Indonesia Stock Exchange (IDX) between 2015 and 2021. Employing panel data regression with a random effects model, Coarsened Exact Matching (CEM), and Heckman's two-stage regression, the results indicate that companies with generalist CEOs incur higher debt costs. Additional analyses confirm that specialist CEOs are associated with lower debt costs, reinforcing the main findings. These results highlight how generalist CEOs, with their broad industry experience, may increase perceived financial risk, leading creditors to impose higher interest rates. From a practical perspective, these findings provide valuable insights for investors, corporate boards, and policymakers in aligning CEO selection processes with firm-specific financial objectives to mitigate risks. From a social perspective, the findings underscore the importance of addressing financial risks associated with generalist CEOs, particularly in Indonesia, where high information asymmetry and inefficient capital markets persist. Elevated borrowing costs could hinder corporate investments and broader economic growth. By integrating these findings into governance practices, this study contributes to sustainable development and financial stability in emerging markets. Copyright (c) 2025 Gadjah Mada International Journal of Business. This work is licensed under a Creative Commons Attribution-ShareAlike 4.0 International License https://creativecommons.org/licenses/by-sa/4.0/.","cost of debt; generalist CEOs; governance; industry experience","","N. Suhardianto; Department of Accountancy, Faculty of Economic and Business, Universitas Airlangga, Indonesia; email: novrys@feb.unair.ac.id","","Gadjah Mada University","14111128","","","","English","Gadjah Mada Int. J. Bus.","Article","Final","All Open Access; Gold Open Access; Green Open Access","Scopus","2-s2.0-105030358179"
"Parviziomran E.; Elliot V.; Bergqvist R.","Parviziomran, Elmira (57804525200); Elliot, Viktor (57194483690); Bergqvist, Rickard (14323206900)","57804525200; 57194483690; 14323206900","Financing dynamics in sustainable heavy-duty road transport: An agent-based modeling approach","2024","Transportation Research Part D: Transport and Environment","132","","104258","","","3","10.1016/j.trd.2024.104258","https://www.scopus.com/inward/record.uri?eid=2-s2.0-85194777402&doi=10.1016%2Fj.trd.2024.104258&partnerID=40&md5=700cb3c95fa43d75c3e81deb219a91a2","School of Business, Economics and Law, University of Gothenburg, Vasagatan 1, Gothenburg, 41124, Sweden","Parviziomran E., School of Business, Economics and Law, University of Gothenburg, Vasagatan 1, Gothenburg, 41124, Sweden; Elliot V., School of Business, Economics and Law, University of Gothenburg, Vasagatan 1, Gothenburg, 41124, Sweden; Bergqvist R., School of Business, Economics and Law, University of Gothenburg, Vasagatan 1, Gothenburg, 41124, Sweden","This research delves into sustainability within the road freight transport sector, focusing on how financing policies interact with the capital structures of haulage companies. Employing an agent-based model inspired by Sweden's freight sector, we simulate strategies for fleet replacement while considering financial health and balance sheets. Hauliers are portrayed as agents with financial attributes sourced from real-world financial statements. Their financing decisions are informed by pecking order theory. Through a series of scenario tests, we simulate the impacts of policy interventions on hauliers’ transition trajectories. Our findings highlight the challenges associated with integrating electric trucks, attributed to limited financing avenues. Both internal and equity financing are found to be inadequate, while debt financing raises concerns about credit risks. These findings remain robust even when incentives like subsidies and reduced interest rates on loans are introduced. The study underscores the intricate interplay between financial factors and sustainable heavy-duty road transport. © 2024 The Author(s)","Agent-based model; Debt financing; Equity financing; Heavy-duty sector; Internal financing; Sustainability transition","Sweden; Automobiles; Autonomous agents; Autonomous vehicles; Computational methods; Finance; Freight transportation; Risk assessment; Roads and streets; Simulation platform; Agent-based model; Debt financing; Equity financing; Hauliers; Heavy duty; Heavy-duty sector; Internal financing; Modeling approach; Road transports; Sustainability transition; debt; finance; financial policy; freight transport; interest rate; modeling; road transport; subsidy system; sustainability; Sustainable development","E. Parviziomran; Gothenburg, Box 610, 40530, Sweden; email: elmira.parviziomran@gu.se","","Elsevier Ltd","13619209","","TRDTF","","English","Transp. Res. Part D Transp. Environ.","Article","Final","All Open Access; Hybrid Gold Open Access","Scopus","2-s2.0-85194777402"
"Alves C.F.; Meneses L.L.","Alves, Carlos Francisco (15831421200); Meneses, Lilian Lima (58546580900)","15831421200; 58546580900","ESG scores and debt costs: Exploring indebtedness, agency costs, and financial system impact","2024","International Review of Financial Analysis","94","","103240","","","70","10.1016/j.irfa.2024.103240","https://www.scopus.com/inward/record.uri?eid=2-s2.0-85189456120&doi=10.1016%2Fj.irfa.2024.103240&partnerID=40&md5=b7085005a2c7d765a4d529734cfc04ba","Faculdade de Economia, CEF.UP, Universidade do Porto, Rua Dr. Roberto Frias, Porto, 4200-464, Portugal; Faculdade de Economia da Universidade do Porto, Rua Dr. Roberto Frias, Porto, 4200-464, Portugal","Alves C.F., Faculdade de Economia, CEF.UP, Universidade do Porto, Rua Dr. Roberto Frias, Porto, 4200-464, Portugal; Meneses L.L., Faculdade de Economia da Universidade do Porto, Rua Dr. Roberto Frias, Porto, 4200-464, Portugal","This paper provides evidence that conventional risk measures (Merton Distance to Default, Altman Z-Score, Z-Score and Volatility) fail to capture all the relevant information to assess borrower risk. Moreover, the paper shows that the additional information contained in ESG scores has a negative relationship with the cost of debt, and this relationship is economically significant. In addition, companies whose sustainability generates major concerns (i.e., the most indebted companies and those with the highest agency costs) benefit the most from ESG performance. Finally, the paper provides evidence that the return on companies' ESG efforts in terms of the cost of debt is higher in countries with bank-based financial systems, where long-term relationships between lenders and borrowers prevail, than in countries with market-based financial systems. © 2024 The Authors","Cost of debt; Default risk; ESG; Risk metrics; Stakeholder orientation","","C.F. Alves; Faculdade de Economia, CEF.UP, Universidade do Porto, Porto, Rua Dr. Roberto Frias, 4200-464, Portugal; email: calves@fep.up.pt","","Elsevier Inc.","10575219","","","","English","Int. Rev. Financ. Anal.","Article","Final","All Open Access; Hybrid Gold Open Access","Scopus","2-s2.0-85189456120"
"Ok Y.; Kim J.","Ok, Youngkyung (57209267180); Kim, Jungmu (57072669700)","57209267180; 57072669700","Which corporate social responsibility performance affects the cost of equity? Evidence from Korea","2019","Sustainability (Switzerland)","11","10","2947","","","27","10.3390/su11102947","https://www.scopus.com/inward/record.uri?eid=2-s2.0-85067131638&doi=10.3390%2Fsu11102947&partnerID=40&md5=92cc0d4431989efc462194dbff65cbc0","DGB Research Institute, 111, Oksan-ro, Buk-gu, Daegu, 41593, South Korea; School of Business, Yeungnam University, 280 Daehak-Ro, Gyeongsan, Gyeongbuk, 38541, South Korea","Ok Y., DGB Research Institute, 111, Oksan-ro, Buk-gu, Daegu, 41593, South Korea; Kim J., School of Business, Yeungnam University, 280 Daehak-Ro, Gyeongsan, Gyeongbuk, 38541, South Korea","This study analyzes the effect of corporate social responsibility activities on the cost of equity in Korea. We find that firms with better corporate social responsibility (CSR) performance generally exhibit cheaper equity financing. Considering three dimensions of CSR separately, we find that a higher ""socially responsible management"" significantly reduces the cost of equity by 1.13%-1.37% per annum and ""Corporate governance"" activity also marginally affects the cost of equity, while ""environmental management"" has no impact. Our result is robust in controlling for systematic risk, size, leverage ratio, and the number of analysts. These results imply that enhancing socially responsible management and corporate governance can increase firm value in Korea, but environmental management is not relevant for firm values. Putting differently, investors tolerate a lower return from firms with more CSR activities, because they expect them to provide sustainable incomes. Future researches can extend our approach to examining the effect on the cost of debt and cost of capital. © 2019 by the authors.","Cost of equity; CSR; ESG; Firm value; Sustainability","Korea; corporate social responsibility; cost analysis; environmental economics; environmental management; equity; firm size; sustainability","J. Kim; School of Business, Yeungnam University, Gyeongsan, Gyeongbuk, 280 Daehak-Ro, 38541, South Korea; email: jungmu@yu.ac.kr","","MDPI","20711050","","","","English","Sustainability","Article","Final","All Open Access; Gold Open Access; Green Open Access","Scopus","2-s2.0-85067131638"
"Du X.; Yu R.; Zeng Q.; Zhang Y.; Zhang Y.","Du, Xingqiang (35268458800); Yu, Rui (59501782800); Zeng, Quan (55804778500); Zhang, Yiqi (58317871200); Zhang, Yongkui (59035576400)","35268458800; 59501782800; 55804778500; 58317871200; 59035576400","Does hypocrisy trigger a higher cost of debt? Evidence from China","2026","British Accounting Review","","","101818","","","0","10.1016/j.bar.2025.101818","https://www.scopus.com/inward/record.uri?eid=2-s2.0-105027234038&doi=10.1016%2Fj.bar.2025.101818&partnerID=40&md5=dc6737f4b2a4d0d35836c3f438580574","Accounting Department, Xiamen University, China","Du X., Accounting Department, Xiamen University, China; Yu R., Accounting Department, Xiamen University, China; Zeng Q., Accounting Department, Xiamen University, China; Zhang Y., Accounting Department, Xiamen University, China; Zhang Y., Accounting Department, Xiamen University, China","Chinese listed firms frequently employ philanthropic giving to offset the adverse effects of unethical behaviours in other CSR dimensions—a practice known as corporate hypocrite. Drawing on cognitive dissonance theory, this study investigates how corporate hypocrite affects the cost of debt and its moderating role in the relationship between negative media coverage and the cost of debt. Using a sample of Chinese listed firms from 2006 to 2019, we find that hypocrite significantly increases the cost of debt. This suggests that hypocrite increases borrowers' operational uncertainties, fosters perceived distrust amongst lenders, and ultimately leads to higher borrowing costs. Moreover, hypocrite attenuates the positive effect of negative media coverage on the cost of debt. These findings are robust to a series of sensitivity tests using alternative measures for hypocrite and the cost of debt. They also hold after addressing endogeneity through the Heckman two-stage approach, propensity score matching, and a difference-in-difference (DID) design. Finally, the positive impact of hypocrite on the cost of debt is more pronounced for remedial (ex-post) hypocrite than for preventive (ex-ante) hypocrite. © 2025 Elsevier Ltd","Corporate philanthropy; Environmental misconducts; Ethical dissonance; Hypocrite; The cost of debt","","Q. Zeng; Xiamen, No. 422, Siming South Road, Fujian, 361005, China; email: zengquan@xmu.edu.cn","","Academic Press","08908389","","","","English","Br. Account. Rev.","Article","Article in press","","Scopus","2-s2.0-105027234038"
"Huang J.; Hu W.; Zhu G.","Huang, Jun (57211716798); Hu, Wei (57200451299); Zhu, Guowei (57190861505)","57211716798; 57200451299; 57190861505","The Effect of Corporate Social Responsibility on Cost of Corporate Bond: Evidence from China","2018","Emerging Markets Finance and Trade","54","2","","255","268","41","10.1080/1540496X.2017.1332591","https://www.scopus.com/inward/record.uri?eid=2-s2.0-85041313333&doi=10.1080%2F1540496X.2017.1332591&partnerID=40&md5=6e5396b6398c2a23c84c6b99e7372d81","Business School, Hunan University, China, Changsha, China","Huang J., Business School, Hunan University, China, Changsha, China; Hu W., Business School, Hunan University, China, Changsha, China; Zhu G., Business School, Hunan University, China, Changsha, China","This article examines the link between corporate social responsibility(CSR) and cost of bond(COB) in China. We find that there exists a negative relationship between CSR and COB. In particular, when the bond issuer is a state-owned enterprise, or when the credit rating of bond is high, the negative association between CSR and COB is strengthened. The findings indicate that CSR plays a significant role in reducing the risk premium of corporate bonds through an insurance-like effect. Moreover, the effect of CSR on COB also depends on contextual factors such as firm ownership and bond credit rating. Copyright © Taylor & Francis Group, LLC.","bond credit rating; corporate bonds; cost of debt financing; CSR; firm ownership","","G. Zhu; Business School, Hunan University, China, Changsha, Lusan Southern Road 2, 410082, China; email: guoweiz@hnu.edu.cn","","Routledge","1540496X","","","","English","Emerg. Mark. Financ. Trade","Article","Final","","Scopus","2-s2.0-85041313333"
"Palmieri E.; Geretto E.F.; Polato M.; Miani S.","Palmieri, Egidio (57715063400); Geretto, Enrico F. (25227489900); Polato, Maurizio (13608589500); Miani, Stefano (59120614700)","57715063400; 25227489900; 13608589500; 59120614700","Alternative finance in bank-firm relationship: how does board structure affect the cost of debt?","2025","Journal of Management and Governance","29","1","102382","111","143","4","10.1007/s10997-024-09700-4","https://www.scopus.com/inward/record.uri?eid=2-s2.0-105001076351&doi=10.1007%2Fs10997-024-09700-4&partnerID=40&md5=754136084a2efa33c39307280c7c6fd7","Department of Economics and Statistics, University of Udine, Via Tomadini 30/A, Udine, 33100, Italy; Bangor Business School, College Rd, Wales, Bangor, LL57 2DG, United Kingdom","Palmieri E., Department of Economics and Statistics, University of Udine, Via Tomadini 30/A, Udine, 33100, Italy, Bangor Business School, College Rd, Wales, Bangor, LL57 2DG, United Kingdom; Geretto E.F., Department of Economics and Statistics, University of Udine, Via Tomadini 30/A, Udine, 33100, Italy; Polato M., Department of Economics and Statistics, University of Udine, Via Tomadini 30/A, Udine, 33100, Italy; Miani S., Department of Economics and Statistics, University of Udine, Via Tomadini 30/A, Udine, 33100, Italy","In this paper, we examine the relationship between alternative finance and board structure on the cost of debt for firms, focusing on the unique effects of differing board characteristics. Using a dataset of 176 European listed companies observed annually from 2013 to 2022, we dissect this relationship through several hypotheses considering factors such as the supply of alternative finance, board gender composition, age, expertise, and board turnover. Our findings reveal that increased alternative finance credit supply escalates the cost of debt, especially for firms with lower ESG scores. Firms with young boards, boards specialized in economics or low, and board turnover also experience a rise in borrowing costs with increasing of alternative finance. Through a pooling 2SLS model, we provide robust evidence about the interplay of alternative finance and varying board structures on the cost of debt. This research clarifies the intricacies of bank-firm relationships in alternative finance and holds significant implications for supervisory authorities, banks, and policymakers. It underscores the necessity of good corporate governance in managing the cost implications of alternative finance. It calls for tailored risk assessment strategies, conducive regulatory frameworks, and vigilant supervisory approaches to create a resilient financial ecosystem where alternative finance can thrive without inordinately inflating the cost of debt. © The Author(s) 2024.","Alternative finance; Board structure; Corporate governance; Cost of debt; Fintech","","E. Palmieri; Department of Economics and Statistics, University of Udine, Udine, Via Tomadini 30/A, 33100, Italy; email: egidio.palmieri@uniud.it","","Springer","13853457","","","","English","J. Manage. Gov.","Article","Final","All Open Access; Hybrid Gold Open Access","Scopus","2-s2.0-105001076351"
"Chen M.-H.; Wu Y.-H.","Chen, Mei-Hui (58889266400); Wu, Yan-Hui (59622445900)","58889266400; 59622445900","The Association Among ESG External Assurance、Negative Media Coverage of Social Responsibility and Cost of Debt Capital; [ESG 第三方確信、負面社會責任新聞報導與債務資金成本間之關聯性]","2024","Journal of Accounting Review","78","1","","1","44","2","10.6552/JOAR.202401_(78).0001","https://www.scopus.com/inward/record.uri?eid=2-s2.0-85185183195&doi=10.6552%2FJOAR.202401_%2878%29.0001&partnerID=40&md5=9678139ffa4986caf783b4f490cc047c","Department of Financial Management, National Defense University, United States","Chen M.-H., Department of Financial Management, National Defense University, United States; Wu Y.-H., Department of Financial Management, National Defense University, United States","Stakeholders are increasingly interested in ESG (Environment, Social, and Governance) issues, while ESG reporting can help stakeholders assess risks and business performance in a company. We take Taiwan-listed companies from 2014 to 2021 as samples to explore whether sustainability reporting and external assurance can influence the cost of debt. Further, how the media coverage of negative social responsibility news moderates the relationship between sustainability reporting and the cost of debt is investigated. Our empirical results indicate that the cost of debt for firms that issue sustainability reports with external assurance is lower than others, which may be associated with the reduction of information asymmetry between a firm and its stakeholders. However, the media coverage of negative social responsibility news will increase the cost of debt, suggesting that negative social responsibility news matters to creditors. Overall, our findings stress the importance of companies issuing sustainability reports and external assurance. © 2024 Journal Of Accounting Review. All rights reserved.","Cost of debt; External assurance; Negative media coverage; Sustainability report","","Y.-H. Wu; Taipei City, No. 70, Sec. 2, Zhongyang N. Rd., Beitou Dist., 112035, Taiwan; email: s1002352188@gmail.com","","Journal Of Accounting Review","10181687","","","","English","J. Account. Rev.","Article","Final","","Scopus","2-s2.0-85185183195"
"You X.; Chen C.; Peng K.; Li Y.","You, Xianghua (58886263200); Chen, Can (58886239300); Peng, Ke (55926899000); Li, Yubin (56954875100)","58886263200; 58886239300; 55926899000; 56954875100","ESG disclosure quality and cost of debt","2025","Emerging Markets Review","64","","101219","","","10","10.1016/j.ememar.2024.101219","https://www.scopus.com/inward/record.uri?eid=2-s2.0-85209993918&doi=10.1016%2Fj.ememar.2024.101219&partnerID=40&md5=188462e28c9778992b48741c7b37e82a","School of Economics and Management, Harbin Institute of Technology, Shenzhen, 518055, China; School of Economics and Management, Chinese University of Hong Kong, Shenzhen, 518055, China","You X., School of Economics and Management, Harbin Institute of Technology, Shenzhen, 518055, China; Chen C., School of Economics and Management, Chinese University of Hong Kong, Shenzhen, 518055, China; Peng K., School of Economics and Management, Harbin Institute of Technology, Shenzhen, 518055, China; Li Y., School of Economics and Management, Harbin Institute of Technology, Shenzhen, 518055, China","This study reveals a negative correlation between the quality of ESG (Environmental, Social, and Governance) disclosure and the cost of debt financing among Chinese listed companies from 2011 to 2020. Furthermore, this relationship is only significant for non-SOE firms, firms in areas with higher marketization level, firms with lower accounting transparency, firms voluntarily publishing social responsibility reports, or firms operating in non-high-pollution industries. These results are robust to a series of tests including two-stage regressions based on instrumental variable and alternative measures of disclosure quality based on textual analyses. © 2024 Elsevier B.V.","Cost of debt; ESG; ESG Disclosure","","Y. Li; School of Economics and Management, Harbin Institute of Technology, Shenzhen, 518055, China; email: liyubin@hit.edu.cn","","Elsevier B.V.","15660141","","","","English","Emerg. Mark. Rev.","Article","Final","","Scopus","2-s2.0-85209993918"
"Koutoupis A.G.; Davidopoulos L.G.; Azibi J.; Hakimi A.; Mansali H.","Koutoupis, Andreas G. (25027890500); Davidopoulos, Leonidas G. (57224449675); Azibi, Jamel (57204877183); Hakimi, Abdelaziz (55485381800); Mansali, Hatem (55972557600)","25027890500; 57224449675; 57204877183; 55485381800; 55972557600","Greenhouse gas assurance, board diversity and cost of debt: a quantile approach","2024","EuroMed Journal of Business","19","4","","1141","1172","12","10.1108/EMJB-10-2022-0190","https://www.scopus.com/inward/record.uri?eid=2-s2.0-85161572854&doi=10.1108%2FEMJB-10-2022-0190&partnerID=40&md5=e4290ce648171a4a133999523d064107","Department of Accounting and Finance, University of Thessaly, Larissa, Greece; Faculty of Law Economics and Management of Jendouba, University of Jendouba, Jendouba, Tunisia; University of Manouba, Manouba, Tunisia","Koutoupis A.G., Department of Accounting and Finance, University of Thessaly, Larissa, Greece; Davidopoulos L.G., Department of Accounting and Finance, University of Thessaly, Larissa, Greece; Azibi J., Faculty of Law Economics and Management of Jendouba, University of Jendouba, Jendouba, Tunisia; Hakimi A., Faculty of Law Economics and Management of Jendouba, University of Jendouba, Jendouba, Tunisia; Mansali H., University of Manouba, Manouba, Tunisia","Purpose: The authors examine the effect of greenhouse gas (ghg) assurance on cost of debt, and the effect of board gender diversity on cost of debt, for an international sample of listed companies. Design/methodology/approach: Utilizing firm-level data and a quantile regression approach, this study examines the effects of greenhouse gas assurance and board diversity on cost of debt by employing an international sample of firms during 2015–2021. Findings: The authors find that in firms with a relatively low cost of debt the external assurance of greenhouse gas emissions and gender diversity could significantly contribute to a reduction of cost of debt. Furthermore, other measures of board diversity that are linked with independent directors and skilled directors seem to contribute to an increase of firms' cost of debt in the lower end of distribution. Drawing from the agency theory, the authors showcase the fact that ghg assurance reduces information asymmetry and therefore agency costs such as borrowing costs and signals to the stakeholders a long-term commitment to excellence. Originality/value: This study is the first that provides insights on the relationship between ghg assurance, board diversity and cost of debt. © 2023, Emerald Publishing Limited.","Board diversity; Carbon accounting; Cost of debt; Quantile regression; Sustainability assurance","","L.G. Davidopoulos; Department of Accounting and Finance, University of Thessaly, Larissa, Greece; email: leonidas_koz@hotmail.com","","Emerald Publishing","14502194","","","","English","EuroMed Journal of Business","Article","Final","","Scopus","2-s2.0-85161572854"
"Kuo L.; Kuo P.-W.; Chen C.-C.","Kuo, Lopin (7101601981); Kuo, Po-Wen (57221980563); Chen, Chun-Chih (57221983651)","7101601981; 57221980563; 57221983651","Mandatory CSR disclosure, CSR assurance, and the cost of debt capital: Evidence from Taiwan","2021","Sustainability (Switzerland)","13","4","1768","1","19","28","10.3390/su13041768","https://www.scopus.com/inward/record.uri?eid=2-s2.0-85100847736&doi=10.3390%2Fsu13041768&partnerID=40&md5=ec1a2e944ca53638bfd265ae82750176","Department of Accounting, Tamkang University, New Taipei City, 251301, Taiwan; Securities and Futures Bureau, Financial Supervisory Commission, Taipei City, 106237, Taiwan","Kuo L., Department of Accounting, Tamkang University, New Taipei City, 251301, Taiwan; Kuo P.-W., Department of Accounting, Tamkang University, New Taipei City, 251301, Taiwan; Chen C.-C., Securities and Futures Bureau, Financial Supervisory Commission, Taipei City, 106237, Taiwan","This study examined the impact of mandatory corporate social responsibility (CSR) disclosure, CSR assurance and the reputation of assurance providers (accounting firms) on the cost of debt capital. Our difference-in-difference research design in conjunction with univariate and multiple regression analysis was assessed using a large sample of firms listed on the Taiwan Stock Exchange and the Taipei Exchange. Our empirical results revealed that mandatory CSR assurance on CSR disclosure provided by accounting firms tended to reduce the cost of debt capital. However, contrary to expectations, the reputation of the accounting firm (Big 4 accounting firms vs. non-Big 4 accounting firms) tasked with providing CSR assurance did not have a significant effect on the cost of debt capital. These results have implications for firms seeking an assurance provider as well as for Big 4 accounting firms. These results also provide specific evidence relevant to government agencies seeking to update policies and extend the scope of mandatory CSR assurance to other environmentally sensitive industries. © 2021 by the authors. Licensee MDPI, Basel, Switzerland.","Accounting firms; Cost of debt capital; Mandatory CSR assurance; Mandatory CSR disclosure","Taiwan; corporate social responsibility; debt; governance approach; regression analysis","P.-W. Kuo; Department of Accounting, Tamkang University, New Taipei City, 251301, Taiwan; email: jpwkuo@gmail.com","","MDPI","20711050","","","","English","Sustainability","Article","Final","All Open Access; Gold Open Access; Green Open Access","Scopus","2-s2.0-85100847736"
"Erragragui E.","Erragragui, Elias (57189004188)","57189004188","Do creditors price firms’ environmental, social and governance risks?","2018","Research in International Business and Finance","45","","","197","207","111","10.1016/j.ribaf.2017.07.151","https://www.scopus.com/inward/record.uri?eid=2-s2.0-85024914622&doi=10.1016%2Fj.ribaf.2017.07.151&partnerID=40&md5=69452cc928c000e54a2b8d757e2038c6","Kedge Business School, Rue Antoine Bourdelle, Domaine de Luminy BP 921, Cedex 9, Marseille, 13 288, France; CRIISEA, Université de Picardie Jules Verne, 10 Placette Lafleur BP 2716, Cedex 1, Amiens, 80 027, France","Erragragui E., Kedge Business School, Rue Antoine Bourdelle, Domaine de Luminy BP 921, Cedex 9, Marseille, 13 288, France, CRIISEA, Université de Picardie Jules Verne, 10 Placette Lafleur BP 2716, Cedex 1, Amiens, 80 027, France","The relationship between Corporate Social Performance (CSP) and firm value has received a growing attention in recent academic literature. Despite the rich contributions it has led to, few studies attempted to investigate the link between CSP and firms’ credit risk. This research fills this gap and empirically examines the relationship through which CSP impacts firms’ cost of debt. Using KLD social ratings, the study isolate specific constituents of firms’ CSP found to have operational implications in creditors’ risk perception. Observing a panel of 214 U.S firms from December 2000 to December 2011, the results show that only few constituents of CSP actually matters in creditor's perception of firms’ risks. Our prime results show that environmental concerns increase firms’ cost of debt while governance concerns have no impact on it. Secondarily, the results also confirm that environmental and governance strengths reduce firms’ cost of debt as demonstrated in prior works. Our findings thus reveal a “governance paradox” whereby governance strengths and governance concerns are not considered with the same importance by creditors. © 2017 Elsevier B.V.","Corporate social performance; Cost of debt; Environmental performance; Governance disclosure; U.S firms","","","","Elsevier Ltd","02755319","","","","English","Res. Int. Bus. Financ.","Article","Final","","Scopus","2-s2.0-85024914622"
"Gonçalves T.C.; Dias J.; Barros V.","Gonçalves, Tiago Cruz (57201376605); Dias, João (57213211203); Barros, Victor (57209655598)","57201376605; 57213211203; 57209655598","Sustainability Performance and the Cost of Capital","2022","International Journal of Financial Studies","10","3","63","","","59","10.3390/ijfs10030063","https://www.scopus.com/inward/record.uri?eid=2-s2.0-85138686089&doi=10.3390%2Fijfs10030063&partnerID=40&md5=acc59a8cdb1ca59285ac6b8d5101cd1b","ISEG—Lisbon School of Economics and Management, Universidade de Lisboa, Advance/CSG, Lisboa, 1200-781, Portugal; ISEG—Lisbon School of Economics and Management, Universidade de Lisboa, Lisboa, 1200-781, Portugal","Gonçalves T.C., ISEG—Lisbon School of Economics and Management, Universidade de Lisboa, Advance/CSG, Lisboa, 1200-781, Portugal; Dias J., ISEG—Lisbon School of Economics and Management, Universidade de Lisboa, Lisboa, 1200-781, Portugal; Barros V., ISEG—Lisbon School of Economics and Management, Universidade de Lisboa, Advance/CSG, Lisboa, 1200-781, Portugal","This study examines the association between firms’ environmental, social, and governance (ESG) performance and the cost of capital for the largest European firms listed on the STOXX Euro 600 in a large panel from 2002 to 2018. We find that ESG is priced by both debt and equity markets, although in different directions. While better ESG performance is associated with a lower cost of equity, the relationship is positive regarding the cost of debt. We also account for industry idiosyncrasies. The relationship with the cost of equity is penalized for firms lagging in ESG performance compared with industry peers, and the industry median corporate sustainability performance score is around optimal to balance the cost of equity and cost of debt. We also find that ESG is not influential in shaping firms’ cost of capital in periods of financial and sovereign crises. Overall, in the same research setting, we find that the channels of firms’ cost of capital composition behave differently in response to changes in sustainability performance. © 2022 by the authors.","corporate and social responsibility; cost of capital; cost of debt; cost of equity; ESG","","V. Barros; ISEG—Lisbon School of Economics and Management, Universidade de Lisboa, Advance/CSG, Lisboa, 1200-781, Portugal; email: victormbarros@iseg.ulisboa.pt","","MDPI","22277072","","","","English","Intern. J. Financial Stud.","Article","Final","All Open Access; Gold Open Access; Green Open Access","Scopus","2-s2.0-85138686089"
"Lu Q.H.; Xu T.","Lu, Qi Hui (54417467600); Xu, Tingting (57202237816)","54417467600; 57202237816","Research on subsidy mechanism in the government-led agricultural supply chain finance","2021","E3S Web of Conferences","275","","01016","","","2","10.1051/e3sconf/202127501016","https://www.scopus.com/inward/record.uri?eid=2-s2.0-85108451289&doi=10.1051%2Fe3sconf%2F202127501016&partnerID=40&md5=1e77023b40643f57acc724d9d1566dfb","School of Business Administration, Zhejiang Gongshang University, Hangzhou, China","Lu Q.H., School of Business Administration, Zhejiang Gongshang University, Hangzhou, China; Xu T., School of Business Administration, Zhejiang Gongshang University, Hangzhou, China","The problem of difficult and expensive financing of credit funds restricts the development of agriculture in our country. The government adopts different measures to support and guide the sustainable development of agriculture, there are typical loan interest subsidy mechanism. Under the background of agricultural output is uncertain, a supply chain system composed of farmer, company, bank and the government has been established, it discusses the government subsidy for agricultural supply chain operation and the influence of the members of the decision-making, explores the differences between two kinds of mechanism and provides suggestions for the decision of the supply chain members. Studies have shown that in the context of government subsidy, when the random output factor is higher and the loan interest rate is lower, the higher the loan interest subsidy rate, the higher the profit and social welfare of farmer, company, and bank. When the bank interest rate is higher than a certain value, the government subsidy can increase the profits of farmer and bank. Finally, numerical simulation found that in the context of government subsidy, government subsidy reduces the financing cost of farmer, but the real beneficiary is bank.  © The Authors, published by EDP Sciences, 2021.","","Agricultural robots; Decision making; Finance; Profitability; Supply chains; Agricultural output; Agricultural supply chains; Government subsidies; Interest rates; Output factors; Social welfare; Supply chain systems; Agriculture","T. Xu; School of Business Administration, Zhejiang Gongshang University, Hangzhou, China; email: 1556413172@qq.com","Wen F.; Ziaei S.M.","EDP Sciences","25550403","","","","English","E3S Web Conf.","Conference paper","Final","All Open Access; Gold Open Access; Green Open Access","Scopus","2-s2.0-85108451289"
"Nicolò G.; Raimo N.; Rella A.; Vitolla F.","Nicolò, Giuseppe (57195628696); Raimo, Nicola (57206728937); Rella, Angela (57224821475); Vitolla, Filippo (56422376800)","57195628696; 57206728937; 57224821475; 56422376800","Visualizing environmental, social, and governance disclosure in non-financial reports: does it matter for lenders? A machine-supported approach","2025","VINE Journal of Information and Knowledge Management Systems","","","","","","4","10.1108/VJIKMS-03-2025-0124","https://www.scopus.com/inward/record.uri?eid=2-s2.0-105011954830&doi=10.1108%2FVJIKMS-03-2025-0124&partnerID=40&md5=cf0082c3d99a8292fe37c0a1f1c92ecb","Faculty of Commerce, University of Salerno, Salerno, Italy; Faculty of Commerce, LUM Giuseppe Degennaro University, Casamassima, Italy","Nicolò G., Faculty of Commerce, University of Salerno, Salerno, Italy; Raimo N., Faculty of Commerce, LUM Giuseppe Degennaro University, Casamassima, Italy; Rella A., Faculty of Commerce, LUM Giuseppe Degennaro University, Casamassima, Italy; Vitolla F., Faculty of Commerce, LUM Giuseppe Degennaro University, Casamassima, Italy","Purpose – In recent years, companies have increasingly adopted visual tools to communicate their sustainability practices, responding to growing stakeholder demand for more transparent and accessible non-financial information. Within this context, the use of visual content in environmental, social, and governance (ESG) disclosure has also gained prominence in academic literature. Under the lens of signaling theory, the purpose of this study is to investigate the relationship between visual ESG disclosure and the cost of debt. Design/methodology/approach – This study adopts a machine-supported approach, relying on Google’s Vision API to assess the extent to which a sample of 279 listed firms included in the MSCI Europe Index incorporate photographs and images related to ESG issues in their non-financial reports for the 2023 financial year. A regression model was used to assess the relationship between the level of visual ESG disclosure, proxied by the natural logarithm of the number of ESG photographs and images retrieved from sampled non-financial reports, and the cost of debt. Findings – The results of this study reveal that the majority of ESG photographs and images in corporate non-financial reports are linked to environmental themes, followed by social topics and, to a much lesser extent, governance content. In addition, the findings of this study indicate that a greater use of visual ESG disclosure is associated with a reduction in the cost of debt. Originality/value – This study enriches the ESG disclosure literature by shifting attention from the content to the form of disclosure, emphasizing the strategic role of visual elements in non-financial reporting and their influence on the cost of debt. To the best of the authors’ knowledge, this is the first study to offer empirical insight into the impact of using photographs and images for ESG disclosure on borrowing costs. This study also advances the application of signaling theory by demonstrating how visual communication can serve as a credible signal of corporate transparency in capital markets. © 2025 Emerald Publishing Limited","Cost of debt; ESG disclosure; Machine-supported approach; Non-financial reports; Signaling theory; Visual disclosure","Costs; Regression analysis; Signaling; Sustainable development; Corporates; Cost of debt; Environmental, social, and governance disclosure; Financial reports; Machine-supported approach; Non-financial report; Signaling theory; Sustainability practices; Visual disclosure; Visual tools; Signal theory","","","Emerald Publishing","20595891","","","","English","VINE J. Inform. Knowl. Manag.","Article","Article in press","","Scopus","2-s2.0-105011954830"
"La Rosa F.; Liberatore G.; Mazzi F.; Terzani S.","La Rosa, Fabio (56032852900); Liberatore, Giovanni (36460052800); Mazzi, Francesco (6603862882); Terzani, Simone (57188743890)","56032852900; 36460052800; 6603862882; 57188743890","The impact of corporate social performance on the cost of debt and access to debt financing for listed European non-financial firms","2018","European Management Journal","36","4","","519","529","181","10.1016/j.emj.2017.09.007","https://www.scopus.com/inward/record.uri?eid=2-s2.0-85031119109&doi=10.1016%2Fj.emj.2017.09.007&partnerID=40&md5=255c7c26065b349ca2a69319165e5865","Kore University of Enna, Faculty of Economics and Law, Cittadella Universitaria, Enna, 94100, Italy; The University of Florence, Economics and Management School, Accounting and Finance Division, Via delle Pandette 9, Building D6, Florence, 50127, Italy; University of Perugia, Department of Economics, Via A. Pascoli 20, Perugia, 06123, Italy","La Rosa F., Kore University of Enna, Faculty of Economics and Law, Cittadella Universitaria, Enna, 94100, Italy; Liberatore G., The University of Florence, Economics and Management School, Accounting and Finance Division, Via delle Pandette 9, Building D6, Florence, 50127, Italy; Mazzi F., The University of Florence, Economics and Management School, Accounting and Finance Division, Via delle Pandette 9, Building D6, Florence, 50127, Italy; Terzani S., University of Perugia, Department of Economics, Via A. Pascoli 20, Perugia, 06123, Italy","This study addresses the controversial issue of how non-financial performance affects the cost of debt capital and access to it. The relationship between corporate social performance and two measures of debt cost (accounting-based and market-based) and the measure of debt access are analysed by means of a multi-theoretical framework combining economics with social theories. By observing a sample of listed European non-financial firms over an 8-year period from 2005 to 2012, we find a negative relationship between corporate social performance and interest rate. Consistent with this result, we find a positive relationship between corporate social performance and debt rating. Thus, corporate social performance has a positive role in reducing the cost of debt capital. Moreover, firms with better corporate social performance are more attractive to lenders in terms of leverage allowance. Overall, our findings provide deeper insight into the reasons why companies should improve their corporate social performance. © 2017 Elsevier Ltd","Corporate social responsibility; Debt cost; Debt financing access; Non-financial performance; Social performance","","G. Liberatore; The University of Florence, Economics and Management School, Accounting and Finance Division, Florence, Via delle Pandette 9, Building D6, 50127, Italy; email: giovanni.liberatore@unifi.it","","Elsevier Ltd","02632373","","","","English","Eur. Manage. J.","Article","Final","","Scopus","2-s2.0-85031119109"
"Seng J.; Zhang L.","Seng, Jianfen (58676836200); Zhang, Lijie (57222572933)","58676836200; 57222572933","ESG ratings and corporate clean production from the perspective of evolutionary game theory: Evidence from A-share listed companies","2025","Energy Economics","152","","108989","","","2","10.1016/j.eneco.2025.108989","https://www.scopus.com/inward/record.uri?eid=2-s2.0-105019686975&doi=10.1016%2Fj.eneco.2025.108989&partnerID=40&md5=a0c7c1a2d81586a968bba2a4029ef9fc","School of Economics and Management, Xinjiang University, Urumqi, 830000, China","Seng J., School of Economics and Management, Xinjiang University, Urumqi, 830000, China; Zhang L., School of Economics and Management, Xinjiang University, Urumqi, 830000, China","First, we developed a dynamic evolutionary game model with three main players: enterprises, ESG rating agencies, and investors. This model is designed to characterise the evolutionary stability of the strategic choices made by each participant and the mechanisms underlying differentiated behavioural decision-making. Second, grounded in the stable strategy outcomes derived from the three-party evolutionary game, we used the data of Chinese A-share listed companies from 2009 to 2023 to establish a two-way fixed-effects model. This enables us to empirically examine the impact and underlying channels of ESG ratings on corporate clean production. The findings indicate that ESG ratings can significantly motivate enterprises to engage in clean production. This is demonstrated by promoting corporate front-end pollution prevention and control, mid-process green production, and end-of-line pollution treatment. Mechanistic analysis reveals that ESG ratings drive clean production efforts through three main mechanisms: alleviating financing constraints, generating market incentive effects, and exerting external supervision effects. Specifically, the alleviation of financing constraints is achieved by reducing the cost of debt financing and expanding the financing channels. Heterogeneity analysis further shows that the promotional effect exhibits biases depending on variations in formal institutions, informal institutions, executive green awareness, industry pollution, and property rights. This study has profound academic implications for advancing the construction of an ESG evaluation system and facilitating enterprises' pursuit of green development. © 2025 Elsevier B.V.","Clean production; ESG ratings; Evolutionary game theory; External attention; Financing constraints; Market returns","Commerce; Decision making; Investments; Pollution control; Clean production; Corporates; ESG rating; Evolutionary game models; Evolutionary game theory; Evolutionary stability; External attention; Financing constraints; Market returns; Rating agencies; debt; decision making; evolutionary theory; financial market; game theory; Game theory","L. Zhang; School of Economics and Management, Xinjiang University, Urumqi, 830000, China; email: zhanglj@xju.edu.cn","","Elsevier B.V.","01409883","","EECOD","","English","Energy Econ.","Article","Final","","Scopus","2-s2.0-105019686975"
"Chen M.; Shi X.; Huang Y.; Liu B.","Chen, Mengmei (59170675300); Shi, Xunpeng (53878592800); Huang, Yujie (57212685485); Liu, Baoliu (57781919900)","59170675300; 53878592800; 57212685485; 57781919900","Solving the mystery of debt financing for new energy firms: a quasi-natural experiment from a market-based environmental regulation","2025","Environment, Development and Sustainability","","","","","","0","10.1007/s10668-025-06912-y","https://www.scopus.com/inward/record.uri?eid=2-s2.0-105023104866&doi=10.1007%2Fs10668-025-06912-y&partnerID=40&md5=e17ebaecd6dda93d62a2e5ae4e809036","School of Economics and Management, Beijing University of Technology, Beijing, 100124, China; Institute of Eco-civilization Studies, Beijing University of Technology, Beijing, 100124, China; Australia-China Relations Institute, Institute of Eco-civilization Studies, University of Technology Sydney, Ultimo, 2007, NSW, Australia; School of Economics, Tianjin University of Commerce, Tianjin, 300134, China","Chen M., School of Economics and Management, Beijing University of Technology, Beijing, 100124, China, Institute of Eco-civilization Studies, Beijing University of Technology, Beijing, 100124, China; Shi X., Australia-China Relations Institute, Institute of Eco-civilization Studies, University of Technology Sydney, Ultimo, 2007, NSW, Australia; Huang Y., School of Economics and Management, Beijing University of Technology, Beijing, 100124, China, Institute of Eco-civilization Studies, Beijing University of Technology, Beijing, 100124, China; Liu B., School of Economics, Tianjin University of Commerce, Tianjin, 300134, China","Against the global drive to combat climate change and advance sustainable development, green credit has emerged as a pivotal financial instrument, directing capital toward new energy sectors and fueling eco-friendly economic transitions. This study investigates the impact of green credit policy (GCP) on the scale and cost of debt financing among Chinese new energy enterprises, utilizing 2009–2022 data and a difference-in-differences methodology. Distinct from prior green finance research—which rarely targets new energy enterprises despite their critical role in carbon neutrality—we focus explicitly on this understudied group. The findings indicate GCP significantly expands new energy enterprises’ debt financing scale while lowering costs, thereby supporting the new energy sector’s high-quality development. Furthermore, GCP’s effects vary by ownership: state-owned enterprises gain more from expanded financing scale, whereas non-state-owned firms benefit more from reduced financing costs. Regionally, eastern and central areas excel in lowering debt financing costs, whereas the western and northeastern regions stand out in expanding the financing scale. An analysis of the mechanisms reveals that GCP strengthens new energy companies’ financing capabilities by easing financial constraints, boosting investment efficiency, and increasing returns. These findings offer empirical insights into the real impacts of GCP, providing valuable guidance for enhancing green finance strategies. © The Author(s), under exclusive licence to Springer Nature B.V. 2025.","Debt financing; Green credit policy; Green transformation; New energy enterprises","","Y. Huang; School of Economics and Management, Beijing University of Technology, Beijing, 100124, China; email: huang_yj109@163.com","","Springer Science and Business Media B.V.","1387585X","","EDSNB","","English","Environ. Dev. Sustainability","Article","Article in press","","Scopus","2-s2.0-105023104866"
"Malik N.; Kashiramka S.; Sharma P.","Malik, Neha (58939929800); Kashiramka, Smita (57196354473); Sharma, Prashant (57191667549)","58939929800; 57196354473; 57191667549","ESG disclosures and capital structure: An analysis of debt and equity dynamics in India","2026","International Review of Economics and Finance","105","","104890","","","0","10.1016/j.iref.2026.104890","https://www.scopus.com/inward/record.uri?eid=2-s2.0-105026699850&doi=10.1016%2Fj.iref.2026.104890&partnerID=40&md5=8676f53c5bf9eaafd9c3b03071da241f","Jindal School of Banking & Finance, O.P. Jindal Global University, Haryana, Sonipat, 131001, India; Department of Management Studies, Indian Institute of Technology Delhi, Vishwakarma Bhawan, Hauz Khas, New Delhi, 110016, India","Malik N., Jindal School of Banking & Finance, O.P. Jindal Global University, Haryana, Sonipat, 131001, India, Department of Management Studies, Indian Institute of Technology Delhi, Vishwakarma Bhawan, Hauz Khas, New Delhi, 110016, India; Kashiramka S., Department of Management Studies, Indian Institute of Technology Delhi, Vishwakarma Bhawan, Hauz Khas, New Delhi, 110016, India; Sharma P., Jindal School of Banking & Finance, O.P. Jindal Global University, Haryana, Sonipat, 131001, India","The current study aims to explore how environmental, social and governance (ESG) disclosures impact the capital structure decisions of the non-financial Indian firms listed on the NSE500 index for the period of 2015–2022. The pooled OLS and system GMM estimations indicate that higher ESG disclosure scores are linked to lower debt-to-equity (DTE) ratio, suggesting that improved ESG disclosures allow a firm to have better access to equity financing via stock markets. Environmental and social disclosures play a key role in reducing leverage. Further, the impact of ESG on DTE is more pronounced for firms in environmentally sensitive industries and those with lower initial ESG scores. Moreover, the relationship strengthens during periods of economic and market downturns particularly during the COVID-19 crisis. The mediation analysis shows that cost of debt and cost of equity are important channels through which ESG affects choices related to debt financing viz-a-vis equity financing respectively. The present study adds to the sustainable finance literature on emerging markets by shedding light on the role of ESG in shaping corporate capital structure. The results of the study offer practical implications for corporate managers, investors, and policymakers, emphasizing the importance of ESG transparency in financial decision-making. Copyright © 2026. Published by Elsevier Inc.","Capital structure; COVID; Debt; Emerging markets; Environmentally sensitive industries; Equity; ESG; India","","N. Malik; Jindal School of Banking & Finance, O.P Jindal Global University, Sonipat, Haryana, 131001, India; email: neha.malik@jgu.edu.in","","Elsevier Inc.","10590560","","","","English","Int. Rev. Econ. Financ.","Article","Final","All Open Access; Gold Open Access; Green Open Access","Scopus","2-s2.0-105026699850"
"Boccaletti S.; Gucciardi G.","Boccaletti, Simone (57221591135); Gucciardi, Gianluca (56539857500)","57221591135; 56539857500","ESG performance, institutional factors, and the cost of debt","2025","Journal of Sustainable Finance and Investment","15","3","","523","551","3","10.1080/20430795.2025.2489386","https://www.scopus.com/inward/record.uri?eid=2-s2.0-105002397334&doi=10.1080%2F20430795.2025.2489386&partnerID=40&md5=b9628ea223aaec78ad3685dcf99f6282","Department of Economics and Social Sciences (DISES), Università Cattolica del Sacro Cuore, Piacenza, Italy; Department of Economics and Business Studies (DISEI), Università del Piemonte Orientale, Novara, Italy","Boccaletti S., Department of Economics and Social Sciences (DISES), Università Cattolica del Sacro Cuore, Piacenza, Italy; Gucciardi G., Department of Economics and Business Studies (DISEI), Università del Piemonte Orientale, Novara, Italy","Institutional factors play a critical role in shaping the relationship between companies’ environmental, social, and governance (ESG) practices and their financial performance. This paper investigates how institutional factors influence the relationship between ESG practices and the cost of debt for non-financial firms globally, focusing on seven dimensions of governance quality and environmental resilience. Findings show that companies with superior ESG ratings operating in countries with high institutional quality benefit from a reduction in their cost of debt. Conversely, firms in countries with lower institutional quality do not experience the same advantage, underscoring the importance of effective governance and environmental resilience in fostering sustainable business practices. Results are robust to tests addressing endogeneity concerns and possible confounding factors, such as the COVID-19 pandemic. These findings provide insights for practitioners, financial institutions, and policymakers, highlighting the need to consider the institutional context when assessing the impact of ESG factors on financial outcomes. © 2025 Informa UK Limited, trading as Taylor & Francis Group.","corporate finance; cost of debt; ESG; institutions; sustainable finance","","G. Gucciardi; Department of Economics and Business Studies (DISEI), Università del Piemonte Orientale, Novara, Via Perrone 18, 28100, Italy; email: gianluca.gucciardi@uniupo.it","","Taylor and Francis Ltd.","20430795","","","","English","Journal of Sustain.  Finance  Invest.","Article","Final","","Scopus","2-s2.0-105002397334"
"Donders P.; Jara M.; Wagner R.","Donders, Pablo (57196411711); Jara, Mauricio (36132678000); Wagner, Rodrigo (7404298788)","57196411711; 36132678000; 7404298788","How sensitive is corporate debt to swings in commodity prices?","2018","Journal of Financial Stability","39","","","237","258","12","10.1016/j.jfs.2017.10.002","https://www.scopus.com/inward/record.uri?eid=2-s2.0-85032995490&doi=10.1016%2Fj.jfs.2017.10.002&partnerID=40&md5=29c00e706ad2ee4db146579bab3bb2c1","Metlife, Agustinas 640, Santiago, Chile; School of Economics and Business, University of Chile, Diagonal Paraguay 257, Santiago, Chile; Center for International Development, Harvard, Cambridge, MA, United States","Donders P., Metlife, Agustinas 640, Santiago, Chile, School of Economics and Business, University of Chile, Diagonal Paraguay 257, Santiago, Chile; Jara M., School of Economics and Business, University of Chile, Diagonal Paraguay 257, Santiago, Chile; Wagner R., School of Economics and Business, University of Chile, Diagonal Paraguay 257, Santiago, Chile, Center for International Development, Harvard, Cambridge, MA, United States","Commodity producing corporations have trillions of dollars in outstanding debt. Thus, the recent fall in commodity prices raised concerns about sustainability and systemic risks. Using a global sample (2003- 2015) we measure how corporate bonds react to the underlying commodity price. On average a 10% change in the commodity moves yields-to-maturity by only 15 basis points. This is just a tenth of the sensitivity of stocks returns. Nonetheless, bond sensitivity to commodities is significantly stronger for smaller, leveraged and less profitable firms. Also for short maturity bonds. The type of commodity price change matters too. Sensitivity to price drops is at least five times stronger than to increases. Transitory price changes matter for shorter maturities and leveraged firms. In contrast, longer maturities react more to permanent commodity variations. When firms use hedging derivatives, bonds are less sensitive to all price variations. Hedging mitigates the amplification of commodity shocks, as in Shiller (2008). In conclusion, while debt finance deteriorated with the commodity bust, it hardly dried-up. © 2017 Elsevier B.V.","Commodity; Cost of debt; Downgrading; Fixed-income; Stress-tests","","R. Wagner; School of Economics and Business, University of Chile, Santiago, Diagonal Paraguay 257, Chile; email: Rodrigo_Wagner@post.harvard.edu","","Elsevier B.V.","15723089","","","","English","J. Financ. Stab.","Article","Final","All Open Access; Green Open Access","Scopus","2-s2.0-85032995490"
"Yu M.; Guo Y.M.; Wang D.; Gao X.","Yu, Miao (55475847900); Guo, Yue Mei (57220123848); Wang, Di (57211398407); Gao, Xiaohan (57220114512)","55475847900; 57220123848; 57211398407; 57220114512","How do zombie firms affect debt financing costs of others: From spillover effects views","2021","Pacific Basin Finance Journal","65","","101471","","","43","10.1016/j.pacfin.2020.101471","https://www.scopus.com/inward/record.uri?eid=2-s2.0-85096986815&doi=10.1016%2Fj.pacfin.2020.101471&partnerID=40&md5=4ff517f080bb427d33c94a6db9743c8b","School of Business, China University of Political Science and Law, Beijing, China; School of Public Finance and Taxation, Zhongnan University of Economics and Law, Wuhan, China; School of Accounting, Zhongnan University of Economics and Law, Wuhan, China","Yu M., School of Business, China University of Political Science and Law, Beijing, China; Guo Y.M., School of Public Finance and Taxation, Zhongnan University of Economics and Law, Wuhan, China; Wang D., School of Accounting, Zhongnan University of Economics and Law, Wuhan, China; Gao X., School of Accounting, Zhongnan University of Economics and Law, Wuhan, China","Reducing firms' costs of debt financing is an important means of promoting the high-quality development of China's economy. Using the firm-level data of non-financial A-share listed firms from 2008 to 2018, we empirically test the impact of zombie firms on the debt financing costs of normal firms (i.e., non-zombie firms) through the fixed effect model. The empirical results show that zombie firms significantly increase the debt financing costs of normal firms. The robustness tests and endogeneity tests confirm this finding. Further analysis reveals significant differences in the effects of zombie firms on the debt financing costs of normal firms subject to different levels of external financing dependence, different forms of ownership, and different firm scales. The negative effect of zombie firms on the debt financing costs of normal firms is more significant in industries with high external financing dependence, non-state-owned firms, and middle-small firms. The proper disposal of zombie firms reduces the debt financing costs of normal firms to improve the allocation efficiency of resources across an entire industry and to promote the optimization and upgrading of the industrial structure and the sustainable development of the economy. © 2020 Elsevier B.V.","Debt financing cost; High-quality development; Normal firm; Zombie firm","","Y.M. Guo; School of Public Finance and Taxation, Zhongnan University of Economics and Law, Wuhan, China; email: Guoyuemei2020@163.com","","Elsevier B.V.","0927538X","","PBFJE","","English","Pac. Basin Financ. J.","Article","Final","","Scopus","2-s2.0-85096986815"
"Rong X.; Kim M.-I.","Rong, Xiyu (57808741300); Kim, Myung-In (36008430100)","57808741300; 36008430100","ESG and the Cost of Debt: Role of Media Coverage","2024","Sustainability (Switzerland) ","16","12","4993","","","9","10.3390/su16124993","https://www.scopus.com/inward/record.uri?eid=2-s2.0-85197295478&doi=10.3390%2Fsu16124993&partnerID=40&md5=feab42092d1babc52f10fbaa18a1931f","College of Accounting, Jilin University of Finance and Economics, Changchun, 130117, China; College of Business Administration, Inha University, Incheon, 22212, South Korea","Rong X., College of Accounting, Jilin University of Finance and Economics, Changchun, 130117, China; Kim M.-I., College of Business Administration, Inha University, Incheon, 22212, South Korea","This study delves into the interplay between the Environmental, Social, and Governance (ESG) ratings and the debt costs incurred by Korean-listed companies, highlighting their pivotal significance in today’s corporate ecosystem. Our primary focus is to explore how the extent of media coverage moderates this relationship, thereby shedding light on the pivotal role that public scrutiny plays in shaping a company’s financial outcomes. Utilizing the Ordinary Least Squares (OLS) regression model, we rigorously control for industry and year effects, as well as firm-specific variations. Additionally, we conduct a series of supplementary analyses and robust tests to further strengthen the credibility of our findings. Our empirical analysis reveals that firms with poor ESG ratings, indicating corporate social irresponsibility, incur higher debt costs in the subsequent period. Notably, this adverse financial impact is significantly alleviated for companies that enjoy higher media coverage. This notable discovery underscores the potential of media scrutiny to reduce the financial burden imposed by inadequate ESG performance. Our results suggest that companies, especially those with limited media attention, should prioritize enhancing their ESG performance to mitigate potential financial implications. Overall, our research contributes to a more nuanced understanding of the intersection between corporate social responsibility, media coverage, and financial performance. © 2024 by the authors.","cost of debt; CSR; ESG; media coverage","Korea; corporate strategy; debt; empirical analysis; industrial performance; industrial policy; least squares method; social media","M.-I. Kim; College of Business Administration, Inha University, Incheon, 22212, South Korea; email: mikim21@inha.ac.kr","","Multidisciplinary Digital Publishing Institute (MDPI)","20711050","","","","English","Sustainability","Article","Final","All Open Access; Gold Open Access","Scopus","2-s2.0-85197295478"
"Gerwanski J.","Gerwanski, Jannik (57205750439)","57205750439","Does it pay off? Integrated reporting and cost of debt: European evidence","2020","Corporate Social Responsibility and Environmental Management","27","5","","2299","2319","88","10.1002/csr.1965","https://www.scopus.com/inward/record.uri?eid=2-s2.0-85085695899&doi=10.1002%2Fcsr.1965&partnerID=40&md5=f27702c051cbf2fd6ad600c84edaa7f1","Leuphana University Lüneburg Institute of Management, Accounting and Finance, Division Accounting and Auditing, Lüneburg, Germany","Gerwanski J., Leuphana University Lüneburg Institute of Management, Accounting and Finance, Division Accounting and Auditing, Lüneburg, Germany","Although the <IR> (Integrated Reporting) Framework defines providers of financial capital as both equity and debt holders, there is a distinct lack of research on the association between IR and debt. This study is the first to examine the effect of the voluntary preparation of an integrated report on the marginal cost of public debt. From an agency theoretical standpoint, we assume that IR decreases information asymmetries, facilitates lenders' assessments of a firm's risk of default, and thus is negatively related to a firm's cost of public debt. On the basis of a European sample, consisting of 2,196 firm-year observations between 2015 and 2017, we find that IR significantly decreases a firm's cost of debt. In subsequent moderation analyses, the results reveal that this effect (a) is stronger for firms with lower ESG performance and (b) holds only for firms operating in environmentally sensitive industries. The results are robust to a battery of statistical models. We expand on earlier empirical literature on IR and provide valuable implications for research, practice, and standard setting. © 2020 ERP Environment and John Wiley & Sons Ltd.","corporate social responsibility; cost of debt; environmental performance; integrated reporting; risk of default; sustainability performance","","J. Gerwanski; Leuphana University Lüneburg Institute of Management, Accounting and Finance, Division Accounting and Auditing, Lüneburg, Germany; email: jannik.gerwanski@leuphana.de","","John Wiley and Sons Ltd","15353958","","","","English","Corp. Soc. Responsib. Environ. Manage.","Article","Final","","Scopus","2-s2.0-85085695899"
"Shao Y.","Shao, Yanmin (35219221400)","35219221400","Does excessive debt affect the green technology innovation? Evidence from China","2024","Environment, Development and Sustainability","26","8","","19579","19596","7","10.1007/s10668-023-03426-3","https://www.scopus.com/inward/record.uri?eid=2-s2.0-85163130149&doi=10.1007%2Fs10668-023-03426-3&partnerID=40&md5=23a675c6804706ad05fefd0ff4c7b03a","School of Economics and Management, University of Science and Technology Beijing, Beijing, 100083, China","Shao Y., School of Economics and Management, University of Science and Technology Beijing, Beijing, 100083, China","A reasonable leverage ratio is conducive to the sustainable development of the enterprise. During the green transformation stage of China’s economic structure, improving the relevant credit policies to support green development has become an urgent need for the relevant government departments in China. This study first systematically analyzes the influence of excessive debt on green technology innovation (GTI) using the data of China A-share listed companies from 2007 to 2020. The empirical results showed that the excessive debt of enterprises significantly restricted their GTI. Excessive debt had a significant negative impact on the GTI of non-state owned enterprises (non-SOEs) and enterprises that did not implement the ISO 14001 environmental management system (EMS) certification. However, its impact on SOEs and enterprises adopted the ISO 14001 EMS was insignificant. The excessive debt mainly inhibited enterprise innovation by affecting the R&D investment of enterprises and raising the debt cost of enterprises. This study supplemented the relevant studies on the economic consequences of corporate debt deviation with different enterprises. © The Author(s), under exclusive licence to Springer Nature B.V. 2023.","Excessive debt; Green technology innovation; Non-state owned enterprises; R&D investment","China; certification; credit provision; debt; economic structure; environmental management; government; industrial development; innovation; investment; research and development; state owned enterprise; sustainable development","Y. Shao; School of Economics and Management, University of Science and Technology Beijing, Beijing, 100083, China; email: ymshao@ustb.edu.cn","","Springer Science and Business Media B.V.","1387585X","","EDSNB","","English","Environ. Dev. Sustainability","Article","Final","","Scopus","2-s2.0-85163130149"
"Sun H.; Wang G.; Bai J.; Shen J.; Zheng X.; Dan E.; Chen F.; Zhang L.","Sun, Haiyan (58047069900); Wang, Guangyang (57874294500); Bai, Junwei (58046529000); Shen, Jianfei (36679348300); Zheng, Xinyuan (57873744500); Dan, Erli (57195715543); Chen, Feiyu (59875337400); Zhang, Ludan (58046962400)","58047069900; 57874294500; 58046529000; 36679348300; 57873744500; 57195715543; 59875337400; 58046962400","Corporate Sustainable Development, Corporate Environmental Performance and Cost of Debt","2023","Sustainability (Switzerland)","15","1","228","","","23","10.3390/su15010228","https://www.scopus.com/inward/record.uri?eid=2-s2.0-85145952489&doi=10.3390%2Fsu15010228&partnerID=40&md5=238c88198162f4ebb5bab69b2d86f9f3","State Grid Materials Co., Ltd, Beijing, 100120, China; Economics and Management Department, North China Electric Power University, Beijing, 102206, China","Sun H., State Grid Materials Co., Ltd, Beijing, 100120, China; Wang G., State Grid Materials Co., Ltd, Beijing, 100120, China; Bai J., State Grid Materials Co., Ltd, Beijing, 100120, China; Shen J., Economics and Management Department, North China Electric Power University, Beijing, 102206, China; Zheng X., Economics and Management Department, North China Electric Power University, Beijing, 102206, China; Dan E., Economics and Management Department, North China Electric Power University, Beijing, 102206, China; Chen F., Economics and Management Department, North China Electric Power University, Beijing, 102206, China; Zhang L., Economics and Management Department, North China Electric Power University, Beijing, 102206, China","High environmental performance of enterprises may reduce financing costs, while good environmental performance can promote sustainable development of enterprises. Therefore, this paper examines the impact mechanism of China’s corporate environmental performance on financing costs, and whether corporate sustainable development plays a regulatory role in the research of heavy pollution industries. This study is conducted through the Breusch and Pagan Lagrange multiplier test for random effects and the Hausman test to determine whether to adopt Fixed-effects regression or Random-effects GLS regression as an estimation method to control individual effects and endogenous problems brought by time. By collecting the samples of listed companies in China from 2010 to 2021, the empirical results show that corporate environmental performance is negatively related to financing costs. Sustainable development, as a moderator variable, is negatively related to financing costs and has weakened the inhibition of corporate environmental performance on financing costs. Although the existing literature shows that environmental performance will lead to changes in debt costs, this study has made contributions to the literature by revealing the sustainable development mechanism in the relationship between corporate environmental performance and financing costs and has verified that sustainable development is one of the important factors affecting financing costs. © 2022 by the authors.","China; corporate environmental performance; corporate sustainable development; cost of debt; costs of capital; sustainability","China; cost analysis; environmental economics; estimation method; industrial emission; spatiotemporal analysis; sustainability; sustainable development","J. Shen; Economics and Management Department, North China Electric Power University, Beijing, 102206, China; email: xinyzheng@ncepu.edu.cn","","MDPI","20711050","","","","English","Sustainability","Article","Final","All Open Access; Gold Open Access; Green Open Access","Scopus","2-s2.0-85145952489"
"Shu H.; Tan W.","Shu, Hao (57751188300); Tan, Weiqiang (35212045500)","57751188300; 35212045500","Does carbon control policy risk affect corporate ESG performance?","2023","Economic Modelling","120","","106148","","","161","10.1016/j.econmod.2022.106148","https://www.scopus.com/inward/record.uri?eid=2-s2.0-85145682036&doi=10.1016%2Fj.econmod.2022.106148&partnerID=40&md5=14f7b175a7dff533fce131862b3aafbe","School of Business, Central South University, Changsha, China; Department of Social Sciences, Education University of Hong Kong, New Territories, Tai Po, Hong Kong","Shu H., School of Business, Central South University, Changsha, China; Tan W., Department of Social Sciences, Education University of Hong Kong, New Territories, Tai Po, Hong Kong","An important manifestation of corporate sustainability is environmental, social, and governance (ESG) performance. Based on a dataset of listed industrial firms in China from 2010 to 2019, carbon control policy risk negatively and significantly impacts corporate ESG performance, with financing constraints and bank loan costs as potential channels. This negative relationship is especially pronounced among non-state-owned firms, firms that are non-green innovation-sensitive, firms in carbon-sensitive industries, and firms located in regions with strict environmental regulations. It is also apparent in firms with higher institutional investor ownership and lower analyst coverage. Our findings can serve as possible action guidelines for firms aiming to address carbon control policy risks and actively invest in ESG activities. © 2022 Elsevier B.V.","Carbon control policy risk; China; Climate change; ESG performance","","W. Tan; Department of Social Sciences, Education University of Hong Kong, Tai Po, New Territories, Hong Kong; email: wqtan@eduhk.hk","","Elsevier B.V.","02649993","","","","English","Econ. Model.","Article","Final","","Scopus","2-s2.0-85145682036"
"Crisci A.; Serino L.; Campanella F.","Crisci, Anna (55557841000); Serino, Luana (57208822109); Campanella, Francesco (55961123000)","55557841000; 57208822109; 55961123000","Decoding sustainable creditworthiness: a multilevel analysis of ESG impact in tourism firms","2025","Management Decision","","","","1","16","0","10.1108/MD-05-2025-1442","https://www.scopus.com/inward/record.uri?eid=2-s2.0-105025398942&doi=10.1108%2FMD-05-2025-1442&partnerID=40&md5=ca9150de421146036eb3fe65d41a8d1a","Department of Economics, Management, Institutions, University of Naples, Federico II, Naples, Italy; Department of Management and Economics, Pegaso Digital University, Naples, Italy; Department of Economics, University of Campania Luigi Vanvitelli, Capua, Italy","Crisci A., Department of Economics, Management, Institutions, University of Naples, Federico II, Naples, Italy; Serino L., Department of Management and Economics, Pegaso Digital University, Naples, Italy; Campanella F., Department of Economics, University of Campania Luigi Vanvitelli, Capua, Italy","Purpose – Is there a positive effect of ESG performances on the credit access in the hospitality and tourism (H&T) sector? The answer to this research question may help us understand the impact of sustainability performance on the credit access in the publicly traded global hospitality firms. Indeed, the growing interest in environmental and ethical issues and the progressive incorporation of social corporate result in the loan decision process are the result of a cultural path that sees banks react to market changes and pay attention to an increasingly sustainable future. So, this paper intends to investigate the level of integration of sustainability issues in loan decision-making processes. Design/methodology/approach – The primary source for identifying the perimeter of international listed firms operating in the tourism sector was the Refinitiv Eikon database. Therefore, we collected individual ESG scores and financial data of publicly traded global hospitality firms from the Refinitiv global database. The Eikon database classifies firms into 10 main economic sectors, 28 business sectors and a further 54 industry groups according to their activities, including H&T as one of the industry groups. Hence, all data for these industries were retrieved from the Eikon database. For our analysis, we consider multilevel modelling for longitudinal data. Findings – Overall, the empirical findings reveal that the cost of debt is lower for companies that have high levels of ESG. Hence, our research hypothesis is supported. In other words, the sustainability performance of a company is likely to influence the cost of debt charged by lending institutions. Originality/value – This paper provides two types of contributions to the literature. First and foremost, current H&T literature has neglected credit access and ESG performance, despite their significance for corporate sustainability research and practice. To the best of our knowledge, this is the first study that exclusively focuses on the relationship between ESG performance and credit access in the H&T industry. Second, with this study, we open a promising new research avenue in the H&T literature that calls for scholarly attention to ESG’s ability to facilitate access to bank credit. © 2025 Emerald Publishing Limited","Cost of debt; ESG performance; Firms; Fixed effects; H&T sector; Hospitality; Multilevel modelling; Random effects; Sustainability; Tourism","","A. Crisci; Department of Economics, Management, Institutions, University of Naples, Federico II, Naples, Italy; email: anna.crisci@unina.it","","Emerald Publishing","00251747","","","","English","Manage. Decis.","Article","Article in press","","Scopus","2-s2.0-105025398942"
"Uyar A.; Ben Arfa N.; Kuzey C.; Karaman A.S.","Uyar, Ali (24448916800); Ben Arfa, Nouha (57195153239); Kuzey, Cemil (55479549300); Karaman, Abdullah S. (36850344100)","24448916800; 57195153239; 55479549300; 36850344100","Do creditors appreciate CSR transparency and credibility in emerging markets?","2026","Journal of Accounting Literature","48","1","","1","26","8","10.1108/JAL-07-2023-0137","https://www.scopus.com/inward/record.uri?eid=2-s2.0-85190797343&doi=10.1108%2FJAL-07-2023-0137&partnerID=40&md5=ac18660af22b2bfd72066ffb17dde13c","CERIIM, Excelia Business School, La Rochelle, France; Arthur J. Bauernfeind College of Business, Murray State University, Murray, Kentucky, United States; College of Engineering and Technology, American University of the Middle East, Egaila, Kuwait","Uyar A., CERIIM, Excelia Business School, La Rochelle, France; Ben Arfa N., CERIIM, Excelia Business School, La Rochelle, France; Kuzey C., Arthur J. Bauernfeind College of Business, Murray State University, Murray, Kentucky, United States; Karaman A.S., College of Engineering and Technology, American University of the Middle East, Egaila, Kuwait","Purpose – This study investigates CSR reporting’s role in debt access and cost of debt with the moderating role of external assurance and GRI adoption in emerging markets. Such an investigation will help facilitate external fund flow to firms in better terms. Design/methodology/approach – We collected data from 16 emerging markets between 2008 and 2019 from the Thomson Reuters Eikon and ran fixed effects regression analysis and robustness tests by addressing endogeneity concerns, adopting alternative sample and integrating additional control variables. Findings – The results show that CSR reporting has a positive association with access to debt and a negative association with the cost of debt. Furthermore, both external assurance and GRI adoption do not significantly moderate between CSR reporting and access to debt and cost of debt. Hence, creditors in emerging markets are not interested in CSR report assurance and GRI framework adoption and do not integrate them into their lending decisions. Originality/value – Emerging markets are unique settings characterized by high growth rates, limited capital availability, high debt costs and weak institutional environments. Thus, reaching debt with convenient conditions is critical for emerging market firms to finance their growth. Hence, our study will help emerging market firms reach external funding more easily and in better terms via CSR transparency. Besides, our investigation is based on a broad sample of emerging markets, and hence updates prior emerging market studies conducted in single-country settings. Lastly, we test the complementarity of third-party assurance and GRI adoption to CSR reporting in loan contracting. © 2024 Emerald Publishing Limited","Access to debt; Cost of debt; CSR report; Emerging markets; External assurance; GRI","","A. Uyar; CERIIM, Excelia Business School, La Rochelle, France; email: aliuyar@hotmail.com","","Emerald Publishing","07374607","","","","English","J. Account. Lit.","Article","Final","","Scopus","2-s2.0-85190797343"
"Khan M.I.; Iqbal A.","Khan, Muhammad Irfan (59148103500); Iqbal, Athar (55336301700)","59148103500; 55336301700","Integrating ESG with corporate investment decision-making","2024","The Emerald Handbook of Ethical Finance and Corporate Social Responsibility: A Framework for Sustainable Development","","","","329","350","10","10.1108/978-1-80455-406-720241014","https://www.scopus.com/inward/record.uri?eid=2-s2.0-85194448319&doi=10.1108%2F978-1-80455-406-720241014&partnerID=40&md5=c14aa093e477de00e6143c0ba41aaf11","Institute of Business Management, Pakistan; Iqra University, Pakistan","Khan M.I., Institute of Business Management, Pakistan; Iqbal A., Iqra University, Pakistan","This is an acceptable fact that firms put efforts to maximize shareholders wealth but there is growing demand that firms are also accountable to various stakeholders associated directly or indirectly with the firms' business activities. Investors now evaluate firm's performance not only from financial perspective but also consider environment, social, and governance (ESG) factors when taking investment decision. ESG is not visible in firm's annual financial reports but investors do not deny its significance when valuing firms. There are increasing interests in ESG by communities, professionals, and government bodies, and all are interested to keep it as part of firms' regular activity and have to relate it with firm performance and efficiency that affects firm value. Still, there are difficulties in integration of ESG factors into investment decision-making, but efforts are being put to overcome all the issues. Firms which consider ESG are in a good position to achieve their long-term financial goals as they are likely to attract capital, lower borrowing costs, mitigate risks, and maximize shareholders value. © 2024 Muhammad Irfan Khan and Athar Iqbal. All rights reserved.","Decision-making; Earning impact; Environment; ESG disclosure; ESG factors; ESG tools; Governance; Investment; Social","","","","Emerald Group Publishing Ltd.","","978-180455406-7; 978-180455407-4","","","English","The Emerald Handb. of Ethical Finance and Corp. Soc. Responsib.: A Framew. for Sustain. Dev.","Book chapter","Final","","Scopus","2-s2.0-85194448319"
"Wong R.; Nguyen H.T.M.; Kwansa N.A.","Wong, Ricky (57194033543); Nguyen, Hoang Thi My (58960662500); Kwansa, Nana Abena (57219230647)","57194033543; 58960662500; 57219230647","ESG performance and cost of capital: what do we know? Evidence from the US","2024","International Journal of Monetary Economics and Finance","17","1","","74","96","4","10.1504/IJMEF.2024.137548","https://www.scopus.com/inward/record.uri?eid=2-s2.0-85188888376&doi=10.1504%2FIJMEF.2024.137548&partnerID=40&md5=23483bc30e76be56154e5d821046dd17","Edinburgh Business School, School of Social Sciences, Heriot-Watt University, Putrajaya, 62200, Malaysia; Edinburgh Business School, School of Social Sciences, Heriot-Watt University, Edinburgh, EH14 4AS, United Kingdom","Wong R., Edinburgh Business School, School of Social Sciences, Heriot-Watt University, Putrajaya, 62200, Malaysia; Nguyen H.T.M., Edinburgh Business School, School of Social Sciences, Heriot-Watt University, Edinburgh, EH14 4AS, United Kingdom; Kwansa N.A., Edinburgh Business School, School of Social Sciences, Heriot-Watt University, Edinburgh, EH14 4AS, United Kingdom","This paper empirically examines the impact of environmental, social and governance (ESG) performance and its individual components on the cost of debt and the cost of equity. Using a sample of S&P 500 firms from 2015 to 2021, we find that strong ESG performance reduces the cost of debt and the cost of equity. Furthermore, our analyses on the individual constituents of the ESG performance indicate that firms with high environmental and social performance benefit from both lower cost of debt and cost of equity with the effect more pronounced for cost of equity. The evidence also indicates that high performance in governance only has implications for equity cost of capital. The evidence supports the position that integrating relevant ESG activities in firm business model has capital raising benefits. © 2024 Inderscience Enterprises Ltd.","capital structure; cost of debt; cost of equity; environmental; social and governance","","R. Wong; Edinburgh Business School, School of Social Sciences, Heriot-Watt University, Putrajaya, 62200, Malaysia; email: r.wong@hw.ac.uk","","Inderscience Publishers","17520479","","","","English","Int. J. Monet. Econ. Financ.","Article","Final","All Open Access; Bronze Open Access","Scopus","2-s2.0-85188888376"
"Power G.J.; Tandja-M D.C.","Power, Gabriel J. (24577595100); Tandja-M, Djerry C. (57204704811)","24577595100; 57204704811","Does it pay to be Green? The impact of equator principles on project loans","2025","European Journal of Finance","31","5","","616","646","0","10.1080/1351847X.2024.2419568","https://www.scopus.com/inward/record.uri?eid=2-s2.0-105001985120&doi=10.1080%2F1351847X.2024.2419568&partnerID=40&md5=0221864874fb8407d8589aae7a2693b2","Department of Finance, Insurance and Real Estate, Université Laval, Québec, QC, Canada; Faculté des sciences de l'administration, Pavillon Palasis-Prince, Québec, QC, Canada; Department of Administrative Sciences, Université du Québec en Outaouais Gatineau, Pavillon Lucien-Brault, Gatineau, QC, Canada","Power G.J., Department of Finance, Insurance and Real Estate, Université Laval, Québec, QC, Canada, Faculté des sciences de l'administration, Pavillon Palasis-Prince, Québec, QC, Canada; Tandja-M D.C., Department of Administrative Sciences, Université du Québec en Outaouais Gatineau, Pavillon Lucien-Brault, Gatineau, QC, Canada","Some financial institutions voluntarily adopt the Equator Principles, requiring them to monitor the environmental and social (ESG) impacts of projects they finance. We investigate the incidence of these costs on corporate borrowers, as well as evidence of benefits in the form of improved loan terms. Using detailed international loan data, we find that borrowers dealing with green banks derive several economic benefits including lower loan spreads. We argue that dealing with ‘green banks’ allows firms to signal their ESG commitment and can help them manage ex post ESG-related risk. The empirical approach also addresses endogeneity concerns. We document other benefits including greater lender participation and the support of Multilateral Development Banks. Our counterfactual analysis, however, shows that if regulatory changes were to encourage working with green banks, firms that only deal with them as a result of the policy would not obtain lower loan spreads. © 2024 Informa UK Limited, trading as Taylor & Francis Group.","cost of debt; Environmental and social risk; equator principles; green banking; loan syndicate; project finance","","G.J. Power; Department of Finance, Insurance and Real Estate, Université Laval, Québec, Canada; email: gabriel.power@fsa.ulaval.ca","","Routledge","1351847X","","","","English","Eur. J. Financ.","Article","Final","","Scopus","2-s2.0-105001985120"
"Liu D.; Wang X.; Wang H.; Yang Z.","Liu, Dingru (60342751900); Wang, Xiao (60343237400); Wang, Hanqing (60343358000); Yang, Zhiwei (60343237500)","60342751900; 60343237400; 60343358000; 60343237500","ESG rating changes and debt costs of enterprises in China","2026","SAGE Open","16","1","","","","0","10.1177/21582440251415268","https://www.scopus.com/inward/record.uri?eid=2-s2.0-105028130984&doi=10.1177%2F21582440251415268&partnerID=40&md5=7f647aeb7bd19f95e7e725dd05c3e9c3","Qingdao, Huanghai University, Shandong Province, China; Binzhou Polytechnic, Shandong Province, China; Semyung University, North Chungcheong Province, Jecheon, South Korea; Honam University, Gwangsan-gu, Gwangju, South Korea","Liu D., Qingdao, Huanghai University, Shandong Province, China; Wang X., Binzhou Polytechnic, Shandong Province, China; Wang H., Semyung University, North Chungcheong Province, Jecheon, South Korea; Yang Z., Honam University, Gwangsan-gu, Gwangju, South Korea","With capital markets’ growing attention to sustainable development, environmental, social, and governance (ESG) factors have become increasingly important in shaping corporate financing decisions. However, whether changes in ESG ratings (upgrades or downgrades) effectively signal shifts in a firm’s operational risk and transparency is unclear. Moreover, little research has explored whether these signals influence firm financing costs, particularly across ownership structures and regulatory environments. This study uses data from Shanghai and Shenzhen-listed firms from 2014 to 2023 to examine how dynamic ESG rating changes affect their debt financing costs and analyze the associated market responses. Across the full sample, ESG rating upgrades are associated with modest reductions in the debt financing costs, whereas downgrades raise debt financing costs, revealing an asymmetric pricing pattern in which creditors respond more strongly to negative ESG signals than to positive ones. Ownership structure moderates these effects, for non–state-owned enterprises, upgrades lower and downgrades increase debt financing costs more visibly than for state-owned enterprises. Following implementation of the new Securities Law, the impact of ESG rating changes on debt financing costs has become more pronounced. Robustness checks using alternative ESG providers and instrumental-variables estimation yield consistent results. These findings provide empirical insights for firms, investors, and policymakers to optimize financing strategies and improve ESG-related regulations. © The Author(s) 2026. This article is distributed under the terms of the Creative Commons Attribution-NonCommercial 4.0 License (https://creativecommons.org/licenses/by-nc/4.0/) which permits non-commercial use, reproduction and distribution of the work without further permission provided the original work is attributed as specified on the SAGE and Open Access pages (https://us.sagepub.com/en-us/nam/open-access-at-sage).","Chinese capital markets; debt financing cost; ESG ratings; new securities law; ownership structure","","H. Wang; Department of Business Administration, Semyung University, Jecheon, North Chungcheong Province, South Korea; email: 2025638802@semyung.ac.kr; Z. Yang; Department of Business Administration, Honam University, Gwangju, Gwangsan-gu, South Korea; email: 2018100@honam.ac.kr","","SAGE Publications Inc.","21582440","","","","English","SAGE Open","Article","Final","All Open Access; Gold Open Access","Scopus","2-s2.0-105028130984"
"Piskun E.; Chaykina E.; Tarasenko S.; Khokhlov V.","Piskun, Elena (57193735474); Chaykina, Elena (57224624789); Tarasenko, Sergey (57214619581); Khokhlov, Vladimir (57209603804)","57193735474; 57224624789; 57214619581; 57209603804","Financial support for business entities in the city of sevastopol","2020","ACM International Conference Proceeding Series","Part 167655","","023027","","","0","10.1145/3444465.3444472","https://www.scopus.com/inward/record.uri?eid=2-s2.0-85108061038&doi=10.1145%2F3444465.3444472&partnerID=40&md5=e8a60e3defd6d87375606fea84504017","Sevastopol State University Sevastopol, Russian Federation","Piskun E., Sevastopol State University Sevastopol, Russian Federation; Chaykina E., Sevastopol State University Sevastopol, Russian Federation; Tarasenko S., Sevastopol State University Sevastopol, Russian Federation; Khokhlov V., Sevastopol State University Sevastopol, Russian Federation","Stable financial activities of organizations directly affect the sustainable development of the region. Based on statistical material, it is shown that the business structures of the city of Sevastopol are developing inefficiently. The main reasons are: Lack of own financial resources, poor access to borrowed sources of financing, low investment attractiveness of the region due to the sanctions regime. In Sevastopol, credit organizations are not ready to actively finance legal entities - residents and individual entrepreneurs. The cost of credit resources is constantly decreasing, which is associated with a decrease in the discount rate of the Central Bank of the Russian Federation, but they still remain too expensive for business entities - banking clients. Therefore, it is advisable not to stop the program of preferential lending, including subsidizing the cost of paying interest on loans, but to improve it in terms of resolving issues regarding the legislative support of the size of budget support for lending, simplifying the access of business entities to preferential loansIt should not be forgotten that today, during the period of struggle in the country with the spread of coronavirus infection, the financial situation of individuals and legal entities has deteriorated sharply. The drop in revenue, the growth of counterparty defaults - all this will make it difficult for organizations to access cheaper bank loans. At the same time, for companies seriously affected by the crisis, interest rates on loans at some banks may even increase. There are a number of projects in the city within the framework of state programs, but the opacity of tender procedures and the inadequate mechanisms of their financing, including from budget sources, do not allow regional organizations to participate in their implementation. © 2020 Elsevier B.V.. All rights reserved.","City of Sevastopol; Entrepreneurial structures; Financial activities; Financial resources; Interest rates; Lending; Region","Budget control; Economics; Investments; Business entities; Business structures; Financial activity; Financial resources; Financial support; Investment attractiveness; Legislative support; Russian federation; Costs","","","Association for Computing Machinery","","","","","English","ACM Int. Conf. Proc. Ser.","Conference paper","Final","","Scopus","2-s2.0-85108061038"
"Essel R.E.","Essel, Ronald Ebenezer (57766425200)","57766425200","Financial Management Practices and Financial Performance in China’s Main Capital Markets: A Macroeconomics Moderation Analysis","2025","China Report","61","4","","509","551","0","10.1177/00094455251365936","https://www.scopus.com/inward/record.uri?eid=2-s2.0-105014823263&doi=10.1177%2F00094455251365936&partnerID=40&md5=ee762f91c1cd4f5fd40d8c6858dd06cf","University of Cape Coast (UCC), College of Distance Education (CoDE), Unit of Business Programmes, Cape Coast, Ghana","Essel R.E., University of Cape Coast (UCC), College of Distance Education (CoDE), Unit of Business Programmes, Cape Coast, Ghana","This study investigated the moderating role of interest rate (IR) and inflation (INF) in the association between financial management practices (FMPs) and financial performance of non-financial companies listed on China’s Shanghai and Shenzhen stock exchanges. Espousing a mixed-methods approach, with quasi-experimental design, grounded in pragmatism, it analysed financial data from 3,689 companies (2010–2019) and interviews, utilising two-step system generalised method of moments, effectively addressing endogeneity and other econometric issues, yielding 36,890 balanced-panel, firm-year observations. Fixed effects and random effects were employed to handle unobserved heterogeneity and guarantee robustness. Findings indicated that, whilst total-debt-to-total-assets ratio and dividend yield significantly and negatively influenced firm financial performance (FFP), total-equity-to-assets-ratio, cash conversion cycle, current ratio, total assets turnover, tangibility, dividend payout ratio, firm size and firm age significantly and positively impacted FFP. These associations were complementarily moderated/strengthened by IR and INF, emphasising the risks of high-borrowing costs for highly-geared companies and stressing the necessity for corporate deleveraging and optimal capital structures. Managers are admonished to engage in diversified projects with positive net present value to guarantee constant cash flows and sustainable dividend payments. Whilst the study’s framework is Chinese-oriented, it is replicable in similar developing economies. It incorporates prior unexploited FMP metrics into the resource-based view theory, extending the theory’s scope, making it more rigorous, robust and generalisable. © 2025 nstitute of Chinese Studies, New Delhi","Asset management; capital budgeting; capital structure; dividend policy; performance; working capital management","China; Guangdong; Shanghai; Shenzhen; capital market; debt; econometrics; financial market; inflation; interest rate; macroeconomics; management practice; stock market","R.E. Essel; University of Cape Coast (UCC), College of Distance Education (CoDE), Unit of Business Programmes, Cape Coast, Ghana; email: esselronald@yahoo.com","","Sage Publications India Pvt. Ltd","00094455","","","","English","China Rep.","Article","Final","","Scopus","2-s2.0-105014823263"
"Li S.; Qiao L.; Ren B.; Wang Z.","Li, Suyang (57299489600); Qiao, Lu (59966660700); Ren, Boru (57267909000); Wang, Zilong (57216175839)","57299489600; 59966660700; 57267909000; 57216175839","Financing sustainability: Sustainable institutional investors and bank loan access","2025","Journal of International Money and Finance","157","","103387","","","0","10.1016/j.jimonfin.2025.103387","https://www.scopus.com/inward/record.uri?eid=2-s2.0-105009294515&doi=10.1016%2Fj.jimonfin.2025.103387&partnerID=40&md5=de89274217224d41e83b05bf9df5137b","School of Management, Swansea University, Swansea, SA1 8EN, United Kingdom; Leeds University Business School, University of Leeds, Leeds, LS2 9JT, United Kingdom; Department of Land Economy, University of Cambridge, Cambridge, CB3 9EP, United Kingdom","Li S., School of Management, Swansea University, Swansea, SA1 8EN, United Kingdom; Qiao L., Leeds University Business School, University of Leeds, Leeds, LS2 9JT, United Kingdom; Ren B., School of Management, Swansea University, Swansea, SA1 8EN, United Kingdom; Wang Z., Department of Land Economy, University of Cambridge, Cambridge, CB3 9EP, United Kingdom","This study examines the role of sustainable institutional investors in enhancing portfolio firms’ access to bank loans. Utilising the Principles for Responsible Investment (PRI) signatory status as a marker of commitment to responsible investing, we find that being held by these responsible investors not only enables firms to borrow more but also at a lower cost. Further analysis shows that the advantages in loan market access are due to the presence of sustainable institutional investors serving as a signal of the credibility of firms’ ESG profiles, which aligns long-term growth goals and reduces shareholder–creditor conflicts. Being held by sustainable institutional investors also allows firms to avoid green and sustainability-linked loans that, whilst supporting their ESG development, require stricter monitoring than conventional loans. Additionally, we document that the negative relationship between sustainable investors and carbon emissions is more pronounced for firms that have obtained loans compared than those that have not. Overall, this study highlights the importance of financing support for sustainable institutional investors in fulfilling sustainability commitments and highlights the synergy between different financial markets in curbing carbon emissions. © 2025 The Author(s)","Borrowing cost; Carbon emission; Climate awareness; ESG; Loan cost; Socially conscious investor; Sustainable institutional investor","","B. Ren; School of Management, Swansea University, Swansea, SA1 8EN, United Kingdom; email: boru.ren@swansea.ac.uk","","Elsevier Ltd","02615606","","","","English","J. Int. Money Financ.","Article","Final","All Open Access; Hybrid Gold Open Access","Scopus","2-s2.0-105009294515"
"Gleb L.; Aleksandra E.; Karminsky A.","Gleb, Lobov (60068869800); Aleksandra, Egorova (57211209474); Karminsky, Aleksander (37053822300)","60068869800; 57211209474; 37053822300","Investment Attractiveness of Green Bonds: The Impact of Issuer Sector and Region","2025","Procedia Computer Science","266","","","745","752","2","10.1016/j.procs.2025.08.094","https://www.scopus.com/inward/record.uri?eid=2-s2.0-105014148608&doi=10.1016%2Fj.procs.2025.08.094&partnerID=40&md5=ff4af449fd56f83bdfc0ac3a64c4d83b","National Research University, Higher School of Economics, Moscow, Russian Federation","Gleb L., National Research University, Higher School of Economics, Moscow, Russian Federation; Aleksandra E., National Research University, Higher School of Economics, Moscow, Russian Federation; Karminsky A., National Research University, Higher School of Economics, Moscow, Russian Federation","This paper investigates the investment attractiveness of green bonds by examining the influence of issuer-specific regional and sectoral characteristics on bond yields. Using a cross-sectional dataset of 1,502 green bond issues from 44 countries, sourced from the Cbonds database as of March 2025, the study applies a multivariate OLS regression framework. The analysis incorporates macroeconomic indicators, ESG ratings, credit risk measures, and dummy variables reflecting regional origin, industry affiliation, and sectoral carbon intensity. The results reveal that green bond yields differ significantly depending on (1) the issuer's region, (2) economic sector, (3) country development level, and (4) the carbon intensity of the issuer's industry. Specifically, bonds issued in emerging markets and carbon-intensive sectors tend to offer higher yields, reflecting increased risk premiums. These findings support the risk-return paradigm in the context of sustainable finance and underscore the importance of geography and industry in green bond pricing. The study also discusses methodological limitations and proposes directions for future research, including time-series analysis, policy impact evaluation, and broader geographical coverage. Overall, the results provide practical insights for investors, issuers, and regulators aiming to foster a more balanced and efficient green bond market globally. The research was supported by RSF (project No. 23-18-00756).  © 2025 The Authors.","ESG; ESG Rating; Green bonds","Carbon; Carbon Economy; Commerce; Financial markets; Investments; Risk assessment; Carbon intensity; Credit risks; Dummy variables; Economic sectors; ESG; ESG rating; Green bond; Investment attractiveness; Macroeconomic indicators; Risk measures; Time series analysis","","Shi Y.; Shi Y.; Shi Y.","Elsevier B.V.","18770509","","","","English","Procedia Comput. Sci.","Conference paper","Final","All Open Access; Gold Open Access","Scopus","2-s2.0-105014148608"
"Hampl F.; Vágnerová Linnertová D.","Hampl, Filip (57214755653); Vágnerová Linnertová, Dagmar (55320789000)","57214755653; 55320789000","How do ESG controversies moderate the nexus between ESG performance and cost of capital? Evidence from European listed companies","2024","Managerial Finance","50","10","","1727","1746","16","10.1108/MF-12-2023-0762","https://www.scopus.com/inward/record.uri?eid=2-s2.0-85200054627&doi=10.1108%2FMF-12-2023-0762&partnerID=40&md5=4b265f1490352bba7349c56729570194","Department of Finance, Faculty of Economics and Administration, Masaryk University, Brno, Czech Republic","Hampl F., Department of Finance, Faculty of Economics and Administration, Masaryk University, Brno, Czech Republic; Vágnerová Linnertová D., Department of Finance, Faculty of Economics and Administration, Masaryk University, Brno, Czech Republic","Purpose: This study aims to investigate the effect of ESG controversies and their moderating role in ESG performance and the cost of equity and overall, short-term and long-term debt capital relationship in European listed companies. Design/methodology/approach: The study employs two-way fixed effects panel linear regression models on the balanced longitudinal dataset of 231 European non-financial companies listed in the MSCI Europe Index in 2017–2022. To check the robustness, the study utilises the fixed effects logistic regression models with heteroskedasticity-consistent standard errors. Findings: The study reveals the significant effect of ESG performance (negative) and ESG controversies (negative) on the cost of debt capital and the substantial moderating effect of ESG controversies (positive). Additionally, it provides empirical evidence of the crossover moderating effect of ESG controversies in ESG performance and cost of equity relationship. Research limitations/implications: The findings contribute to corporate practice and empirically support legitimacy and stakeholder theories. Practical implications: Companies can utilise the results to proactively enhance their internal policies and behaviour to align with ESG practices and avoid ESG controversies, which will translate into reduced equity capital costs for shareholders and a lower cost of debt capital charged by creditors. Originality/value: To the best of the authors’ knowledge, this is the first study to comprehensively investigate the influence of ESG controversies and their moderating effect in the context of the equity and debt capital cost for European listed companies. © 2024, Emerald Publishing Limited.","Controversies; Cost of debt; Cost of equity; ESG performance; Financing cost","","F. Hampl; Department of Finance, Faculty of Economics and Administration, Masaryk University, Brno, Czech Republic; email: filip.hampl@econ.muni.cz","","Emerald Publishing","03074358","","","","English","Manag. Financ.","Article","Final","","Scopus","2-s2.0-85200054627"
"Cao J.; Faff R.; He J.; Li Y.","Cao, Jerry (57192012915); Faff, Robert (7004286307); He, Jing (59112933000); Li, Yong (57188823799)","57192012915; 7004286307; 59112933000; 57188823799","Who's Greenwashing Via the Media and What are the Consequences? Evidence From China","2022","Abacus","58","4","","759","786","46","10.1111/abac.12273","https://www.scopus.com/inward/record.uri?eid=2-s2.0-85142272184&doi=10.1111%2Fabac.12273&partnerID=40&md5=3b18f8dad901e53aae835e8a494ef2dd","School of Business, Hang Seng University of Hong Kong, Hong Kong; Business School, Bond University, Gold Coast, Australia; Business School, University of Queensland, Brisbane, Australia; School of Business, Renmin University of China, Beijing, China; School of Banking and Finance, University of International Business and Economics, Beijing, China; Research Center for China Capital Market and Policy, Beijing, China","Cao J., School of Business, Hang Seng University of Hong Kong, Hong Kong; Faff R., Business School, Bond University, Gold Coast, Australia, Business School, University of Queensland, Brisbane, Australia; He J., School of Business, Renmin University of China, Beijing, China; Li Y., School of Banking and Finance, University of International Business and Economics, Beijing, China, Research Center for China Capital Market and Policy, Beijing, China","We show that those Chinese listed companies that are riding high on the media corporate social responsibility (CSR) ranking lists tend to have greater advertising (sales) expenses and poor environmental performance. This observation suggests that some companies opportunistically use media to greenwash their image, hoping to capture economic rents. Indeed, our evidence shows that greenwashing firms benefit in the lending market by exploiting the media to gain a kind of environmental, social, and governance (ESG) endorsement, thereby allowing them to achieve a lower cost of debt and to experience lower collateral obligations. The evidence suggests an adverse incentive to exploit ESG awareness via media coverage in weak institutional environments and opaque ESG disclosure regimes. © 2022 Accounting Foundation, The University of Sydney.","CSR; ESG; Greenwash; Media","","Y. Li; School of Banking and Finance, University of International Business and Economics, Beijing, China; email: yongli@uibe.edu.cn","","John Wiley and Sons Inc","00013072","","","","English","Abacus","Article","Final","","Scopus","2-s2.0-85142272184"
"Zeng Y.","Zeng, Yachang (56136823300)","56136823300","Discussion of “Does the Cost of Borrowing Increase for Firms That are Socially and Environmentally Irresponsible?”","2025","International Journal of Accounting","60","3","2580001","","","1","10.1142/S1094406025800010","https://www.scopus.com/inward/record.uri?eid=2-s2.0-105007297130&doi=10.1142%2FS1094406025800010&partnerID=40&md5=9c86d756a53e710a48f66dc9939a9fbf","Nanyang Business School, Nanyang Technological University, 91 Nanyang Avenue, Gaia, 639956, Singapore","Zeng Y., Nanyang Business School, Nanyang Technological University, 91 Nanyang Avenue, Gaia, 639956, Singapore","This discussion evaluates the study by Ahmed, Eliwa, Tahat, Burton, and Paramati (2025) (henceforth, Ahmed et al. (2025)), which examined whether irresponsible environmental, social, and governance (IESG) practices increase firms’ cost of debt (CoD). Ahmed et al. (2025) demonstrated that IESG practices significantly raise the borrowing costs, particularly in countries with lower levels of corruption. Notably, the study found that firms in “sin industries” faced penalties comparable to those imposed on firms in other industries. Ahmed et al. (2025) further examined the directional dynamics of ESG and IESG practices, showing that simultaneous increases in both scores elevate the CoD, whereas reductions in IESG, coupled with ESG improvements, lead to significant decreases in the CoD. Moreover, the study documented a key asymmetry: Lenders penalize IESG practices more severely than they reward positive ESG behavior. While the study offered valuable insights, this discussion highlights areas requiring further attention, including the clarity of key findings and ESG metrics, alternative economic explanations, ESG data quality, and potential endogeneity issues. The discussion concludes by proposing recommendations to address these limitations and enhance future research. © 2025 Board of Trustees, Vernon K. Zimmerman Center, University of Illinois.","cost of debt; Discussion; international context; irresponsible ESG (IESG)","","","","World Scientific","10944060","","","","English","Int. J. Account.","Article","Final","","Scopus","2-s2.0-105007297130"
"Zhang F.; Lai X.; Guo C.","Zhang, Fan (57208893159); Lai, Xiaobing (57216907827); Guo, Chong (57221233685)","57208893159; 57216907827; 57221233685","ESG disclosure and investment-financing maturity mismatch: Evidence from China","2024","Research in International Business and Finance","70","","102312","","","57","10.1016/j.ribaf.2024.102312","https://www.scopus.com/inward/record.uri?eid=2-s2.0-85187335069&doi=10.1016%2Fj.ribaf.2024.102312&partnerID=40&md5=6cea6aa85b4fe0e108a4ac37f2d8fa61","School of Economics & Management, Southeast University, Jiulong Lake Campus, Southeast University, Jiangsu Province, Nanjing City, 211189, China","Zhang F., School of Economics & Management, Southeast University, Jiulong Lake Campus, Southeast University, Jiangsu Province, Nanjing City, 211189, China; Lai X., School of Economics & Management, Southeast University, Jiulong Lake Campus, Southeast University, Jiangsu Province, Nanjing City, 211189, China; Guo C., School of Economics & Management, Southeast University, Jiulong Lake Campus, Southeast University, Jiangsu Province, Nanjing City, 211189, China","Although the maturity matching theory argues that easing information asymmetry risk contributes to reducing mismatches, the role of non-financial information disclosure in this process remains unclear. This paper investigates the relationship between environmental, social, and governance (ESG) disclosure and the phenomenon of companies using short-term loans for long-term investments. Using data from companies listed in the Chinese Stock Exchanges, we demonstrate that: (1) ESG disclosure effectively reduces the incidence of maturity mismatches, mainly due to improved environmental performance and governance capacity rather than increased social responsibility; (2) There is significant heterogeneity in the effect of ESG disclosure on investment-financing maturity mismatches, which is associated with differences in companies’ ownership structures, innovation capabilities, and financing accessibility; (3) Improvement in company financing capacity, including higher equity liquidity, more optimized debt structure, and lower debt cost, explains the source of ESG's contributions; (4) Further analysis shows that while the reduction in maturity mismatch risk arising from ESG disclosure improves companies’ productivity and competitiveness, its influence on cross-regional investment and investment efficiency is limited. © 2024 Elsevier B.V.","ESG disclosure; Financing capability; Information asymmetry; Investment-financing maturity mismatch; Non-financial information","","X. Lai; email: laixiaobing86@126.com","","Elsevier Ltd","02755319","","","","English","Res. Int. Bus. Financ.","Article","Final","","Scopus","2-s2.0-85187335069"
"Kuzey C.; Hamrouni A.; Uyar A.; Karaman A.S.","Kuzey, Cemil (55479549300); Hamrouni, Amal (55603739300); Uyar, Ali (24448916800); Karaman, Abdullah S. (36850344100)","55479549300; 55603739300; 24448916800; 36850344100","Social reputation, loan contracting and governance mechanisms","2024","International Journal of Accounting and Information Management","32","3","","502","531","7","10.1108/IJAIM-12-2023-0321","https://www.scopus.com/inward/record.uri?eid=2-s2.0-85190359160&doi=10.1108%2FIJAIM-12-2023-0321&partnerID=40&md5=021ae9a931c73b9f52f92ced99c80fea","Arthur J. Bauernfeind College of Business, Murray State University, Murray, KY, United States; CERIIM, Excelia Business School, La Rochelle, France; College of Engineering and Technology, American University of the Middle East, Egaila, Kuwait","Kuzey C., Arthur J. Bauernfeind College of Business, Murray State University, Murray, KY, United States; Hamrouni A., CERIIM, Excelia Business School, La Rochelle, France; Uyar A., CERIIM, Excelia Business School, La Rochelle, France; Karaman A.S., College of Engineering and Technology, American University of the Middle East, Egaila, Kuwait","Purpose: This study aims to investigate whether social reputation via corporate social responsibility (CSR) awarding facilitates access to debt and decreases the cost of debt and whether governance mechanisms moderate this relationship. Design/methodology/approach: The sample covers the period between 2002 and 2021, during which CSR award data were available in the Thomson Reuters Eikon/Refinitiv database. The empirical models are based on country, industry and year fixed-effects regression. Findings: While the main findings produced an insignificant result for access to debt, they indicated strong evidence for the positive relationship between CSR awarding and the cost of debt. Moreover, the moderating effect highlights that while the sustainability committee helps CSR-awarded companies access debt more easily, independent directors help firms decrease the cost of debt via CSR awarding. Furthermore, the results differ between the US and the non-US samples, earlier and recent periods, high- and low-leverage firms and large and small firms. Originality/value: For the first time, to the best of the authors’ knowledge, the authors assess whether social reputation via CSR awarding facilitates access to debt and decreases the cost of debt in an international and cross-industry sample. Little is known about the effect of social reputation on loan contracting, although social reputation conveys broader information that goes beyond the firm’s internal (performance) and external (reporting) CSR practices. The authors also draw attention to the differing roles of distinct governance mechanisms in leveraging social reputation for loan contracting. © 2024, Emerald Publishing Limited.","Access to debt; Board independence; Cost of debt; CSR award; Social reputation; Sustainability committee","","A. Uyar; CERIIM, Excelia Business School, La Rochelle, France; email: aliuyar@hotmail.com","","Emerald Publishing","18347649","","","","English","Int. J. Account. Inf. Manage.","Article","Final","","Scopus","2-s2.0-85190359160"
"Gracia O.; Siregar S.V.","Gracia, Olivia (57222816080); Siregar, Sylvia Veronica (23494293200)","57222816080; 23494293200","Sustainability practices and the cost of debt: Evidence from ASEAN countries","2021","Journal of Cleaner Production","300","","126942","","","50","10.1016/j.jclepro.2021.126942","https://www.scopus.com/inward/record.uri?eid=2-s2.0-85104059171&doi=10.1016%2Fj.jclepro.2021.126942&partnerID=40&md5=16d434f934b6ddcafd191262173fcd7b","Department of Accounting, Faculty of Economics and Business, Universitas Indonesia, Depok, 16424, Indonesia","Gracia O., Department of Accounting, Faculty of Economics and Business, Universitas Indonesia, Depok, 16424, Indonesia; Siregar S.V., Department of Accounting, Faculty of Economics and Business, Universitas Indonesia, Depok, 16424, Indonesia","Our study aims to examine the effect of sustainability practices, measured by sustainability performance and disclosure, on the cost of debt of ASEAN firms (in Indonesia, Malaysia, the Philippines, Singapore, and Thailand). There is a significant research gap where there is a scarcity of literature examining the impact of sustainability practices on the cost of debt, especially in Southeast Asia, and much of the existing literature still has conflicting results. We employed panel data analysis using generalized least square random effects regression, based on a sample of 1,443 observations of from 2004 to 2019. The analysis reveals mixed results that a ASEAN firm's sustainability practices lowers its cost of debt. Albeit debtholders incorporate sustainability practices information (measured by disclosure) of ASEAN firms in their credit evaluation, debtholders do not find sustainability practices (measured by performance) to be significant. This is possibly due to some crucial information that are apparent in sustainability disclosure but not in sustainability performance scores. Moreover, the interaction between sustainability performance and sustainability disclosure shows complimentary relationship between the two. Lastly, by incorporating country sustainability characteristics, industry sensitivity, and corporate governance as moderating variables, we find the possibility of a prevailing substitute relationship between firm-level and country-level sustainability practices and immense expectations imposed by stakeholders to firms with environmentally harmful practices. © 2021 Elsevier Ltd","Country sustainability characteristics; Sensitive industries; Sustainability disclosure; Sustainability performance; Sustainability practices; The cost of debt","Cost benefit analysis; Random processes; Country sustainability characteristic; Indonesia; Malaysia; Philippines; Sensitive industry; Singapore; Sustainability disclosures; Sustainability performance; Sustainability practices; The cost of debt; Sustainable development","S.V. Siregar; Department of Accounting, Faculty of Economics and Business, Universitas Indonesia, Depok, 16424, Indonesia; email: sylvia.veronica@ui.ac.id","","Elsevier Ltd","09596526","","JCROE","","English","J. Clean. Prod.","Article","Final","","Scopus","2-s2.0-85104059171"
"González Sánchez F.J.; Martín G.R.; López Sáez P.; Martín A.R.","González Sánchez, Francisco José (57214220902); Martín, Gracia Rubio (55972987000); López Sáez, Pedro (8264180500); Martín, Alejandro Rodríguez (60147515200)","57214220902; 55972987000; 8264180500; 60147515200","Corporate Environmental Responsibility, Environmental Policy Stringency and Debt Cost in Europe","2026","Corporate Social Responsibility and Environmental Management","33","1","","1230","1248","1","10.1002/csr.70220","https://www.scopus.com/inward/record.uri?eid=2-s2.0-105019202255&doi=10.1002%2Fcsr.70220&partnerID=40&md5=6bfb47e2ea8ea34c2de114d7d6bd0ddb","Universidad Complutense, Madrid, Spain; Universidad CEU San Pablo, Madrid, Spain","González Sánchez F.J., Universidad Complutense, Madrid, Spain; Martín G.R., Universidad Complutense, Madrid, Spain; López Sáez P., Universidad Complutense, Madrid, Spain; Martín A.R., Universidad CEU San Pablo, Madrid, Spain","The financial implications of corporate environmental responsibility (CER) remain a subject of considerable debate, with empirical evidence often yielding mixed results. This ambiguity suggests that the relationship is contingent upon broader contextual factors, particularly the institutional environment. Grounded in a dual framework of stakeholder theory and institutional theory, this article investigates the joint effect of firm-level CER and country-level environmental policy stringency (EPS) on the cost of debt for European firms. Using a sample of 2025 listed firms from 18 European countries from 2017 to 2021, our analysis employs fixed effects, structural equation, and multilevel models. The findings reveal that higher CER significantly reduces a firm's cost of debt. More importantly, national environmental policy serves as a critical mechanism that both directly lowers debt costs and indirectly amplifies the financial benefits of CER by encouraging firms to improve their environmental performance. This research contributes by demonstrating the synergistic interplay between micro-level corporate actions and macro-level regulatory pressures, offering robust evidence that cohesive environmental strategies at both corporate and governmental levels yield tangible financial advantages. © 2025 The Author(s). Corporate Social Responsibility and Environmental Management published by ERP Environment and John Wiley & Sons Ltd.","corporate environmental responsibility; corporate social responsibility; cost of debt; environmental policy stringency; green institutions","","F.J. González Sánchez; Universidad Complutense, Madrid, Spain; email: fragon18@ucm.es","","John Wiley and Sons Ltd","15353958","","","","English","Corp. Soc. Responsib. Environ. Manage.","Article","Final","All Open Access; Hybrid Gold Open Access","Scopus","2-s2.0-105019202255"
"Ofogbe N.S.; Nnamani C.; Anisiuba C.A.; Ezuwore-Obodoekwe C.N.","Ofogbe, Nyore Sandra (57224813987); Nnamani, Chidiebere (57219359568); Anisiuba, Chika Anastesia (57222553462); Ezuwore-Obodoekwe, Charity Nkeiru (57223978503)","57224813987; 57219359568; 57222553462; 57223978503","THE RELATIONSHIP BETWEEN THE CORPORATE SOCIAL RESPONSIBILITY AND THE COST OF THE CAPITAL OF THE COMPANIES LISTED ON THE NIGERIAN STOCK EXCHANGE","2021","Economic Horizons","23","3","","277","292","0","10.5937/ekonhor2103289O","https://www.scopus.com/inward/record.uri?eid=2-s2.0-85130440277&doi=10.5937%2Fekonhor2103289O&partnerID=40&md5=29f255874bd2677588bca03ecaa3b8f6","University of Nigeria, Faculty of Business Administration, Accountancy Department, Nsukka, Nigeria","Ofogbe N.S., University of Nigeria, Faculty of Business Administration, Accountancy Department, Nsukka, Nigeria; Nnamani C., University of Nigeria, Faculty of Business Administration, Accountancy Department, Nsukka, Nigeria; Anisiuba C.A., University of Nigeria, Faculty of Business Administration, Accountancy Department, Nsukka, Nigeria; Ezuwore-Obodoekwe C.N., University of Nigeria, Faculty of Business Administration, Accountancy Department, Nsukka, Nigeria","This study is aimed at analyzing the influence of Corporate Social Responsibility (CSR) on the Cost of the Capital (CoC) of the companies quoted on the Nigerian Stock Exchange (NSE). The annual panel data of the 32 companies quoted on the NSE pertaining to the period from 2005 to 2019, were judgmentally selected. The Thomson Reuthers Index was used as the measure for CSR, whereas the Cost of Equity (CoE) and the Cost of Debt (CoD) were used as the measure for CoC. The findings revealed the existence of a positive/negative nonsignificant relationship, on the one hand, and a positive/negative significant relationship as well, on the other, between CSR and CoC. The results obtained are supportive of the findings found in scholars’ works, especially those in the developed countries in which this aspect has extensively been explored. To conclude, the companies that spend on CSR have a better chance of accessing capital at a better and low cost. Based absolutely on the findings, the researcher advocates that investment should incessantly be made in the issues concerning CSR, given the fact that, if consistently made, such investment may ease access to funds at a reduced cost. © Faculty of Economics, University of Kragujevac.","corporate social responsibility; cost of capital; cost of debt; cost of equity; Thomson Reuters Index","","N.S. Ofogbe; University of Nigeria, Faculty of Business Administration, Accountancy Department, Nsukka, Nigeria; email: Sandy4pg@gmail.com","","University of Kragujevac - Faculty of Economics","1450863X","","","","English","Econ. Horiz.","Review","Final","All Open Access; Gold Open Access; Green Open Access","Scopus","2-s2.0-85130440277"
"Peng Z.; Anderson H.D.; Chi J.; Liao J.","Peng, Ziwen (60082837400); Anderson, Hamish D. (14062990700); Chi, Jing (15126964100); Liao, Jing (56297588000)","60082837400; 14062990700; 15126964100; 56297588000","Do socially preferred firms disclose more ESG information?","2025","Pacific Accounting Review","","","","","","1","10.1108/PAR-08-2024-0188","https://www.scopus.com/inward/record.uri?eid=2-s2.0-105014981781&doi=10.1108%2FPAR-08-2024-0188&partnerID=40&md5=21f2cde6643b63a23af4a6472ea758be","School of Accountancy, Economics and Finance, Massey University, Palmerston North, New Zealand","Peng Z., School of Accountancy, Economics and Finance, Massey University, Palmerston North, New Zealand; Anderson H.D., School of Accountancy, Economics and Finance, Massey University, Palmerston North, New Zealand; Chi J., School of Accountancy, Economics and Finance, Massey University, Palmerston North, New Zealand; Liao J., School of Accountancy, Economics and Finance, Massey University, Palmerston North, New Zealand","Purpose While research shows “sin” firms voluntarily disclose more social responsibility information, little research examines such practices in socially preferred industries. This study aims to address this gap by contrasting firm-level environmental, social and governance (ESG) information disclosure of New Zealand firms. Design/methodology/approach This study extracts all New Zealand listed companies for which Bloomberg provides ESG data from 2010 to 2023. Besides, this study excludes firms in financial service sector. The final sample contains 52 companies and 514 firm-year observations. Findings This study find that retirement village firms and the healthcare industry whose operations are commonly considered to be socially preferred, disclose less ESG information than firms in other industries. This result remains after a series of robustness tests, including alternative measures and matching samples. The addition of ESG provisions in the 2017 New Zealand Exchange’s (NZX) Corporate Governance Code, female and independent directors have a significantly positive moderating effect on ESG disclosure. In addition, retirement village firms with higher financial constraints increase ESG disclosure. Furthermore, this study finds that increased ESG disclosure enhances market valuation and reduces the cost of debt. Research limitations/implications A natural limitation of this research is its limited sample size, focusing on New Zealand firms, which may limit the generalisability of the findings to other regions with different regulatory and cultural contexts. Practical implications This research suggests that firms in socially preferred industries, like healthcare and retirement villages, may need stronger incentives or guidelines to improve ESG disclosure. Enhancing corporate governance, particularly through independent and female directors, could positively influence ESG transparency, guiding policy and board composition strategies. Social implications The research highlights a potential gap in ESG disclosure among industries. This suggests a need for greater public awareness and advocacy to ensure that even socially favoured sectors are held accountable for their environmental and social impacts, promoting broader corporate responsibility. Originality/value This study contributes to the literature by revealing that socially preferred industries, such as healthcare and retirement villages, may disclose less ESG information than other sectors. It provides novel insights into the role of corporate governance, particularly the influence of female and independent directors, in enhancing ESG transparency. © 2025 Emerald Publishing Limited","Corporate governance; ESG disclosure; Financial constraints; Socially preferred firms","","","","Emerald Publishing","01140582","","","","English","Pacafic Acc. Rev.","Article","Article in press","All Open Access; Hybrid Gold Open Access","Scopus","2-s2.0-105014981781"
"Sakyi-Yeboah E.; Salifu U.P.; Gyamerah S.A.; Boiquaye P.A.","Sakyi-Yeboah, Enoch (57219691563); Salifu, Umoro Pharuk (59898241200); Gyamerah, Samuel Asante (56204199300); Boiquaye, Perpetual Andam (59344567300)","57219691563; 59898241200; 56204199300; 59344567300","Evaluating Nonprice Terms to Ration Microfinance Loans Based on Expected Loan Loss Function","2025","Journal of Applied Mathematics","2025","1","6673908","","","0","10.1155/jama/6673908","https://www.scopus.com/inward/record.uri?eid=2-s2.0-105005190540&doi=10.1155%2Fjama%2F6673908&partnerID=40&md5=1e0d240cdf26a7d73396f0c9ab2954d5","Department of Statistics and Actuarial Science, University of Ghana, Accra, Ghana; Department of Statistics and Actuarial Science, Kwame Nkrumah University of Science and Technology, Kumasi, Ghana; Department of Mathematics, Toronto Metropolitan University, Toronto, ON, Canada","Sakyi-Yeboah E., Department of Statistics and Actuarial Science, University of Ghana, Accra, Ghana; Salifu U.P., Department of Statistics and Actuarial Science, University of Ghana, Accra, Ghana; Gyamerah S.A., Department of Statistics and Actuarial Science, Kwame Nkrumah University of Science and Technology, Kumasi, Ghana, Department of Mathematics, Toronto Metropolitan University, Toronto, ON, Canada; Boiquaye P.A., Department of Statistics and Actuarial Science, University of Ghana, Accra, Ghana","Microfinance institutions (MFIs) play a unique role in the financial sector, using an alternative financial intermediation system (business model) to provide banking services to the marginalized. This is particularly important in areas where collateral-based conventional banking could be more effective. Thus, access to financial services, particularly microfinance loans, is crucial for developing small and medium-sized enterprises (SMEs), especially in rural areas where traditional banking services may be inaccessible. The objectives of this study are to investigate the extent to which factors other than interest rates impact microfinance loan allocation, evaluate the acceptable level of expected loan loss (ELL) that banks can tolerate without compromising financial stability, and explore how banks strategically allocate assets to risky loans under uncertain market conditions. The results from the ELL function indicated that varying risk profiles significantly influenced sensitivity to changes in loan size. This, in turn, affected the institution’s risk sensitivity and tolerance levels at each branch or with each loan product, thereby aiding in the appropriate loan allocation. The recommendations based on the studies include using nonprice terms, loan evaluations, and strengthening branch-level decision-making by empowering branch managers with the necessary tools and training to make decisions that reflect the local context and specific loan products. Copyright © 2025 Enoch Sakyi-Yeboah et al. Journal of Applied Mathematics published by John Wiley & Sons Ltd.","banking; expected loan loss function; microfinancing; small and medium-sized enterprises; sustainable development goals","Sensitivity analysis; Strategic planning; Banking services; Business models; Expected loan loss function; Financial sectors; Financial service; Interest rates; Loss functions; Microfinance; Microfinancing; Small and medium-sized enterprise; Decision making","P.A. Boiquaye; Department of Statistics and Actuarial Science, University of Ghana, Accra, Ghana; email: psandam@ug.edu.gh; S.A. Gyamerah; Department of Statistics and Actuarial Science, Kwame Nkrumah University of Science and Technology, Kumasi, Ghana; email: asante.gyamerah@torontomu.ca","","John Wiley and Sons Ltd","1110757X","","","","English","J. Appl. Math.","Article","Final","All Open Access; Gold Open Access; Green Open Access","Scopus","2-s2.0-105005190540"
"Zhu N.; Khan T.M.; Khan T.","Zhu, Naiping (36987290300); Khan, Talat Mehmood (57216390390); Khan, Tehmina (54882581500)","36987290300; 57216390390; 54882581500","The influential ambit of optimal corporate social responsibility investments on the cost of capital in Chinese private firms","2024","Sustainable Development","32","5","","5090","5103","4","10.1002/sd.2949","https://www.scopus.com/inward/record.uri?eid=2-s2.0-85187487607&doi=10.1002%2Fsd.2949&partnerID=40&md5=bda0286789e0c60fe9866a5e04ffdf6c","School of Finance and Economics, Jiangsu University, Zhenjiang, China; School of Accounting, Information Systems and Supply Chain, College of Business, RMIT University, Melbourne, VIC, Australia","Zhu N., School of Finance and Economics, Jiangsu University, Zhenjiang, China; Khan T.M., School of Finance and Economics, Jiangsu University, Zhenjiang, China; Khan T., School of Accounting, Information Systems and Supply Chain, College of Business, RMIT University, Melbourne, VIC, Australia","Private firms in China are contributing immensely to the country's economic growth. However, increasing the capital cost of private firms in China is a big challenge that needs to be addressed. This study intends to examine the role of optimal corporate social responsibility (CSR) investment while lowering the cost of equity capital and debt capital in Chinese private firms. In addition, this research study reveals the moderating role of state-owned shares in the association between CSR and private firms' capital costs. By taking a sample of Chinese private firms from 2011 to 2021, this study employs the CSR optimization method. The findings show that CSR optimization tends to reduce the cost of equity capital and debt capital in Chinese private firms. Further investigation shows that over-investment in CSR increases the cost of capital. Moreover, an increase in state-owned shares strengthens the negative relationship between the cost of debt capital and optimal CSR investments. The present study's findings are helpful for Chinese firms to undertake optimal CSR investment. © 2024 ERP Environment and John Wiley & Sons Ltd.","cost of debt; cost of equity; CSR over-investment; optimal CSR; state-owned shares","China; capital; corporate social responsibility; cost analysis; debt crisis; firm size; investment","T.M. Khan; School of Finance and Economics, Jiangsu University, Zhenjiang, China; email: khan113tallat@yahoo.com","","John Wiley and Sons Ltd","09680802","","","","English","Sustainable Dev.","Article","Final","All Open Access; Bronze Open Access","Scopus","2-s2.0-85187487607"
"Wang Y.; Tian H.","Wang, Yuanyuan (60341901700); Tian, Hongping (60341719100)","60341901700; 60341719100","Does green factory certification mitigate corporate downside risk? Evidence from China listed companies","2026","International Review of Economics and Finance","105","","104901","","","0","10.1016/j.iref.2026.104901","https://www.scopus.com/inward/record.uri?eid=2-s2.0-105028020143&doi=10.1016%2Fj.iref.2026.104901&partnerID=40&md5=51521f9d77e029de228b3f842deecb57","School of Economics, Guangzhou College of Commerce, Guangzhou, China; School of Business, Central South University, Changsha, China","Wang Y., School of Economics, Guangzhou College of Commerce, Guangzhou, China; Tian H., School of Business, Central South University, Changsha, China","Global green transition has emerged as a central challenge for sustainable development, and the associated economic risks in this process require close attention. Using data from China's A-share listed companies from 2010 to 2023, this study employs a staggered Difference-in-Differences (DID) approach to examine the impact of Green Factory certification on corporate downside risk. The results indicate that: first, Green Factory certification significantly mitigates firms' downside risk. This finding remains robust after a series of tests including parallel trend tests, placebo tests, and controls for heterogeneous treatment effects and sample selection issues. Second, mechanism analyses reveal that the certification reduces downside risk primarily by lowering debt financing costs, enhancing ESG performance, and promoting green technology innovation. Third, heterogeneity analysis shows that the risk-mitigating effect is more pronounced in non-state-owned enterprises, firms facing fewer financing constraints, and those operating in highly competitive markets. This study offers empirical evidence from China on preventing and mitigating micro-level economic risks during the green transition. © 2026 The Authors.","Debt cost; Downside risk; ESG; Green factories; Green innovation","","Y. Wang; School of Economics, Guangzhou College of Commerce, Guangzhou, China; email: yuanyuanwang_2020@163.com","","Elsevier Inc.","10590560","","","","English","Int. Rev. Econ. Financ.","Article","Final","All Open Access; Gold Open Access; Green Open Access","Scopus","2-s2.0-105028020143"
"Wang H.; Chang H.; Wu K.-S.","Wang, Hua (57205395731); Chang, Haodong (57206185943); Wu, Kun-Shan (7404512553)","57205395731; 57206185943; 7404512553","U-shaped relationships between corporate carbon performance and cost of debt: Evidence of China","2025","Corporate Social Responsibility and Environmental Management","32","1","","465","480","3","10.1002/csr.2953","https://www.scopus.com/inward/record.uri?eid=2-s2.0-85203555161&doi=10.1002%2Fcsr.2953&partnerID=40&md5=4c0467524a9306a72a938bf49149540f","School of Accounting, Zhongnan University of Economics and Law, Wuhan, China; Department of Business Administration, Tamkang University, Taipei, Taiwan","Wang H., School of Accounting, Zhongnan University of Economics and Law, Wuhan, China; Chang H., School of Accounting, Zhongnan University of Economics and Law, Wuhan, China; Wu K.-S., Department of Business Administration, Tamkang University, Taipei, Taiwan","The increasing environmental pressures and sustainability targets have necessitated organizations to actively adopting carbon-efficiency practices, thereby, emphasize key stakeholders' increasing awareness of the decarbonization projects in their decision-making. This paper seeks insights into whether and how corporate carbon performance (CCP) initiatives affect cost of debt (COD). Using a sample of publicly listed firms in China that disclosed carbon emissions from 2018 to 2022, this research verifies the U-shaped CCP–COD relationship. Furthermore, information asymmetric moderates the U-shaped CCP–COD relationship, with lower information asymmetric flattening the shape of the U-shaped curve. Overall, the existence of a non-linear pattern reconciles the extant inconsistent evidence that suggests either a positive or a negative CCP–COD linkage. This research provides comprehensive evidence that CCP implementations, while motived by ethical intention, can have a double-edged effect. These findings are pertinent to corporate stakeholders and governmental policymakers concerning the consequences of carbon-related activities of their organizations. © 2024 ERP Environment and John Wiley & Sons Ltd.","corporate carbon performance; cost of debt financing; double-edged effect; information asymmetric; U-shaped","","K.-S. Wu; Department of Business Administration, Tamkang University, New Taipei, No.151, Yingzhuan Rd., Tamsui Dist, 251301, Taiwan; email: kunshan@mail.tku.edu.tw","","John Wiley and Sons Ltd","15353958","","","","English","Corp. Soc. Responsib. Environ. Manage.","Article","Final","","Scopus","2-s2.0-85203555161"
"Bae J.-C.; Rong X.; Kim M.-I.; Cheng S.","Bae, Jin-Cheol (57194279946); Rong, Xiyu (57808741300); Kim, Myung-In (36008430100); Cheng, Shi (57809303600)","57194279946; 57808741300; 36008430100; 57809303600","Does CSR Affect the Impact of Real Earnings Management on the Cost of Debt?","2022","Journal of Global Business and Trade","18","3","","41","60","3","10.20294/jgbt.2022.18.3.41","https://www.scopus.com/inward/record.uri?eid=2-s2.0-85134361615&doi=10.20294%2Fjgbt.2022.18.3.41&partnerID=40&md5=97cd48835513de7a64905bc97a5de6fe","College of Business Administration, Inha University, South Korea","Bae J.-C., College of Business Administration, Inha University, South Korea; Rong X., College of Business Administration, Inha University, South Korea; Kim M.-I., College of Business Administration, Inha University, South Korea; Cheng S., College of Business Administration, Inha University, South Korea","Purpose – We explore how corporate social responsibility (CSR) plays a role in the debt market when companies engage in real earnings management. Specifically, we analyze the cost of capital of a company with real earnings management as measured by abnormally operating cash flows, abnormally production costs and discretionary expenditures, and examine the role of CSR in the relationship. Design/Methodology/Approach – The analysis sample is for Chinese publicly listed companies, the data were obtained from China Stock Market and Accounting Research (CSMAR), and the CSR data were collected from the Hexun database. We implemented OLS regression analysis by setting the proxies of real earnings management as dependent variable, cost of debt capital as a dependent variable, and CSR as a moderating variable. Findings – Our empirical results show that real earnings management significantly increases the cost of debt after controlling for discretionary accruals, another proxy variable for earnings management. Especially, we find that corporate social responsibility weakens the negative impact of real earnings management on the cost of debt. Research Implications – This study provides evidence that corporate social responsibility plays a significant role in mitigating the adverse impact of real earnings management on the debt market. Therefore, creditors in the debt market need to be more cautious in assessing the impact of real earnings management that may be underestimated due to high CSR performance. © 2022 International Academy of Global Business and Trade. All rights reserved.","corporate social responsibility; cost of debt; real earnings management","","M.-I. Kim; College of Business Administration, Inha University, South Korea; email: mikim21@inha.ac.kr","","International Academy of Global Business and Trade","19465130","","","","English","J. Glob. Bus. Trade.","Article","Final","","Scopus","2-s2.0-85134361615"
"Nguyen H.C.; Duong H.K.","Nguyen, Huu Cuong (55799942300); Duong, Hien Khanh (59515088000)","55799942300; 59515088000","The impact of sustainability reporting on the cost of capital: evidence from Vietnam’s listed companies","2025","Journal of Financial Reporting and Accounting","","","","","","9","10.1108/JFRA-09-2024-0642","https://www.scopus.com/inward/record.uri?eid=2-s2.0-85216311830&doi=10.1108%2FJFRA-09-2024-0642&partnerID=40&md5=1bf94b957082648c025bcfbe6cb67ecb","Faculty of Accounting, University of Economics – The University of Da Nang, Da Nang, Viet Nam","Nguyen H.C., Faculty of Accounting, University of Economics – The University of Da Nang, Da Nang, Viet Nam; Duong H.K., Faculty of Accounting, University of Economics – The University of Da Nang, Da Nang, Viet Nam","Purpose: This study aims to investigate the relationship between sustainability reporting and the cost of capital among Vietnamese firms using the Global Reporting Initiative (GRI) standards. Design/methodology/approach: Using a sample of the 100 largest firms by market capitalisation listed on the Hanoi and Ho Chi Minh stock exchanges as of 31 December 2023, this study applies regression models to examine how sustainability disclosure influences the cost of debt (COD), cost of equity (COE) and the weighted average cost of capital (WACC) over the period from 2021 to 2023. Findings: The findings indicate a significant negative relationship between sustainability disclosure and the COD, COE and WACC, with environmental-related sustainability development goals (SDGs) disclosures having the most substantial impact. These results highlight the critical role of transparency in reducing information asymmetry and agency costs, ultimately lowering the cost of capital. Research limitations/implications: This study extends stakeholder and signalling theories by demonstrating how sustainability disclosure affects both shareholders and creditors in a developing economy. Practical implications: This study provides actionable insights for corporate managers and financial institutions on how sustainable development practices can enhance access to capital at more favourable rates. Policymakers and banks are encouraged to implement green finance initiatives to promote sustainability further. Social implications: As Vietnam strives to combat climate change, this research underscores the importance of sustainable practices in building trust with investors and lenders. Originality/value: To the best of the authors’ knowledge, this study offers one of the first comprehensive examinations of the link between sustainability reporting and capital costs in Vietnam, offering important empirical evidence for academics and practitioners. © 2025, Emerald Publishing Limited.","Cost of capital; Cost of debt; Cost of equity; Sustainability disclosure; WACC","","H.C. Nguyen; Faculty of Accounting, University of Economics – The University of Da Nang, Da Nang, Viet Nam; email: cuonghien@due.edu.vn","","Emerald Publishing","19852517","","","","English","J. Financ.  Rep.  Account.","Article","Article in press","","Scopus","2-s2.0-85216311830"
"Grishunin S.; Bukreeva A.; Suloeva S.; Burova E.","Grishunin, Sergei (56990074700); Bukreeva, Alesya (57459693300); Suloeva, Svetlana (56989829400); Burova, Ekaterina (57191413698)","56990074700; 57459693300; 56989829400; 57191413698","Analysis of Yields and Their Determinants in the European Corporate Green Bond Market","2023","Risks","11","1","14","","","26","10.3390/risks11010014","https://www.scopus.com/inward/record.uri?eid=2-s2.0-85146563321&doi=10.3390%2Frisks11010014&partnerID=40&md5=5ed3275c6031ddb04bdfe7d7c24268ba","School of Finance, Faculty of Economics, HSE University, Pokrovsky Boulevard, 11, Moscow, 109028, Russian Federation; Graduate School of Industrial Economics, Institute of Industrial Management, Economics and Trade, Peter the Great St. Petersburg Polytechnic University, Polytechnicheskaya Str., 29 Academic Building #3, St. Petersburg, 195251, Russian Federation","Grishunin S., School of Finance, Faculty of Economics, HSE University, Pokrovsky Boulevard, 11, Moscow, 109028, Russian Federation; Bukreeva A., School of Finance, Faculty of Economics, HSE University, Pokrovsky Boulevard, 11, Moscow, 109028, Russian Federation; Suloeva S., Graduate School of Industrial Economics, Institute of Industrial Management, Economics and Trade, Peter the Great St. Petersburg Polytechnic University, Polytechnicheskaya Str., 29 Academic Building #3, St. Petersburg, 195251, Russian Federation; Burova E., Graduate School of Industrial Economics, Institute of Industrial Management, Economics and Trade, Peter the Great St. Petersburg Polytechnic University, Polytechnicheskaya Str., 29 Academic Building #3, St. Petersburg, 195251, Russian Federation","The green bond market helps to mobilize financial sources toward sustainable investments. Green bonds are similar to conventional bonds but are specifically designed to raise money to finance environmental projects. The feature of green bonds is the existence of greenium, or the lower yield compared to “conventional” bonds of the same risk. The relevance of the paper is underpinned by the mixed evidence on the existence of ‘greenium’, especially in corporate green bond markets; there has been limited research on the topic and a narrow focus on global, US, or Chinese green bond markets. Instead, the greenium in European debt markets remains underexplored. The objective of this study is to investigate the existence of greenium and its key determinants in European corporate debt capital markets, including the local markets of the United Kingdom (UK), France, Netherlands, and Germany. The sample included 3851 corporate bonds, both green and conventional ones, between 2007 and 2021 from 33 European countries. Linear regression was applied for the analysis. The results show that the climate corporate bonds in Europe are priced at a discount to the same-risk conventional corporate bonds. The magnitude of greenium is around 3 bps. Determinants of greenium include the presence of an ESG rating and belonging to the utility and financial industry. The remaining drivers of bond yields in the European corporate debt market are the credit quality (expressed by the level of credit rating), the coupon size, the bond tenor, the market liquidity, and macroeconomic variables (growth of gross domestic product and consumer price index). For the local corporate debt markets, our results are controversial. In all markets under consideration except for the UK and the Netherlands, we did not find sustainable evidence of greenium. The results of the research lead to a better understanding of the green bond market for investors, researchers, regulators, and potential issuing companies. © 2023 by the authors.","ESG; European corporate green bond market; green bonds; greenium; sustainable development; yield determinants","","E. Burova; Graduate School of Industrial Economics, Institute of Industrial Management, Economics and Trade, Peter the Great St. Petersburg Polytechnic University, St. Petersburg, Polytechnicheskaya Str., 29 Academic Building #3, 195251, Russian Federation; email: burova_ev@spbstu.ru","","MDPI","22279091","","","","English","Risks","Article","Final","All Open Access; Gold Open Access; Green Open Access","Scopus","2-s2.0-85146563321"
"Jiang D.; Ni Z.; Chen Y.; Chen X.; Na C.","Jiang, Dongshu (58042835500); Ni, ZhiXing (58042541300); Chen, Yuxiu (58042972900); Chen, Xue (57883861900); Na, Chaohong (56480196800)","58042835500; 58042541300; 58042972900; 57883861900; 56480196800","Influence of Financial Shared Services on the Corporate Debt Cost under Digitalization","2023","Sustainability (Switzerland)","15","1","428","","","8","10.3390/su15010428","https://www.scopus.com/inward/record.uri?eid=2-s2.0-85145612201&doi=10.3390%2Fsu15010428&partnerID=40&md5=950c5fedf9a6f526dc310b7e9b7e4429","Business School, Yunnan University of Finance and Economics, Kunming, 650221, China; School of Accounting, Yunnan University of Finance and Economics, Kunming, 650221, China","Jiang D., Business School, Yunnan University of Finance and Economics, Kunming, 650221, China; Ni Z., Business School, Yunnan University of Finance and Economics, Kunming, 650221, China; Chen Y., School of Accounting, Yunnan University of Finance and Economics, Kunming, 650221, China; Chen X., School of Accounting, Yunnan University of Finance and Economics, Kunming, 650221, China; Na C., School of Accounting, Yunnan University of Finance and Economics, Kunming, 650221, China","Information technologies such as big data and artificial intelligence promote the development of the digital economy, accelerate the digital transformation of enterprises, and continuously facilitate the reform of enterprise production, organization, and management. This study takes Chinese A-share listed companies on the Shanghai and Shenzhen stock exchanges as a sample to examine the influence of financial shared services on the corporate debt cost under the digitalization background based on the perspectives of stakeholders such as creditors, shareholders, and society. This study found that financial sharing can reduce the corporate debt cost. The path mechanism test finds that financial sharing reduces the corporate debt cost mainly by improving the quality of corporate accounting information and decreasing financial risk. The result shows that the effect of financial sharing on reducing the corporate debt cost is positively moderated by enterprise digitalization. Further analysis based on the stakeholder perspective shows that the effect of financial shared services on reducing the corporate debt cost is enhanced by the equity balance and social responsibility fulfillment. The findings provide insights and evidence on how to use financial shared services to improve debt management and enhance creditor protection in the digital context. © 2022 by the authors.","corporate debt cost; corporate social responsibility; digitalization; financial shared services","China; Guangdong; Shanghai; Shenzhen; artificial intelligence; corporate social responsibility; cost; debt; digitization; financial services; information technology; stock market","X. Chen; School of Accounting, Yunnan University of Finance and Economics, Kunming, 650221, China; email: 201803110020@stu.ynufe.edu.cn; C. Na; School of Accounting, Yunnan University of Finance and Economics, Kunming, 650221, China; email: chna@ynufe.edu.cn","","MDPI","20711050","","","","English","Sustainability","Article","Final","All Open Access; Gold Open Access; Green Open Access","Scopus","2-s2.0-85145612201"
"Ariefianto M.D.; Rahmansyah F.; Wijaya V.; Audreane V.","Ariefianto, Moch. Doddy (56595199400); Rahmansyah, Fitriani (59391650600); Wijaya, Valencia (60328259600); Audreane, Viary (59391995800)","56595199400; 59391650600; 60328259600; 59391995800","The Role of Environment Social and Governance (ESG) Score To Cost of Debt: Evidence From ASEAN Countries*","2025","International Journal of Finance and Economics","30","3","","3031","3043","2","10.1002/ijfe.3056","https://www.scopus.com/inward/record.uri?eid=2-s2.0-85207893929&doi=10.1002%2Fijfe.3056&partnerID=40&md5=ffa39d5d97293cb10976e75852547c79","Finance Program Accounting Department, School of Accounting, Bina Nusantara University, Jakarta, Indonesia","Ariefianto M.D., Finance Program Accounting Department, School of Accounting, Bina Nusantara University, Jakarta, Indonesia; Rahmansyah F., Finance Program Accounting Department, School of Accounting, Bina Nusantara University, Jakarta, Indonesia; Wijaya V., Finance Program Accounting Department, School of Accounting, Bina Nusantara University, Jakarta, Indonesia; Audreane V., Finance Program Accounting Department, School of Accounting, Bina Nusantara University, Jakarta, Indonesia","Environmental social governance (ESG) disclosure has become an increasingly important component in determining a company's financing cost (cost of debt-CoD). This phenomenon could be attributed to company reputation development and the rise of socially responsible investing. We contribute to the existing literature by investigating further the causality process of ESG scores to the reduction of CoD particularly in nonfinancial companies in one of the most dynamic world regions: Association of Southeast Asian Nations (ASEAN). To meet our research objective; we applied difference-in-difference analysis to a dataset of 135 nonfinancial companies (that published ESG score in Bloomberg) from 6 ASEAN countries, using annual frequency data from 2012 to 2021 (1350 observations). We found that ESG does reduce CoD in the range of 21.3% (measured by interest expense) to 27.7% (measured by credit spread). Our finding is quite solid under an array of robustness checks. © 2024 John Wiley & Sons Ltd.","ASEAN; cost of debt; difference-in-difference; ESG score; nonfinancial companies","Southeast Asia; ASEAN; cost; debt; environmental economics","F. Rahmansyah; Finance Program Accounting Department, School of Accounting, Bina Nusantara University, Jakarta, Indonesia; email: fitriani.rahmansyah@binus.ac.id","","John Wiley and Sons Ltd","10769307","","","","English","Int. J. Financ. Econ.","Article","Final","","Scopus","2-s2.0-85207893929"
"Carey P.; Khan A.; Mihret D.G.; Muttakin M.B.","Carey, Peter (14833814100); Khan, Arifur (55473402600); Mihret, Dessalegn G. (55662971000); Muttakin, Mohammad B. (55218130200)","14833814100; 55473402600; 55662971000; 55218130200","Voluntary sustainability assurance, capital constraint and cost of debt: International evidence","2021","International Journal of Auditing","25","2","","351","372","46","10.1111/ijau.12223","https://www.scopus.com/inward/record.uri?eid=2-s2.0-85102123304&doi=10.1111%2Fijau.12223&partnerID=40&md5=8a0c47b09b32803107d1789771afe2e3","Department of Accounting, Deakin University, Geelong, VIC, Australia; Department of Accounting, RMIT University, Melbourne, VIC, Australia","Carey P., Department of Accounting, Deakin University, Geelong, VIC, Australia; Khan A., Department of Accounting, Deakin University, Geelong, VIC, Australia; Mihret D.G., Department of Accounting, RMIT University, Melbourne, VIC, Australia; Muttakin M.B., Department of Accounting, Deakin University, Geelong, VIC, Australia","We examine whether a firm's voluntary purchase of sustainability assurance is associated with reduced capital constraint and lower cost of debt. We also explore the effect of assurance provider (accountant/non-accountant) and a country's level of investor protection/creditor rights, on this association. Using a panel dataset drawn from an international sample, we find that voluntary purchase of sustainability assurance is negatively associated with both capital constraint and cost of debt. The associations are stronger for accounting firm providers than non-accounting assurers. Further, the effect is stronger for firms operating in low investor protection (creditor rights) settings suggesting that voluntary sustainability assurance is valued in a context generally characterized by greater information asymmetry. Findings provide evidence that firms derive a financing benefit from voluntary sustainability assurance, and the benefit is sensitive to the profile of the sustainability assurance provider and the institutional environment in which the firm operates. © 2021 John Wiley & Sons Ltd","capital constraint; cost of debt; information asymmetry; investor protection; sustainability assurance; sustainability report","","M.B. Muttakin; Department of Accounting, Deakin University, Geelong, Australia; email: m.muttakin@deakin.edu.au","","John Wiley and Sons Inc","10906738","","","","English","Int. J. Audit.","Article","Final","","Scopus","2-s2.0-85102123304"
"Priem R.; Gabellone A.","Priem, Randy (56850218400); Gabellone, Andrea (58845162200)","56850218400; 58845162200","The impact of a firm’s ESG score on its cost of capital: can a high ESG score serve as a substitute for a weaker legal environment","2024","Sustainability Accounting, Management and Policy Journal","15","3","","676","703","53","10.1108/SAMPJ-05-2023-0254","https://www.scopus.com/inward/record.uri?eid=2-s2.0-85183127337&doi=10.1108%2FSAMPJ-05-2023-0254&partnerID=40&md5=4619c84e0d317ebe97469b641ae7d746","UBI Business School, Brussel, Belgium","Priem R., UBI Business School, Brussel, Belgium; Gabellone A., UBI Business School, Brussel, Belgium","Purpose: This article aims to analyse the relationship between the environmental, social and governance (ESG) score and the cost of capital of 600 large, mid and small capitalization companies across 17 countries that are component of the EURO STOXX 600 Index. By examining whether ESG has an impact on the cost of capital, this article contributes to the solutions to improve the impact of organizations and societies on sustainable development. The article further examines whether the effect is because of the environmental, social and/or governance components. In addition, the article analyses which WACC component (i.e. the cost of equity, the cost of debt, the beta or the leverage ratio) is affected. Furthermore, this article analyses whether a high ESG score can substitute for a weaker legal environment. Design/methodology/approach: The results were obtained by using ordinary least squares panel data modelling to analyse the relationship between the ESG score and the cost of capital. The sample consists of companies that are part of the STOXX Europe 600 Index over the period 2018–2021, which is composed of 600 companies, including large, mid and small capitalization firms listed across 17 countries. The sample finally includes 1,960 firm-year observations. Findings: Companies with a higher ESG score tend to have a lower cost of capital, but this relationship holds only for firms domiciled in countries with a weaker legal environment. In addition, these firms should not only increase their ESG score to create a more sustainable environment but also to reduce their cost of debt. Environmental and social factors have a significantly negative impact on the cost of capital only in countries with a weaker legal environment, while the governance component positively impacts the cost of capital by allowing firms to borrow more. Research limitations/implications: There is not yet a standardized taxonomy to define ESG, making the study dependent on commercial data providers. Practical implications: The new insights can be used by companies domiciled in countries with weaker legal environments to reduce their cost of capital. The results also allow us to know on which components of the ESG score to focus. It can also help policymakers, specifically those in countries with a weaker legal environment, to provide incentives to further stimulate ESG investments and disclosure, thereby contributing to a more sustainable society. Social implications: To achieve the sustainable development goals put forward by the United Nations, it is important for firms to invest in ESG projects. It is nevertheless insightful to know whether these ESG investments, which are currently observed as a cost, also provide benefits to firms and in which countries. If firms clearly see the advantages of investing in ESG projects, they are likely to proactively engage in them. Originality/value: This article is the first, to the best of the authors’ knowledge, to focus on 17 European countries, thereby capturing divergent legal environments. This setting allows us to answer the main novel research question, namely, whether the ESG score can act as a substitute for the legal environment in which the company is domiciled. The article also goes further than previous articles by examining whether the effect is because of the environmental, social and/or governance component and whether these impact the components of the weighted cost of capital, namely, the cost of equity, the cost of debt, the beta or the leverage ratio of the companies. © 2024, Emerald Publishing Limited.","Capital structures; Cost of capital; ESG; Sustainable finance","","R. Priem; UBI Business School, Brussel, Belgium; email: randy.priem@ubi.edu","","Emerald Publishing","20408021","","","","English","Sustainability Account. Manage. Policy J.","Article","Final","","Scopus","2-s2.0-85183127337"
"Accinelli E.; Giombini G.; Muñiz H.; Owen L.; Policardo L.; Carrera E.J.S.","Accinelli, E. (14027808500); Giombini, G. (16199523200); Muñiz, H. (57222071710); Owen, L. (57211347825); Policardo, L. (56465971100); Carrera, E.J. Sánchez (60146288200)","14027808500; 16199523200; 57222071710; 57211347825; 56465971100; 60146288200","On the game of going green: How do consumers, firms, and banks struggle to escape environmental traps?","2025","European Economic Review","180","","105157","","","0","10.1016/j.euroecorev.2025.105157","https://www.scopus.com/inward/record.uri?eid=2-s2.0-105019050702&doi=10.1016%2Fj.euroecorev.2025.105157&partnerID=40&md5=67bc720c54019c980c54ffc7131e0413","Facultad de Economía de la UASLP, Mexico; Department of Economics, Society, and Politics, University of Urbino Carlo Bo, Italy; Center for Mathematics and Society, Faculty of Science, Parahyangan Catholic University, Bandung, Indonesia; Italian Ministry of Labor and Social Policies, Rome, Italy; Department of Economics and Management, University of Florence, Italy; Research Fellow at the Applied Mathematics Research Center, CIMA UAdeC, Mexico","Accinelli E., Facultad de Economía de la UASLP, Mexico; Giombini G., Department of Economics, Society, and Politics, University of Urbino Carlo Bo, Italy; Muñiz H., Facultad de Economía de la UASLP, Mexico; Owen L., Center for Mathematics and Society, Faculty of Science, Parahyangan Catholic University, Bandung, Indonesia; Policardo L., Italian Ministry of Labor and Social Policies, Rome, Italy; Carrera E.J.S., Department of Economics and Management, University of Florence, Italy, Research Fellow at the Applied Mathematics Research Center, CIMA UAdeC, Mexico","This paper analyzes the complex interactions between consumers, firms, and banks within an evolutionary game model to understand pathways to green sustainability or environmental traps. Our dynamic model examines how individual decisions – consumers choosing green or brown products, firms investing in eco-friendly technologies or paying environmental taxes, and banks offering preferential loan rates for green initiatives – influence broader outcomes. Our findings indicate that environmental traps emerge when there are no initial green consumers in the economy. A steady state in which all consumers, firms, and banks adopt green strategies arises when banks’ net gains from green consumers exceed the cost differential between green and brown firms. This cost differential is determined by the loans offered to each type of firm, weighted by their respective interest rates. Thus, if citizens show strong green preferences and monetary policy provides sufficiently preferential interest rates for green investments, the economy will eventually stabilize in green equilibrium, ensuring environmental sustainability. Numerical simulations support the analytical findings and demonstrate how different values of the model’s parameters can lead to an environmentally responsible economic system against environmental traps. © 2025 The Authors.","Behavioral macroeconomics; Environmental traps; Evolutionary games; Green consumption; Green finance","banking; consumption behavior; environmental economics; environmental tax; finance; financial provision; game theory; green economy; interest rate; macroeconomics; monetary policy","E.J.S. Carrera; Department of Economics and Management, University of Florence, Italy; email: edgar.sanchez@unifi.it","","Elsevier B.V.","00142921","","","","English","Eur. Econ. Rev.","Article","Final","All Open Access; Green Open Access; Hybrid Gold Open Access","Scopus","2-s2.0-105019050702"
"Fandella P.; Sergi B.S.; Sironi E.","Fandella, Paola (57760647600); Sergi, Bruno S. (35369323900); Sironi, Emiliano (39862204200)","57760647600; 35369323900; 39862204200","Corporate social responsibility performance and the cost of capital in BRICS countries. The problem of selectivity using environmental, social and governance scores","2023","Corporate Social Responsibility and Environmental Management","30","4","","1712","1722","64","10.1002/csr.2447","https://www.scopus.com/inward/record.uri?eid=2-s2.0-85146309237&doi=10.1002%2Fcsr.2447&partnerID=40&md5=75790836fdd734b6d7059b41c53509db","Department of Economics and Business Management Sciences, Università Cattolica del Sacro Cuore, Milan, Italy; Davis Center for Russian and Eurasian Studies, Harvard University, Cambridge, MA, United States; Department of Economics, University of Messina, Messina, Italy; Department of Statistical Science, Università Cattolica del Sacro Cuore, Milan, Italy","Fandella P., Department of Economics and Business Management Sciences, Università Cattolica del Sacro Cuore, Milan, Italy; Sergi B.S., Davis Center for Russian and Eurasian Studies, Harvard University, Cambridge, MA, United States, Department of Economics, University of Messina, Messina, Italy; Sironi E., Department of Statistical Science, Università Cattolica del Sacro Cuore, Milan, Italy","The paper aims to test whether corporate social responsibility (CSR) performance affects the costs of debt, equity, and a weighted average of those two components in BRICS countries. Theoretically, a decline in the cost of capital is linked to a decrease in the firm risk. We measure CSR performance using the environmental, social, and governance (ESG) combined score from the Thomson Reuters EIKON database for non-financial enterprises between 2014 and 2019. A panel regression analysis has been run in order to test whether (1) the inclusion in the ESG combined ranking or (2) the level of the scores for ESG combines is linked to a decline in the cost of capital. Empirical evidence suggests that the level of the ESG combined score does not affect the firm's financial risk. Inclusion in the ESG combined index decreases the cost of equity and the average cost of capital instead. Firms that received an ESG combined score pay lower returns to investors. © 2023 The Authors. Corporate Social Responsibility and Environmental Management published by ERP Environment and John Wiley & Sons Ltd.","BRICS; corporate social responsibility; cost of capital; ESG; selectivity; sustainable development","","E. Sironi; Department of Statistical Science, Università Cattolica del Sacro Cuore, Milan, Largo Gemelli 1, 20123, Italy; email: emiliano.sironi@unicatt.it","","John Wiley and Sons Ltd","15353958","","","","English","Corp. Soc. Responsib. Environ. Manage.","Article","Final","All Open Access; Green Open Access; Hybrid Gold Open Access","Scopus","2-s2.0-85146309237"
"Chi W.; Wu S.-J.; Zheng Z.","Chi, Wuchun (35217673800); Wu, Shing-Jen (55495122700); Zheng, Zhen (55632738200)","35217673800; 55495122700; 55632738200","Determinants and consequences of voluntary corporate social responsibility disclosure: Evidence from private firms","2020","British Accounting Review","52","6","100939","","","64","10.1016/j.bar.2020.100939","https://www.scopus.com/inward/record.uri?eid=2-s2.0-85089297939&doi=10.1016%2Fj.bar.2020.100939&partnerID=40&md5=2cfa5938d4a2883e3cc6cc3f3064b192","Department of Accounting, National Chengchi University, Taiwan; Department of Accounting, Soochow University, Taiwan; School of Management & Center for Accounting Studies, Xiamen University, China","Chi W., Department of Accounting, National Chengchi University, Taiwan; Wu S.-J., Department of Accounting, Soochow University, Taiwan; Zheng Z., School of Management & Center for Accounting Studies, Xiamen University, China","We examine whether and how private firms differ from public firms in determining corporate social responsibility (CSR) disclosure policies. We document that private firms are less likely to issue CSR reports compared with their public peers. Adopting a bivariate probit model that accommodates partial observability, we find that the effect is mainly driven by a supply-side force rather than a demand-side force. From a debtholder-oriented perspective, while public firms enjoy more favorable credit ratings and a lower cost of debt due to CSR disclosure, private firms do not reap similar benefits from CSR disclosure. Corporate governance and CSR assurance alleviate debtholders' concern on private firms’ engagements in CSR. © 2020 British Accounting Association","Corporate social responsibility (CSR) disclosure; Cost of debt; Credit ratings; Demand and supply of CSR disclosure; Private firms","","Z. Zheng; School of Management & Center for Accounting Studies, Xiamen University, China; email: zhenzheng@xmu.edu.cn","","Academic Press","08908389","","","","English","Br. Account. Rev.","Article","Final","","Scopus","2-s2.0-85089297939"
"Wang K.-Y.; Lin Y.-L.; Tsai R.-C.","Wang, Kuei-Yuan (35423131600); Lin, Ying-Li (55267992300); Tsai, Ruei-Chen (59984886200)","35423131600; 55267992300; 59984886200","The Impact of ESG Firms and Greenwashing Firms on Cost of Debt","2025","Lecture Notes on Data Engineering and Communications Technologies","259","","","338","347","0","10.1007/978-3-031-96093-2_33","https://www.scopus.com/inward/record.uri?eid=2-s2.0-105010252708&doi=10.1007%2F978-3-031-96093-2_33&partnerID=40&md5=9c57a7ee96b0b0e61a432a4026ff2478","Department of Finance, Asia University, Taichung, Taiwan","Wang K.-Y., Department of Finance, Asia University, Taichung, Taiwan; Lin Y.-L., Department of Finance, Asia University, Taichung, Taiwan; Tsai R.-C., Department of Finance, Asia University, Taichung, Taiwan","This study established its own greenwashing behavior indicators with reference to the KLD database and used regression analysis to explore the impact of ESG firms and greenwashing firms on cost of debt. The empirical results show that the impact of ESG firms on cost of debt is not significant, and the effect of greenwashing firms on cost of debt is also not significant. This empirical result means that when banks provide financing to firms, they do not obviously give firms better interest rates. This study not only fills the gap in the literature on greenwashing through the self-constructed greenwashing indicator but also provides a true picture of greenwashing among listed firms. In addition, authorities are reminded to pay more attention to the ESG performance of firms and curb the occurrence of greenwashing. © The Author(s), under exclusive license to Springer Nature Switzerland AG 2025.","","Cost benefit analysis; Greenwashing; Interest rates; Performance; Regression analysis","Y.-L. Lin; Department of Finance, Asia University, Taichung, Taiwan; email: yllin@asia.edu.tw","","Springer Science and Business Media Deutschland GmbH","23674512","","","","English","Lecture. Notes. Data Eng. Commun. Tech.","Book chapter","Final","","Scopus","2-s2.0-105010252708"
"Sandra O.N.; Anastesia A.C.; Ojiakor Ijeama P.; Chidiebere N.; Ihegboro I.M.; Lass R.","Sandra, Ofogbe Nyore (57224813987); Anastesia, Anisiuba Chika (57225975462); Ojiakor Ijeama, P. (57224825686); Chidiebere, Nnamani (57315495700); Ihegboro, Ifeoma Maria (57219215602); Lass, Ruth (57315075500)","57224813987; 57225975462; 57224825686; 57315495700; 57219215602; 57315075500","Long-run relationship of corporate social responsibility and cost of capital of quoted companies in nigeria stock exchange: nigeria evidence","2021","Universal Journal of Accounting and Finance","9","5","","946","960","3","10.13189/ujaf.2021.090506","https://www.scopus.com/inward/record.uri?eid=2-s2.0-85118165172&doi=10.13189%2Fujaf.2021.090506&partnerID=40&md5=b4a761914bc95a0088be03e2e4e3bda3","Faculty of Business Administration, Accountancy Department, University of Nigeria, Nsukka, Nigeria; Faculty of Business Administration, Banking and Finance Department, University of Nigeria, Nsukka, Nigeria","Sandra O.N., Faculty of Business Administration, Accountancy Department, University of Nigeria, Nsukka, Nigeria; Anastesia A.C., Faculty of Business Administration, Accountancy Department, University of Nigeria, Nsukka, Nigeria; Ojiakor Ijeama P., Faculty of Business Administration, Accountancy Department, University of Nigeria, Nsukka, Nigeria; Chidiebere N., Faculty of Business Administration, Accountancy Department, University of Nigeria, Nsukka, Nigeria; Ihegboro I.M., Faculty of Business Administration, Banking and Finance Department, University of Nigeria, Nsukka, Nigeria; Lass R., Faculty of Business Administration, Accountancy Department, University of Nigeria, Nsukka, Nigeria","There has been moderately scarce literature on the relationship between company social responsibility (CSR) and the cost of capital (COC) in Nigeria. Numerous studies have analysed the association between the CSR of the companies quoted within the Nigeria Stock Exchange (NSE) relating to their overall performance neglecting the COC component. This study examined the long-run relationship between CSR dimensions (Corporate social performance (CSP), environmental performance (ENP) and corporate governance (CGP) dimensions and cost of debt (COC). It seeks to investigate if CSR has, in the long run, reduce the cost of capital. Annual panel data of 96 companies for the duration; 2005-2020 quoted in the NSE were selected judgmentally. Thomson Reuther Index (TRI) was used as a measure of CSR, whilst the cost of equity (COE) and cost of debt (COD) were used as a measure of COC. Panel ARDL model was adopted to analyse the long-run relationship between CSR and COC. Findings revealed that companies that spend on CSR have a better chance of accessing capital at a reduced cost. The results support the findings of scholars works, especially in the developed countries. In conclusion, companies that spend on CSR have a better chance of accessing capital at a better and low cost. Based totally on the findings, the researcher advocates an on-stop investment on issues that concerns CSR as this may, if consistent, ease the getting of funds at a reduced cost in the long run. © Universal Journal of Accounting and Finance 2021.","Corporate Governance Performance; Corporate Social Performance; Corporate Social Responsibility; Cost of Capital; Cost of Debt; Cost of Equity; Environmental Performance; Thomson Reuther Index","","","","Horizon Research Publishing","23319712","","","","English","Univ. J. Account. Fin.","Article","Final","All Open Access; Gold Open Access","Scopus","2-s2.0-85118165172"
"Chen X.; Chen Z.; Torsin W.; Tsang A.; Zeng X.","Chen, Xiaoqi (57219378085); Chen, Zhifang (60003211800); Torsin, Wouter (57201639986); Tsang, Albert (36775629500); Zeng, Xiao (60002655800)","57219378085; 60003211800; 57201639986; 36775629500; 60002655800","Mandatory ESG reporting and cross-Listing activities: Worldwide evidence","2025","British Accounting Review","","","101706","","","2","10.1016/j.bar.2025.101706","https://www.scopus.com/inward/record.uri?eid=2-s2.0-105010958301&doi=10.1016%2Fj.bar.2025.101706&partnerID=40&md5=dbe5571494b2499044ad275fc8a553ad","College of Economics and Management, Nanjing University of Aeronautics and Astronautics, China; Faculty of Finance, City University of Macau, China; School of Computing and Information Systems, Singapore Management University, Singapore; HEC Liège School of Management, University of Liège, Belgium; SUSTech Business School, Southern University of Science and Technology, China; School of Management, Guangdong University of Technology, China","Chen X., College of Economics and Management, Nanjing University of Aeronautics and Astronautics, China, Faculty of Finance, City University of Macau, China; Chen Z., School of Computing and Information Systems, Singapore Management University, Singapore; Torsin W., HEC Liège School of Management, University of Liège, Belgium; Tsang A., SUSTech Business School, Southern University of Science and Technology, China; Zeng X., School of Management, Guangdong University of Technology, China","Using a large international dataset, this study documents that the country-level adoption of mandatory ESG reporting requirement facilitates domestic firms’ cross-listing activities. Cross-sectional analyses reveal that this effect is more pronounced for opaque firms, those with a higher dependence on external financing, those with higher ex-ante agency costs, and for firms headquartered in home countries with a weak legal environment. Results of additional analyses reveal that firms are more likely to cross-list to countries that also have an active ESG mandate in place, countries where domestic firms have a higher ESG performance, and in developed capital markets. We further find that cross-listing firms are likely to attract a greater number of institutional investors and reduce their cost of debt after post-ESG mandate cross-listing. Finally, we document a heightened response for firms with pre-mandate voluntary ESG disclosures and a weaker response when the mandate is non-government issued. © 2025 Elsevier Ltd","Cross-listing; ESG disclosure; Mandatory reporting; Non-financial reporting","","X. Zeng; School of Management, Guangdong University of Technology, China; email: zengx@gdut.edu.cn","","Academic Press","08908389","","","","English","Br. Account. Rev.","Article","Article in press","All Open Access; Green Open Access","Scopus","2-s2.0-105010958301"
"Siwei D.; Chalermkiat W.","Siwei, Dong (57562152000); Chalermkiat, Wongvanichtawee (58701741500)","57562152000; 58701741500","An analysis on the relationship between ESG information disclosure and enterprise value: A case of listed companies in the energy industry in China","2023","Cogent Business and Management","10","3","2207685","","","17","10.1080/23311975.2023.2207685","https://www.scopus.com/inward/record.uri?eid=2-s2.0-85177209669&doi=10.1080%2F23311975.2023.2207685&partnerID=40&md5=9062f29ebe4d59ed9c4e89d7ea8f3f15","Graduate School of Management, Siam University, Bangkok, Thailand; College of Accounting, Shandong Technology and Business University, Yantai, China","Siwei D., Graduate School of Management, Siam University, Bangkok, Thailand, College of Accounting, Shandong Technology and Business University, Yantai, China; Chalermkiat W., Graduate School of Management, Siam University, Bangkok, Thailand","This study examines the relationship between environment, social responsibility, and governance (ESG) information disclosure and firms’ value. It also investigates how debt cost is the mediate variable between the ESG and firms’ value. The content analysis supported sustainability development theory, stakeholder theory, and the double carbon target in China. The multiple linear regression is used to examine the relationships for a sample of 94 firm 4-year observations listed in the GICS energy industry during 2018–2021 in China. The results show that ESG is significantly positively associated with firms’ value. Nevertheless, debt cost is negatively and significantly related to ESG. More importantly, the results show that debt cost mediates ESG firms’ value relationship. Further, when the sample is split into state-owned and non-state-owned firms, the ESG- firms’ value significant positive relationship is evident only in the latter, corroborating the mediate role of the debt cost in China. This study contributes to the literature on ESG, debt cost, and firms’ value by offering evidence for the mediating role of debt cost on the ESG firms’ value relationship, supporting the view that non-state-owned firms are more sensitive. Regulators and stakeholders should be aware of the potential effect of engagement in ESG reporting and the benefits of having a low cost of debt on firms’ value. © 2023 The Author(s). Published by Informa UK Limited, trading as Taylor & Francis Group.","corporate value; cost of debt; ESG information performance; stakeholders; sustainability","","D. Siwei; Graduate School of Management, Siam University, Bangkok, Thailand; email: d15306380167@163.com","","Cogent OA","23311975","","","","English","Cogent Bus. Manag.","Article","Final","All Open Access; Gold Open Access; Green Open Access","Scopus","2-s2.0-85177209669"
"Kookkaew P.; Petcharat N.; Sanpakdee P.; Mula J.M.","Kookkaew, Pathompong (57642648900); Petcharat, Neungruthai (57212215782); Sanpakdee, Pitan (59959719400); Mula, Joseph M. (7801484249)","57642648900; 57212215782; 59959719400; 7801484249","ESG reporting quality and its impact on investment and debt financing decisions: evidence from emerging market firms","2025","International Journal of Managerial Finance","","","","1","22","0","10.1108/IJMF-06-2025-0327","https://www.scopus.com/inward/record.uri?eid=2-s2.0-105029697034&doi=10.1108%2FIJMF-06-2025-0327&partnerID=40&md5=75ce1e63a9a534bb59720903e3e19e65","Faculty of Business Administration and Information Technology, Rajamangala University of Technology Suvarnabhumi, Ayutthaya, Thailand; School of Business and Law, Central Queensland University, Melbourne, Australia","Kookkaew P., Faculty of Business Administration and Information Technology, Rajamangala University of Technology Suvarnabhumi, Ayutthaya, Thailand; Petcharat N., Faculty of Business Administration and Information Technology, Rajamangala University of Technology Suvarnabhumi, Ayutthaya, Thailand; Sanpakdee P., Faculty of Business Administration and Information Technology, Rajamangala University of Technology Suvarnabhumi, Ayutthaya, Thailand; Mula J.M., School of Business and Law, Central Queensland University, Melbourne, Australia","Purpose – While corporate financing requires external funding, high-quality sustainability disclosures can signal transparency and help reduce borrowing costs, particularly in emerging markets where firm motivations vary. This study examines whether environmental, social and governance (ESG) reporting quality contributes to lower debt financing costs and how it informs investment and financing decisions by enhancing investment efficiency in firms with lower debt financing costs. Design/methodology/approach – A quantitative approach was employed using panel data of 609 firm-year observations from non-financial firms listed on the Thai Stock Exchange, 2019–2023. We used a Least Squares Dummy Variable regression for the main analysis and a generalized method of moments approach for robustness checks. Findings – We find that high-quality ESG reports are positively associated with lower costs of debt financing. ESG reporting quality positively strengthens the association between lower costs of debt financing and investment efficiency. Both overinvestment and underinvestment are mitigated in firms with lower debt financing costs and high-quality ESG disclosures. Practical implications – Our results could make managers aware of integrating ESG considerations into a firm's strategies for improving financing and investment decisions. Strengthening high-quality ESG reporting can potentially enhance more effective investment and financing outcomes. Social implications – High-quality ESG disclosures can serve as a credible signal of investment quality in debt markets. Originality/value – This study, among empirical studies on ESG and the cost of debt, provides evidence that high-quality ESG disclosures could improve investment efficiency in firms, leading to lower debt financing costs. © 2026 Emerald Publishing Limited","Debt financing costs; ESG reporting quality; Information asymmetry; Investment efficiency; Overinvestment; Underinvestment","","N. Petcharat; Faculty of Business Administration and Information Technology, Rajamangala University of Technology Suvarnabhumi, Ayutthaya, Thailand; email: pmuangmusik023@gmail.com","","Emerald Publishing","17439132","","","","English","Int. J. Manage. Finan.","Article","Article in press","","Scopus","2-s2.0-105029697034"
"Campanella F.; Meles A.; Serino L.; Verdoliva V.","Campanella, Francesco (55961123000); Meles, Antonio (56419990400); Serino, Luana (57208822109); Verdoliva, Vincenzo (55629885300)","55961123000; 56419990400; 57208822109; 55629885300","Driving credit access through ESG performance: A European perspective","2025","Finance Research Letters","82","","107296","","","4","10.1016/j.frl.2025.107296","https://www.scopus.com/inward/record.uri?eid=2-s2.0-105004924337&doi=10.1016%2Fj.frl.2025.107296&partnerID=40&md5=5b7b207d89d9075a57968ade83948f03","Department of Economics, University of Campania “Luigi Vanvitelli”, Capua, Italy; Department of Management and Economics, Pegaso Digital University, Naples, Italy; Department of Business and Quantitative Studies, University of Naples “Parthenope”, Naples, Italy","Campanella F., Department of Economics, University of Campania “Luigi Vanvitelli”, Capua, Italy; Meles A., Department of Economics, University of Campania “Luigi Vanvitelli”, Capua, Italy; Serino L., Department of Management and Economics, Pegaso Digital University, Naples, Italy; Verdoliva V., Department of Business and Quantitative Studies, University of Naples “Parthenope”, Naples, Italy","This paper analyzes whether there is any relationship between sustainability performance and corporate cost of debt. Using a sample of European listed companies, we find that high-ESG firms pay a lower cost on their debt, with the environmental dimension explaining most of this result and the governance dimension, instead, to have no effect in this respect. We also show that, consistent with the risk-reducing effect of superior ESG performance, a positive relation exists between ESG ratings and credit ratings. Our results are relevant to different groups of stakeholders, including policymakers, investors and firms themselves, suggesting them that they can benefit from being more socially responsible in terms of lower costs of financing. © 2025 Elsevier Inc.","Corporate governance; Cost of debt; ESG performance; Sustainability","","L. Serino; Department of Management and Economics, Pegaso Digital University, Naples, Italy; email: Luana.serino@unipegaso.it","","Elsevier Ltd","15446123","","","","English","Finan. Res. Lett.","Article","Final","","Scopus","2-s2.0-105004924337"
"Taddeo S.; Regoli A.; Weber O.; Carè R.","Taddeo, S. (57915811300); Regoli, A. (6506818985); Weber, O. (7004486571); Carè, R. (57190193984)","57915811300; 6506818985; 7004486571; 57190193984","Green Talk, Costly Walk: The Financial Cost of Greenwashing","2026","Business Strategy and the Environment","","","","","","1","10.1002/bse.70595","https://www.scopus.com/inward/record.uri?eid=2-s2.0-105029600084&doi=10.1002%2Fbse.70595&partnerID=40&md5=9dce5b1b0e3637568c09e9e04b15ef74","Euro-Mediterranean Center on Climate Change, CMCC Foundation, Venice, Italy; Department of Management and Quantitative Studies, University of Naples Parthenope, Napoli, Italy; Schulich School of Business, York University, Toronto, Canada; School of Environment, Enterprise and Development (SEED), University of Waterloo, Waterloo, Canada; Department of Law, Economics and Sociology, University Magna Graecia of Catanzaro, Catanzaro, Italy","Taddeo S., Euro-Mediterranean Center on Climate Change, CMCC Foundation, Venice, Italy; Regoli A., Department of Management and Quantitative Studies, University of Naples Parthenope, Napoli, Italy; Weber O., Schulich School of Business, York University, Toronto, Canada; Carè R., School of Environment, Enterprise and Development (SEED), University of Waterloo, Waterloo, Canada, Department of Law, Economics and Sociology, University Magna Graecia of Catanzaro, Catanzaro, Italy","This study investigates the financial consequences of greenwashing, operationalized as the misalignment between ESG disclosure and actual ESG performance. While prior research has explored the reputational and ethical dimensions of greenwashing, its impact on firms' cost of debt remains underexamined. Drawing on a panel of 411 S&P 500 companies over a 10-year period (2014–2023), we construct two firm-level indicators of greenwashing, grESG and gr2ESG, based on z-scores and percentile ranks, respectively. These measures capture the credibility gap between what firms communicate and what they deliver in terms of sustainability. Using random effects within-between (REWB) models, we decompose structural (between-firm) and temporal (within-firm) effects to assess how ESG inconsistency influences debt pricing. Our findings reveal that the between-firm component of greenwashing is positively and significantly associated with the after-tax cost of debt, suggesting that financial markets interpret ESG misalignment as a persistent reputational trait rather than a short-term deviation. The results are robust across alternative specifications, including models that account for ESG-related controversies. The study contributes to the literature by demonstrating that ESG credibility is a priced financial attribute and that symbolic sustainability efforts, defined as disclosure-oriented or reputational gestures without substantive operational changes, may backfire in terms of financing costs. © 2026 The Author(s). Business Strategy and the Environment published by ERP Environment and John Wiley & Sons Ltd.","cost of debt; credit risk assessment; ESG credibility; ESG disclosure; ESG performance; greenwashing; information asymmetry","","R. Carè; School of Environment, Enterprise and Development (SEED), University of Waterloo, Waterloo, Canada; email: rcare@uwaterloo.ca","","John Wiley and Sons Ltd","09644733","","","","English","Bus. Strategy Environ.","Article","Article in press","","Scopus","2-s2.0-105029600084"
"D'Arcangelo F.M.; Kruse T.; Pisu M.; Tomasi M.","D'Arcangelo, Filippo Maria (57199279233); Kruse, Tobias (57200078975); Pisu, Mauro (7003838764); Tomasi, Marco (58844213500)","57199279233; 57200078975; 7003838764; 58844213500","The effect of climate policies on firm financing and investment through the banking channel","2025","Journal of Environmental Management","387","","125866","","","5","10.1016/j.jenvman.2025.125866","https://www.scopus.com/inward/record.uri?eid=2-s2.0-105005737209&doi=10.1016%2Fj.jenvman.2025.125866&partnerID=40&md5=0465d198522e0a4850c152895febf96b","OECD Economics Department, 2 rue André Pascal, Paris, 75016, France; University of Trento, via Verdi 26, Trento, 38122, Italy","D'Arcangelo F.M., OECD Economics Department, 2 rue André Pascal, Paris, 75016, France; Kruse T., OECD Economics Department, 2 rue André Pascal, Paris, 75016, France; Pisu M., OECD Economics Department, 2 rue André Pascal, Paris, 75016, France; Tomasi M., University of Trento, via Verdi 26, Trento, 38122, Italy","This paper assesses to what extent markets with sophisticated investors and large firms price transition risks due to climate policies affecting the corporate cost of debt. Unlike previous studies, we focus the analysis on the impact of climate policy on the allocation of capital. We isolate the effect of mitigation policies on syndicated loans' spreads by exploiting yearly variation in countries' climate policy stringency interacted with firm-level measures of environmental performance. The analysis yields three main results. First, stringent climate policies significantly lower the cost of debt of firms with good environmental performance (in terms of emission intensity or patenting activity in mitigation technologies). Second, ESG scores and their environmental pillar – which correlate poorly with firms’ actual environmental performance – are not sufficiently informative to assess and price domestic transition risks. Third, more stringent mitigation policies can encourage investment in green firms by reducing their cost of debt. © 2025 Elsevier Ltd","Climate policy; Corporate investment; Cost of debt; ESG; Green finance","Climate Change; Environmental Policy; Investments; Environmental management; Environmental regulations; Financial markets; Green computing; Insurance; Investments; Sustainable development; Climate policy; Corporate investments; Corporates; Cost of debt; Environmental performance; ESG; Green finance; Mitigation policies; Stringents; Yearly variations; banking; cost analysis; environmental economics; environmental policy; firm size; green economy; article; climate; controlled study; finance; financial management; human; investment; market; mitigation; pharmacoeconomics; price; climate change; economics; environmental policy; Cost benefit analysis","T. Kruse; OECD Economics Department, Paris, 2 rue André Pascal, 75016, France; email: tobias.kruse@oecd.org","","Academic Press","03014797","","JEVMA","40414126","English","J. Environ. Manage.","Article","Final","All Open Access; Green Open Access","Scopus","2-s2.0-105005737209"
"Joni J.; Angela A.; Prayogo E.; Natalia M.; Oktavianti O.; Setiana S.; Kuang T.M.; Christy Y.","Joni, Joni (57213198529); Angela, Aurora (60079656400); Prayogo, Enny (58221833700); Natalia, Maria (57224566433); Oktavianti, Oktavianti (60080200800); Setiana, Sinta (59520709100); Kuang, Tan Ming (57279539300); Christy, Yunita (60079656500)","57213198529; 60079656400; 58221833700; 57224566433; 60080200800; 59520709100; 57279539300; 60079656500","CSR disclosure, politically connected supervisory board and cost of debt financing: evidence from Indonesia","2025","International Journal of Business and Emerging Markets","17","3","","326","338","0","10.1504/IJBEM.2025.147152","https://www.scopus.com/inward/record.uri?eid=2-s2.0-105014786327&doi=10.1504%2FIJBEM.2025.147152&partnerID=40&md5=462e77a1f4b5c949dc5b43354ce2bd81","Department of Accounting, Maranatha Christian University, Indonesia","Joni J., Department of Accounting, Maranatha Christian University, Indonesia; Angela A., Department of Accounting, Maranatha Christian University, Indonesia; Prayogo E., Department of Accounting, Maranatha Christian University, Indonesia; Natalia M., Department of Accounting, Maranatha Christian University, Indonesia; Oktavianti O., Department of Accounting, Maranatha Christian University, Indonesia; Setiana S., Department of Accounting, Maranatha Christian University, Indonesia; Kuang T.M., Department of Accounting, Maranatha Christian University, Indonesia; Christy Y., Department of Accounting, Maranatha Christian University, Indonesia","We examine the effect of corporate social responsibility (CSR) disclosure on the cost of debt financing (COD) in an emerging market, Indonesia. Next, the moderating effect of political relations through a connected supervisory board (PC-SVB) is investigated in this association. The paper uses all Indonesian listed companies as our population, and the final sample is 1,886 observations. Moderated regression analysis is applied to investigate the moderating effect of political relations on the association between CSR and cost of debt. Also, we address the endogeneity problem by using the generalised method of moments (GMM). We find that firms with more CSR disclosure have lower costs of debt financing in Indonesia. It means that CSR is valuable from the perspective of creditors or lenders. Additionally, the relationship is stronger in the presence of politically connected supervisory boards. Copyright © 2025 Inderscience Enterprises Ltd.","COD; corporate social responsibility; cost of debt; CSR; emerging market; Indonesia; PC-SVB; politically connected supervisory boards","","J. Joni; Department of Accounting, Maranatha Christian University, Indonesia; email: joni@eco.maranatha.edu","","Inderscience Publishers","17536219","","","","English","Intern. J. Busi. Emer. Mar.","Article","Final","","Scopus","2-s2.0-105014786327"
"Kong W.","Kong, Wen (57875357200)","57875357200","The impact of ESG performance on debt financing costs: Evidence from Chinese family business","2023","Finance Research Letters","55","","103949","","","79","10.1016/j.frl.2023.103949","https://www.scopus.com/inward/record.uri?eid=2-s2.0-85158816826&doi=10.1016%2Fj.frl.2023.103949&partnerID=40&md5=8ef21bbf71163fee29711a87cb87bf22","School of Finance, Jiangxi University of Finance and Economics, Jiangxi, Nanchang, 330013, China","Kong W., School of Finance, Jiangxi University of Finance and Economics, Jiangxi, Nanchang, 330013, China","In China, family business is an important part of private economy. This paper studies the impact of China's family business's ESG performance on debt financing costs. We find that: ESG performance of family business can obtain the support of creditors and reduce the cost of debt financing; The performance of family enterprises in social dimension and corporate governance dimension can reduce the debt financing cost of enterprises; ESG performance can significantly reduce the debt financing cost of family business when the family business is in the owner management stage, the children's cultivation and development stage, and the power transfer stage. © 2023","Debt financing costs; Enterprise lifecycle; Esg; Family business","","","","Elsevier Ltd","15446123","","","","English","Finan. Res. Lett.","Article","Final","","Scopus","2-s2.0-85158816826"
"Darsono D.; Ratmono D.; Tujori A.; Clarisa T.Y.","Darsono, Darsono (57193752781); Ratmono, Dwi (57194244448); Tujori, Abas (59475109900); Clarisa, Tiara Yuni (59474256500)","57193752781; 57194244448; 59475109900; 59474256500","The relationship between ESG, financial performance, and cost of debt: the role of independent assurance","2025","Cogent Business and Management","12","1","2437137","","","17","10.1080/23311975.2024.2437137","https://www.scopus.com/inward/record.uri?eid=2-s2.0-85212222411&doi=10.1080%2F23311975.2024.2437137&partnerID=40&md5=4a226fabbf5362c6eb1f95a6d22f670b","Department of Accounting, Faculty of Economics and Business, Universitas Diponegoro, Semarang, Indonesia; Accountant Professional Education Study Program, Department of Accounting, Faculty of Economics and Business, Universitas Diponegoro, Semarang, Indonesia","Darsono D., Department of Accounting, Faculty of Economics and Business, Universitas Diponegoro, Semarang, Indonesia; Ratmono D., Department of Accounting, Faculty of Economics and Business, Universitas Diponegoro, Semarang, Indonesia; Tujori A., Department of Accounting, Faculty of Economics and Business, Universitas Diponegoro, Semarang, Indonesia; Clarisa T.Y., Accountant Professional Education Study Program, Department of Accounting, Faculty of Economics and Business, Universitas Diponegoro, Semarang, Indonesia","This study aims to analyze the moderating model in the relationship between disclosure of environmental, social, and governance (ESG), financial performance, and cost of debt. This study contributes by adding independent assurance as a moderating variable in the research model to explain inconsistencies in previous research. Stakeholder trust in the quality of ESG information in sustainability accounting reports depends on whether there is independent assurance/audit regarding the report. This study also contributes to accounting research by testing the moderation model in the COVID-19 pandemic period where the empirical evidence from previous research has not been conclusive. The research sample consisted of 253 Indonesian firms-years listed in Indonesian Stock Exchange during the period 2020-2022. Hypothesis testing was carried out using partial least squares-structural equation modeling (PLS-SEM). The results show that the implementation of ESG, as disclosed in sustainability reporting, has a positive (negative) relationship with financial performance (cost of debt). The relationship between ESG and financial performance and cost of debt increases when there is an independent assurance/audit in sustainability reporting. © 2024 The Author(s). Published by Informa UK Limited, trading as Taylor & Francis Group.","Accounting; Auditing; Corporate Social Responsibility & Business Ethics; cost of debt; ESG; financial performance; independent assurance; sustainability accounting reporting","","D. Darsono; Department of Accounting, Faculty of Economics and Business, Universitas Diponegoro, Tembalang, Jl. Prof. Soedharto SHSemarang, Jawa Tengah, 50275, Indonesia; email: darsono@lecturer.undip.ac.id","","Cogent OA","23311975","","","","English","Cogent Bus. Manag.","Article","Final","All Open Access; Gold Open Access; Green Open Access","Scopus","2-s2.0-85212222411"
"Desender K.A.; LópezPuertas-Lamy M.; Pattitoni P.; Petracci B.","Desender, Kurt A. (42761195600); LópezPuertas-Lamy, Mónica (56455298500); Pattitoni, Pierpaolo (45161761500); Petracci, Barbara (44361777100)","42761195600; 56455298500; 45161761500; 44361777100","Corporate social responsibility and cost of financing—The importance of the international corporate governance system","2020","Corporate Governance: An International Review","28","3","","207","234","50","10.1111/corg.12312","https://www.scopus.com/inward/record.uri?eid=2-s2.0-85080141154&doi=10.1111%2Fcorg.12312&partnerID=40&md5=c9000f602bd979c0bb9ee28134c9f06b","Department of Business Administration, Universidad Carlos III, Getafe, Spain; Department of Statistical Sciences “Paolo Fortunati”, University of Bologna, Bologna, Italy; Department of Management, University of Bologna, Bologna, Italy","Desender K.A., Department of Business Administration, Universidad Carlos III, Getafe, Spain; LópezPuertas-Lamy M., Department of Business Administration, Universidad Carlos III, Getafe, Spain; Pattitoni P., Department of Statistical Sciences “Paolo Fortunati”, University of Bologna, Bologna, Italy; Petracci B., Department of Management, University of Bologna, Bologna, Italy","Research Question/Issue: Our study examines whether international corporate governance systems shape the relationship between a firm's engagement in corporate social responsibility (CSR) and their cost of financing (both equity and debt). Research Findings/Insights: Using a large international sample, our findings reveal that although the link between CSR performance and the cost of equity is negative in a shareholder-oriented system, this relationship is positive in a stakeholder-oriented system. Furthermore, the link between CSR performance and the cost of debt is negative for firms that are close to default in both systems. Theoretical/Academic Implications: Our study highlights the importance of considering the shareholder/stakeholder orientation at the country level to explain the link between CSR performance and the cost of financing. Our findings help to explain and place into context the previous mixed findings on the relationship between CSR and the cost of equity and debt and add to the debate about whether CSR is beneficial or detrimental to corporate governance. Practitioner/Policy Implications: The analysis of how the country corporate governance system influences the effect of CSR performance on the cost of financing allows for a deeper understanding of how investors respond to CSR initiatives worldwide and offers managers, directors, and policy makers context-specific recommendations. Our analysis also highlights the limitations of transferring insights regarding CSR from one corporate governance system to another. © 2020 John Wiley & Sons Ltd","corporate governance; corporate social responsibility; cost of debt; cost of equity","","M. LópezPuertas-Lamy; Department of Business Administration, Universidad Carlos III, Getafe, Spain; email: mlopezpu@emp.uc3m.es","","Blackwell Publishing Ltd","09648410","","","","English","Corp. Gov.: Int. Rev.","Article","Final","All Open Access; Gold Open Access; Green Open Access","Scopus","2-s2.0-85080141154"
"Hou F.; Liao F.; Liu J.; Xiong H.","Hou, Fei (57202815896); Liao, Fangnan (57205684593); Liu, Jie (57212351702); Xiong, Hao (57210450445)","57202815896; 57205684593; 57212351702; 57210450445","Signing auditors' foreign experience and debt financing costs: Evidence for sustainability of Chinese listed companies","2019","Sustainability (Switzerland)","11","23","6615","","","8","10.3390/su11236615","https://www.scopus.com/inward/record.uri?eid=2-s2.0-85076494805&doi=10.3390%2Fsu11236615&partnerID=40&md5=f1ed3bc6e3b552883e33029242a6fcaf","School of Management, Xiamen University, Xiamen, 361005, China; School of Economics and Management, Xinan University, Chongqing, 400715, China; School of Accounting, Guizhou University of Finance and Economics, Guiyang, 550025, China","Hou F., School of Management, Xiamen University, Xiamen, 361005, China; Liao F., School of Economics and Management, Xinan University, Chongqing, 400715, China; Liu J., School of Accounting, Guizhou University of Finance and Economics, Guiyang, 550025, China; Xiong H., School of Accounting, Guizhou University of Finance and Economics, Guiyang, 550025, China","This study investigates whether signing auditors with foreign experience influence debt financing costs. Using a sample of Chinese listed firms for the period of 2001-2016, this study hand-collects the information of signing auditors' foreign experience and empirically examines the relationship between signing auditors' foreign experience and debt financing costs. The empirical results show that signing auditors' foreign experience is significantly and negatively correlated with debt financing costs, suggesting that signing auditors' foreign experience improves audit quality, reduces information risk and thereby lowers the cost of debt financing. Further analyses show that the negative effect of signing auditors' foreign experience on the cost of debt financing is more pronounced in audit firms without industry expertise, suggesting that audit firm industry expertise mitigates the negative relationship between signing auditors' foreign experience and debt financing costs. These results imply that signing auditors who have foreign experience could serve a significant role in debt financing, which would strengthen firms' sustainability. © 2019 by the authors. Licensee MDPI, Basel, Switzerland.","Audit quality; Debt financing costs; Foreign experience; Industry expertise; Signing auditors","debt; expert system; financial services; sustainability","J. Liu; School of Accounting, Guizhou University of Finance and Economics, Guiyang, 550025, China; email: liujiegufe@mail.gufe.edu.cn","","MDPI","20711050","","","","English","Sustainability","Article","Final","All Open Access; Gold Open Access; Green Open Access","Scopus","2-s2.0-85076494805"
"Vaitiekuniene R.; Sapkauskiene A.","Vaitiekuniene, Raminta (58909217800); Sapkauskiene, Alfreda (36144439300)","58909217800; 36144439300","Sustainability Practices and Capital Costs: Evidence from Banks and Financial Technology Firms in Global Markets","2026","International Journal of Financial Studies","14","1","20","","","0","10.3390/ijfs14010020","https://www.scopus.com/inward/record.uri?eid=2-s2.0-105029101387&doi=10.3390%2Fijfs14010020&partnerID=40&md5=859c638e3f5e7a8aaa4f26ba92f81094","Faculty of Economics and Business Administration, Vilnius University, Vilnius, LT-01513, Lithuania; School of Economics and Business, Kaunas University of Technology, Kaunas, LT-44239, Lithuania","Vaitiekuniene R., Faculty of Economics and Business Administration, Vilnius University, Vilnius, LT-01513, Lithuania, School of Economics and Business, Kaunas University of Technology, Kaunas, LT-44239, Lithuania; Sapkauskiene A., Faculty of Economics and Business Administration, Vilnius University, Vilnius, LT-01513, Lithuania","This paper examines the impact of environmental, social, and governance (ESG) disclosure on the cost of capital for banks as well as financial technology companies in Europe, America, and Asia from 2010 to 2024. The study investigates how sustainability affects financing conditions in the two institutional settings of conventional and digital financial intermediaries. We estimate the average cost of capital using the traditional WACC (weighted average cost of capital) formula, which calculates the cost and proportions of debt and equity capital. Panel regressions with firm and year fixed effects are used, along with an instrumental variable (IV) approach (2SLS), by way of peer-based ESG instruments to correct for endogeneity. The paper also carries out robustness checks such as the Anderson–Rubin weak IV tests and over identification diagnostics. The findings indicate that more ESG disclosure has a significant negative effect on WACC and debt costs and no robust impact on equity cost. Governance disclosure is revealed to be the dominant dimension and it always correlates with lower financing costs. Environmental disclosure is occasionally associated with a higher cost of equity, owing to investors’ expectation of short-term compliance costs. The results shed light on the dynamic relationship between innovation and sustainability in driving banks and financial technology firms financing environment. © 2026 by the authors.","banks; costs of capital; ESG disclosure; financial technology","","R. Vaitiekuniene; Faculty of Economics and Business Administration, Vilnius University, Vilnius, LT-01513, Lithuania; email: raminta.vaitiekuniene@evaf.vu.lt","","Multidisciplinary Digital Publishing Institute (MDPI)","22277072","","","","English","Intern. J. Financial Stud.","Article","Final","All Open Access; Gold Open Access; Green Open Access","Scopus","2-s2.0-105029101387"
"Feng S.; Wareewanich T.","Feng, Shiyi (59352779400); Wareewanich, Thitinant (57208511013)","59352779400; 57208511013","The effects of corporate carbon performance on financing cost-evidence from S&P 500","2024","Journal of Infrastructure, Policy and Development","8","10","7997","","","3","10.24294/jipd.v8i10.7997","https://www.scopus.com/inward/record.uri?eid=2-s2.0-85205539828&doi=10.24294%2Fjipd.v8i10.7997&partnerID=40&md5=2c1b11e59e546abc86ee715389ecff76","Chakrabongse Bhuvanarth International Institute for Interdisciplinary Studies (CBIS), Rajamangala University of Technology Tawan-OK, Bangkok, 10400, Thailand","Feng S., Chakrabongse Bhuvanarth International Institute for Interdisciplinary Studies (CBIS), Rajamangala University of Technology Tawan-OK, Bangkok, 10400, Thailand; Wareewanich T., Chakrabongse Bhuvanarth International Institute for Interdisciplinary Studies (CBIS), Rajamangala University of Technology Tawan-OK, Bangkok, 10400, Thailand","This study investigates the impact of corporate carbon performance on financing costs, focusing on S&P 500 companies from 2015 to 2022. Utilizing a fixed-effects regression model, the research reveals a complex U-shaped nonlinear relationship between carbon intensity (CI) and cost of debt (COD). The sample comprises 2896 firm-year observations, with CI measured by the ratio of Scope 1 and 2 greenhouse gas (GHG) emissions to annual sales. The findings indicate that companies with higher CI initially face increased COD due to heightened regulatory and operational risks. However, as CI falls below a certain threshold, further reductions in emissions can paradoxically lead to increased COD, likely due to the substantial investments required for advanced technologies. Additionally, a positive relationship between CI and cost of equity (COE) is observed, suggesting that shareholders demand higher returns from companies with greater environmental risks. These results underscore the importance of balancing short-term and long-term environmental strategies. The study highlights the need for corporate managers to communicate the long-term benefits of environmental efforts effectively to creditors and investors. Policymakers should consider these dynamics when designing regulations that incentivize lower carbon emissions. © 2024 by author(s).","carbon intensity; cost of debts; cost of equity; creditors; environmental sustainability; shareholders","","T. Wareewanich; Chakrabongse Bhuvanarth International Institute for Interdisciplinary Studies (CBIS), Rajamangala University of Technology Tawan-OK, Bangkok, 10400, Thailand; email: thitinant_wa@rmutto.ac.th","","EnPress Publisher, LLC","25727923","","","","English","J. Infrastruct. Policy. Dev.","Article","Final","All Open Access; Gold Open Access","Scopus","2-s2.0-85205539828"
"He Y.; Qi R.; So K.K.F.; Li Y.","He, Yueying (57777877300); Qi, Rui (57202998950); So, Kevin Kam Fung (55613689100); Li, Yangen (59238742200)","57777877300; 57202998950; 55613689100; 59238742200","Which ESG dimensions matter in the hotel industry? Evidence from the cost of debt","2024","International Journal of Hospitality Management","122","","103866","","","12","10.1016/j.ijhm.2024.103866","https://www.scopus.com/inward/record.uri?eid=2-s2.0-85199867306&doi=10.1016%2Fj.ijhm.2024.103866&partnerID=40&md5=8a624ebae94393823b55269ae80ab68a","School of Marketing and International Business, Spears School of Business, Oklahoma State University, Stillwater, United States; Kemmons Wilson School of Hospitality and Resort Management, The University of Memphis, Memphis, United States; White Lodging-J.W. Marriott School of Hospitality and Tourism Management, Purdue University, West Lafayette, United States; Tippie College of Business, The University of Iowa, Iowa City, United States; College of Hotel and Tourism Management, Kyung Hee University, Seoul, South Korea","He Y., School of Marketing and International Business, Spears School of Business, Oklahoma State University, Stillwater, United States; Qi R., Kemmons Wilson School of Hospitality and Resort Management, The University of Memphis, Memphis, United States; So K.K.F., White Lodging-J.W. Marriott School of Hospitality and Tourism Management, Purdue University, West Lafayette, United States, College of Hotel and Tourism Management, Kyung Hee University, Seoul, South Korea; Li Y., Tippie College of Business, The University of Iowa, Iowa City, United States","ESG has become a critical focus in the global hospitality industry. This study addresses a research gap by examining ESG dimensions' financial effects. Employing a two-way fixed effect model with firm-level fundamental data and ESG data, we identify the effect of the ESG performance of hotel firms in the United States on their cost of debt. Our novel results show that in general the hotel firms with higher ESG scores are significantly associated with lower debt cost. Furthermore, the study has observed that the relationship between hotels’ ESG scores and their debt costs has become statistically significant since 2014, implying that ESG has been more valued by lenders in recent years. This study presents the first evidence of the cost advantage linked to the ESG performance of U.S. hotel firms in debt markets, providing further incentives beyond stock markets to adopt environmentally friendly and socially responsible practices. © 2024 Elsevier Ltd","Corporate social responsibility; Cost of debt; ESG; Hospitality","","Y. He; School of Marketing and International Business, Spears School of Business, Oklahoma State University, Stillwater, 428 Business Building, 74078, United States; email: yuehe@okstate.edu","","Elsevier Ltd","02784319","","IJHMD","","English","Int. J. Hosp. Manage.","Article","Final","","Scopus","2-s2.0-85199867306"
"Adeneye Y.; Kammoun I.","Adeneye, Yusuf (57218564506); Kammoun, Ines (57927626100)","57218564506; 57927626100","Real earnings management and capital structure: Does environmental, social and governance (ESG) performance matter?","2022","Cogent Business and Management","9","1","2130134","","","29","10.1080/23311975.2022.2130134","https://www.scopus.com/inward/record.uri?eid=2-s2.0-85139846643&doi=10.1080%2F23311975.2022.2130134&partnerID=40&md5=0a37583008069df3b103452ce51f71d5","Faculty of Hospitality, Tourism and Wellness, Universiti Malaysia Kelantan, Kelantan, Malaysia; Faculty of Economics and Management of Sfax, University of Sfax, Sfax, Tunisia","Adeneye Y., Faculty of Hospitality, Tourism and Wellness, Universiti Malaysia Kelantan, Kelantan, Malaysia; Kammoun I., Faculty of Economics and Management of Sfax, University of Sfax, Sfax, Tunisia","This paper examines the impact of real earnings management (REM) on the capital structure of listed firms across ASEAN countries using the fixed effects panel data estimator for the period 2014–2019. Prior literature has focused primarily on aggregate real earnings management, overlooking the disaggregated sources of EM from real activities. It also investigates the role of environmental, social, and governance (ESG) performance on the impact of REM on leverage. We find that REM has a significant positive effect on leverage. It also finds that REM sourced from abnormal production costs and abnormal discretionary expenses have positive impacts on leverage. In contrast, abnormal cash flows from operating activities do not significantly influence leverage. On the role of ESG performance, we find that REM significantly and positively affects leverage in firms with low ESG performance and across ESG pillar scores. However, REM does not affect leverage in high- ESG performing firms, except for the governance pillar score. This suggests that ASEAN firms exhibit weak corporate governance as sustainable behaviours may not reduce the agency cost of debt. Our results are robust to a battery of tests. Our results have implications for the stakeholder theory in that it attenuates the agency costs of earnings manipulations. © 2022 The Author(s). This open access article is distributed under a Creative Commons Attribution (CC-BY) 4.0 license.","agency theory; capital structure; ESG performance; real earnings management; stakeholder theory","","I. Kammoun; Faculty of Economics and Management of Sfax, University of Sfax, Tunisia; email: ines.kammoun@fsegs.usf.tn","","Cogent OA","23311975","","","","English","Cogent Bus. Manag.","Article","Final","All Open Access; Gold Open Access; Green Open Access","Scopus","2-s2.0-85139846643"
"Ma J.; Gao D.","Ma, Jiangming (57194183630); Gao, Di (57205416167)","57194183630; 57205416167","The Impact of Sustainable Supply-Chain Partnership on Bank Loans: Evidence from Chinese-Listed Firms","2023","Sustainability (Switzerland) ","15","6","4843","","","3","10.3390/su15064843","https://www.scopus.com/inward/record.uri?eid=2-s2.0-85186238601&doi=10.3390%2Fsu15064843&partnerID=40&md5=604087256bcb6dfecab3b708285c5123","School of Economics, Xihua University, Chengdu, 610039, China; School of International Business, Southwestern University of Finance and Economics, Chengdu, 611130, China","Ma J., School of Economics, Xihua University, Chengdu, 610039, China; Gao D., School of International Business, Southwestern University of Finance and Economics, Chengdu, 611130, China","With the rapid development of economic globalization, keeping the global supply chains sustainable is becoming increasingly important in improving supply chain performance and firm value. To fully understand the role of the supply chain relationship, it is necessary to comprehensively assess different characteristics of supply chain partnership in achieving sustainability goals. This study explores the implication of concentrated supply-chain partnership on loan features. Using a sample of Chinese-listed firms, we find that concentrated customer or supplier bases positively influence loan features, including loan size, loan maturity, and loan cost. We propose that concentrated customer and supplier bases influence the loan features through different mediators. Through mediating analysis, concentrated customer bases affect loan features through better corporate governance and lower operational risk, and concentrated supplier bases through lower operational cost and longer accounts payable cycle. The benefit of a concentrated chain partnership is more pronounced when customers or suppliers have a greater certification role, less uncertainty, and stronger geographical advantage. The results are robust to instrumental variable analysis, propensity-matched analysis, and alternative measures of chain partnership concentration. Findings in this study have important implications for understanding the sustainable supply-chain partnership management and loan decisions of banks in an emerging market. © 2023 by the authors.","bank loan; customer concentration; heterogeneity; mediating effect; supplier concentration; sustainable supply-chain partnership","certification; cost-benefit analysis; debt; industrial performance; supply chain management; sustainability","D. Gao; School of International Business, Southwestern University of Finance and Economics, Chengdu, 611130, China; email: gaodi@swufe.edu.cn","","Multidisciplinary Digital Publishing Institute (MDPI)","20711050","","","","English","Sustainability","Article","Final","All Open Access; Gold Open Access; Green Open Access","Scopus","2-s2.0-85186238601"
"Koutoupis A.; Fassas A.; Nerantzidis M.; Persakis A.; Tzeremes P.","Koutoupis, Andreas (25027890500); Fassas, Athanasios (42261302700); Nerantzidis, Michail (55799436100); Persakis, Antonios (56623051000); Tzeremes, Panayiotis (57191971120)","25027890500; 42261302700; 55799436100; 56623051000; 57191971120","ESG and cost of capital components: Does the legal system matter?","2026","Journal of Accounting and Organizational Change","22","1","","193","210","3","10.1108/JAOC-03-2024-0090","https://www.scopus.com/inward/record.uri?eid=2-s2.0-86000588980&doi=10.1108%2FJAOC-03-2024-0090&partnerID=40&md5=6268a212298f080deb5e1c56f9155588","Department of Accounting and Finance, University of Thessaly-Larisa, Larisa, Greece; Department of Accounting and Finance, University of Thessaly-Larisa, Larisa, Greece; Department of Accounting and Finance, University of Thessaly-Larisa, Larisa, Greece","Koutoupis A., Department of Accounting and Finance, University of Thessaly-Larisa, Larisa, Greece; Fassas A., Department of Accounting and Finance, University of Thessaly-Larisa, Larisa, Greece; Nerantzidis M., Department of Accounting and Finance, University of Thessaly-Larisa, Larisa, Greece; Persakis A., Department of Accounting and Finance, University of Thessaly-Larisa, Larisa, Greece; Tzeremes P., Department of Accounting and Finance, University of Thessaly-Larisa, Larisa, Greece","Purpose – This study aims to explore the relationship between environmental, social and governance (ESG) scores and the components of cost of capital in two distinct legal systems, while also examining the unique effect of each ESG pillar on these components. Design/methodology/approach – Using a sample of 4, 846 firms across 60 countries, categorized into either civil law or common law systems, the authors test this study’s hypotheses using ordinary least squares and instrumental variables two-stage least squares. Findings – The findings reveal a negative relationship between ESG and the components of the cost of capital for firms operating in civil law systems, whether measured by the cost of debt or the cost of equity. In contrast, firms in common law systems exhibit a negative relationship only with the cost of equity. Furthermore, the findings indicate that the influence of each ESG pillar on the components of the cost of capital varies across these two legal systems. Originality/value – To the best of the authors’ knowledge, this study represents the first investigation into the relationship between ESG scores and the components of cost of capital across two distinct jurisdictions. Additionally, it provides evidence regarding the distinct impact of each pillar of ESG on the components of cost of capital. © 2025 Emerald Publishing Limited","Civil law; Common law; Cost of debt; Cost of equity; ESG scores","","M. Nerantzidis; Department of Accounting and Finance, University of Thessaly-Larisa, Larisa, Greece; email: nerantzidismike@uth.gr","","Emerald Publishing","18325912","","","","English","J. Account. Organ. Change","Article","Final","","Scopus","2-s2.0-86000588980"
"Magnanelli B.S.; Izzo M.F.","Magnanelli, Barbara Sveva (56460383100); Izzo, Maria Federica (56576107100)","56460383100; 56576107100","Corporate social performance and cost of debt: The relationship","2017","Social Responsibility Journal","13","2","","250","265","137","10.1108/SRJ-06-2016-0103","https://www.scopus.com/inward/record.uri?eid=2-s2.0-85019041276&doi=10.1108%2FSRJ-06-2016-0103&partnerID=40&md5=36402228ec9aedd37aa021a507569460","John Cabot University, Rome, Italy; Department of Business and Management, Libera Universita Internazionale Degli Studi Sociali Guido Carli, Rome, Italy","Magnanelli B.S., John Cabot University, Rome, Italy; Izzo M.F., Department of Business and Management, Libera Universita Internazionale Degli Studi Sociali Guido Carli, Rome, Italy","Purpose - This paper aims to investigate the link between corporate social performance (CSP) and cost of debt financing. Despite academic debate has focused on the link between corporate social responsibility (CSR) and CSP (expressed through accounting and market measures of profitability), few empirical researches have analysed the relations between CSR, cost of debt and its relation with the risk profile of a firm. The literature on the cost of debt determinants generally documents a negative association between measures of the risk of the firm and its cost of debt. The literature on CSR defines risk reduction as one of the potential benefits related to CSR activities. Thus, the expectation is that high CSP scores are inversely related to cost of debt. Design/methodology/approach - Using a unique data set of 332 firms over a time period of five years antecedent to the global financial crisis, a linear regression model is applied. Findings - The results show a positive relation between CSP and cost of debt, demonstrating that CSR is not a value driver with an impact on the firm's risk profile. Practical implications - The research has also practical implications as it makes managers aware of the potentiality of CSP to reduce the firm's cost of debt. Originality/value - These findings enlarge the empirical research on the value of CSP, expanding it towards a quite new area of investigation: the cost of external financing. © Emerald Publishing Limited.","Corporate social performance; Corporate social responsibility; Cost of debt; Risk","","B.S. Magnanelli; John Cabot University, Rome, Italy; email: bsmagnanelli@yahoo.it","","Emerald Group Publishing Ltd.","17471117","","","","English","Soc. Responsib. J.","Article","Final","","Scopus","2-s2.0-85019041276"
"Li W.; Hu H.; Hong Z.","Li, Weihao (57565184700); Hu, Hongbing (57565184800); Hong, Zekun (57565774800)","57565184700; 57565184800; 57565774800","Green finance policy, ESG rating, and cost of debt——Evidence from China","2024","International Review of Financial Analysis","92","","103051","","","122","10.1016/j.irfa.2023.103051","https://www.scopus.com/inward/record.uri?eid=2-s2.0-85181094378&doi=10.1016%2Fj.irfa.2023.103051&partnerID=40&md5=6315d6d3fc8954b8b87c11aa4e25bb6b","School of Economics and Management, Tsinghua University, Beijing, China; School of Finance, Zhongnan University of Economics and Law, Wuhan, China; CUHK Business School, The Chinese University of Hong Kong, Hong Kong","Li W., School of Economics and Management, Tsinghua University, Beijing, China; Hu H., School of Finance, Zhongnan University of Economics and Law, Wuhan, China; Hong Z., CUHK Business School, The Chinese University of Hong Kong, Hong Kong","Climate change is causing increasing uncertainty for countries' economic growth and carbon emission control has become a global consensus. The People's Bank of China introduced a green finance policy (GFP) in the third quarter of 2017, which incorporates green finance into the Macro-Prudential Assessment (MPA) framework it has developed to assess commercial banks. Using the difference-in-differences (DID) methodology and data from 2440 Chinese A-share listed enterprises, we find that companies with higher ESG ratings experienced a significant decrease in their costs of debt (Cod) after the promulgation of this policy. Moreover, among the specific dimensions of ESG scores, Environmental scores have a more significant impact on corporates' Cod compared with those of Social and Governance. Further analysis also shows that the Cod of firms that are big-sized, state-owned, or from non-heavily-polluting industries decrease more significantly after the proposal of this GFP. These findings are relevant for subsequent revisions of the GFP and inspiring for industrial transformation and green finance system in both China and the world. © 2023","Cost of debt; ESG; Green finance","","H. Hu; School of Finance, Zhongnan University of Economics and Law, Wuhan, No.182 Nanhu Avenue, Hongshan District, Hubei, 430073, China; email: hongbinghu@zuel.edu.cn","","Elsevier Inc.","10575219","","","","English","Int. Rev. Financ. Anal.","Article","Final","","Scopus","2-s2.0-85181094378"
"Zhao W.; Liang Y.; Li P.","Zhao, Wenjia (58486548600); Liang, Yiyan (58485297600); Li, Pan (58159175000)","58486548600; 58485297600; 58159175000","Can enterprises' participation in targeted poverty alleviation reduce the cost of debt financing? Evidence from China","2023","Finance Research Letters","58","","104551","","","14","10.1016/j.frl.2023.104551","https://www.scopus.com/inward/record.uri?eid=2-s2.0-85173156591&doi=10.1016%2Fj.frl.2023.104551&partnerID=40&md5=a6ccc9d581b1546fecde1afcf9e8c55e","School of Finance, Henan Finance University, Zhengzhou, 451464, China; School of Business, Zhengzhou University, Zhengzhou, 450001, China; School of Finance, Shanghai University of Finance and Economics, Shanghai, 200433, China","Zhao W., School of Finance, Henan Finance University, Zhengzhou, 451464, China; Liang Y., School of Business, Zhengzhou University, Zhengzhou, 450001, China; Li P., School of Finance, Shanghai University of Finance and Economics, Shanghai, 200433, China","Poverty reduction is a hot topic in current academic research. Using a sample of Shanghai and Shenzhen A-share listed enterprises in China, this paper investigates whether firms participate in targeted poverty relief project can reduce debt financing costs. The study finds that enterprises' participation in targeted poverty alleviation effectively reduces debt financing costs. Mechanism tests further demonstrate that such participation diminishes the information asymmetry between internal and external enterprises, enhances brand value and reputation, attracts ESG investors to invest, and ultimately results in reduced debt financing costs. Furthermore, private enterprises' participation in targeted poverty alleviation is more effective in reducing their debt financing costs compared with state-owned enterprises. These findings highlight the win-win nature of enterprises' involvement in targeted poverty alleviation, offering valuable insights for developing countries to sustainably eliminate poverty. © 2023","Debt financing costs; Social responsibility; Targeted poverty alleviation","","Y. Liang; School of Business, Zhengzhou University, Zhengzhou, 450001, China; email: yyliang00@126.com","","Elsevier Ltd","15446123","","","","English","Finan. Res. Lett.","Article","Final","","Scopus","2-s2.0-85173156591"
"Postiglione M.; Carini C.; Falini A.","Postiglione, Massimo (59261212300); Carini, Cristian (55850414200); Falini, Alberto (59261390100)","59261212300; 55850414200; 59261390100","ESG and firm value: A hybrid literature review on cost of capital implications from Scopus database","2024","Corporate Social Responsibility and Environmental Management","31","6","","6457","6480","22","10.1002/csr.2940","https://www.scopus.com/inward/record.uri?eid=2-s2.0-85201309804&doi=10.1002%2Fcsr.2940&partnerID=40&md5=b863c024d219442e9948e6d52a6f747a","Department of Economics and Management, University of Brescia, Brescia, Italy","Postiglione M., Department of Economics and Management, University of Brescia, Brescia, Italy; Carini C., Department of Economics and Management, University of Brescia, Brescia, Italy; Falini A., Department of Economics and Management, University of Brescia, Brescia, Italy","The relationship between ESG and firm value has been a relevant subject of study in recent years. We conducted a hybrid literature review to understand the literature's findings on this relationship and its implications in terms of cost of capital. First, a keyword co-occurrence analysis on a 122 ABS ranked journals articles selection from Scopus database was adopted to identify and investigate the main research fields of the current literature. Then a content analysis through the bibliographic coupling of the most globally cited contributions was made, defining a final sample of 50 articles obtained through a minimum threshold of at least 15 total global citations (TGCs). We found that studies on the cost of debt configuration are more aimed at determining the implications on firm value, while most contributions on the cost of equity focus on the assessment of the risk–return profile for the investor or the construction of an ESG portfolio. Furthermore, we found that most of the literature has a consensus view on the lack of transparency behind the ESG ratings and their construction methodology, stating that disagreement on ESG ratings not only limits the results of empirical analysis, but can also negatively affect firm value due to a higher level of uncertainty. © 2024 The Author(s). Corporate Social Responsibility and Environmental Management published by ERP Environment and John Wiley & Sons Ltd.","cost of capital; ESG; firm value; review; sustainability rating","","M. Postiglione; Department of Economics and Management, University of Brescia, Brescia, Italy; email: massimo.postiglione@unibs.it","","John Wiley and Sons Ltd","15353958","","","","English","Corp. Soc. Responsib. Environ. Manage.","Review","Final","All Open Access; Hybrid Gold Open Access","Scopus","2-s2.0-85201309804"
"Li Q.; Gu X.","Li, Qinying (59700101200); Gu, Xuesong (55034213800)","59700101200; 55034213800","The impact of green credit on the financial performance of green transformation enterprises: Based on the chain mediation effect of ESG","2025","International Review of Economics and Finance","103","","104525","","","4","10.1016/j.iref.2025.104525","https://www.scopus.com/inward/record.uri?eid=2-s2.0-105013127864&doi=10.1016%2Fj.iref.2025.104525&partnerID=40&md5=41e84e7e141b44a4a85b46bb56f1da12","School of Economics and Management, Beijing Forestry University, No.35, Qinghua East Road, Haidian District, Beijing, 100083, China","Li Q., School of Economics and Management, Beijing Forestry University, No.35, Qinghua East Road, Haidian District, Beijing, 100083, China; Gu X., School of Economics and Management, Beijing Forestry University, No.35, Qinghua East Road, Haidian District, Beijing, 100083, China","This paper constructs a difference-in-differences model using the “Green Credit Guidelines” as a policy shock to study the impact of green credit policies on the financial performance of green enterprises. Empirical analysis reveals that the green credit policy significantly improved the financial performance of green transformation enterprises directly and enhanced corporate financial performance indirectly through lowing the cost of debt capital. Although the policy did not have a direct impact on the cost of equity capital of green enterprises, it can play a role in reducing the cost of capital through the chain mediation mechanism of “Green Credit - ESG performance - cost of capital - financial performance”, thereby improving the performance of green enterprises. Green credit also promotes the performance of green enterprises through two channels: enhancing the growth potential of green enterprises and improving ESG performance. Heterogeneity analysis finds that the promotional effect of green credit policies on the performance of green enterprises is more significant in underdeveloped areas and among small and medium-sized enterprises. © 2025 The Authors","Chinese A-share green enterprises; Cost of capital; ESG performance; Green credit","","X. Gu; School of Economics and Management, Beijing Forestry University, Beijing, No.35, Qinghua East Road, Haidian District, 100083, China; email: guxuesong@bjfu.edu.cn","","Elsevier Inc.","10590560","","","","English","Int. Rev. Econ. Financ.","Article","Final","All Open Access; Gold Open Access; Green Open Access","Scopus","2-s2.0-105013127864"
"Deng G.; Deng Q.; Yan J.","Deng, Guoying (55959180300); Deng, Qiyun (58899376800); Yan, Jingzhou (57204919980)","55959180300; 58899376800; 57204919980","Media ESG sentiment and the cost of debt: Evidence from China","2026","Economic Modelling","155","","107398","","","0","10.1016/j.econmod.2025.107398","https://www.scopus.com/inward/record.uri?eid=2-s2.0-105024361655&doi=10.1016%2Fj.econmod.2025.107398&partnerID=40&md5=f04caa4c6fff330c65f0b02b6660b71a","School of Economics, Sichuan University, China","Deng G., School of Economics, Sichuan University, China; Deng Q., School of Economics, Sichuan University, China; Yan J., School of Economics, Sichuan University, China","This study investigates how media ESG sentiment affects corporate cost of debt. Existing literature primarily focuses on firms’ own ESG performance and disclosure, with limited attention to the role of media ESG coverage in corporate financing. Using data from Chinese A-share listed companies covering 2007–2022, we develop a theoretical model and empirically examine this relationship. We find that positive media ESG sentiment significantly reduces corporate cost of debt by 3.76% for a one-standard-deviation increase. Our analysis reveals that media sentiment operates through three distinct channels: reducing information asymmetry, enhancing investor confidence, and facilitating support from policy-oriented banks. Cross-sectionally, the effect is more pronounced for firms with lower social reputation, higher ESG rating dispersion, inadequate ESG disclosure, smaller size and non-SOEs. These findings offer new insights into how external information intermediaries shape sustainable finance markets and provide implications for improving ESG information systems in emerging economies. © 2025 Elsevier B.V.","Cost of debt; Credit market; ESG; Media ESG sentiment","","J. Yan; School of Economics, Sichuan University, China; email: jingzhouyan@scu.edu.cn","","Elsevier B.V.","02649993","","","","English","Econ. Model.","Article","Final","","Scopus","2-s2.0-105024361655"
"Fikru M.G.; Brodmann J.; Eng L.L.; Grant J.A.","Fikru, Mahelet G. (38661336000); Brodmann, Jennifer (57196355735); Eng, Li Li (7102044414); Grant, J. Andrew (56848593400)","38661336000; 57196355735; 7102044414; 56848593400","ESG ratings in the mining industry: Factors and implications","2024","Extractive Industries and Society","20","","101521","","","24","10.1016/j.exis.2024.101521","https://www.scopus.com/inward/record.uri?eid=2-s2.0-85205431566&doi=10.1016%2Fj.exis.2024.101521&partnerID=40&md5=5804939a35901978ac4738cd07f9d920","Department of Economics, Missouri University of Science and Technology,  Street, Rolla, 65401, MO, United States; Department of Accounting, Finance, Economics and Law, California State University Dominguez Hills, Carson, 90747, CA, United States; Department of Business and Information Technology, Missouri University of Science and Technology, Rolla, 65401, MO, United States; Department of Political Studies, Queen's University, Kingston, K7L 3N6, ON, Canada","Fikru M.G., Department of Economics, Missouri University of Science and Technology,  Street, Rolla, 65401, MO, United States; Brodmann J., Department of Accounting, Finance, Economics and Law, California State University Dominguez Hills, Carson, 90747, CA, United States; Eng L.L., Department of Business and Information Technology, Missouri University of Science and Technology, Rolla, 65401, MO, United States; Grant J.A., Department of Political Studies, Queen's University, Kingston, K7L 3N6, ON, Canada","While previous research explores the relationship between ESG ratings, firm size, and financial outcomes, there is a lack of comprehensive analysis comparing multiple ESG ratings within the mining industry. This gap is crucial given the increasing focus on ESG in mining operations and its potential impact on company performance. Based on proprietary financial and ESG ratings data from 200 mining companies, this study investigates the relationship between two different ESG ratings and firm characteristics. We compare ESG-rated firms with unrated firms in terms of firm size, and financial performance indicators, and explore country-level patterns in ESG ratings. Findings reveal that ESG-rated mining companies are generally larger than unrated firms but neither more profitable nor face lower debt costs. The results also show that, among rated firms, larger mining firms have more favorable ESG ratings than smaller ones. However, we fail to find a correlation between ESG ratings and financial performance. Finally, the evidence suggests that mining companies rated high for unmanaged ESG risk are likely to have lower ESG scores. This research contributes to understanding whether and how ESG ratings could impact investment decisions and risk management strategies in the mining sector. © 2024 The Author(s)","Cost of debt; ESG Risk ratings; ESG scores; Mining industry; Refinitiv; Return on asset; Sustainability","","J.A. Grant; Queen's University, Canada; email: andrew.grant@queensu.ca","","Elsevier Ltd","2214790X","","","","English","Extr. Ind. Soc.","Article","Final","All Open Access; Hybrid Gold Open Access","Scopus","2-s2.0-85205431566"
"Sahu N.C.; Mahanta A.; Jena N.R.","Sahu, Naresh Chandra (39962581300); Mahanta, Abhisek (59330430400); Jena, Nihar Ranjan (57211804888)","39962581300; 59330430400; 57211804888","From corporate responsibility to corporate sustainability: A study of how ESG mitigates corporate default risk using serial mediation analysis","2026","Global Finance Journal","69","","101225","","","0","10.1016/j.gfj.2025.101225","https://www.scopus.com/inward/record.uri?eid=2-s2.0-105022923767&doi=10.1016%2Fj.gfj.2025.101225&partnerID=40&md5=b7164e1aecd0a5d51fd7e74d21fce5ec","School of Humanities, Social Sciences, and Management, Indian Institute of Technology Bhubaneswar, Odisha, 752050, India","Sahu N.C., School of Humanities, Social Sciences, and Management, Indian Institute of Technology Bhubaneswar, Odisha, 752050, India; Mahanta A., School of Humanities, Social Sciences, and Management, Indian Institute of Technology Bhubaneswar, Odisha, 752050, India; Jena N.R., School of Humanities, Social Sciences, and Management, Indian Institute of Technology Bhubaneswar, Odisha, 752050, India","This study investigates how Environmental, Social, and Governance (ESG) performance is linked to the corporate default risk. Using listed Indian firms from 2016 to 2024, this study finds that ESG performance and its individual dimensions are negatively related to default risk via improved Altman Z-score. The advanced serial mediation analysis using the PROCESS model 6 suggests that ESG information is transmitted to lower default risk via enhanced corporate efficiency (CEF), improved financial performance indicated by return on assets (ROA), and lowered the cost of borrowing indicated by the cost of debt (COD). Applying the Propensity Score Matching (PSM) and Difference-in-Difference (DID) technique, this study also documents that firms that are part of the NIFTY100ESG index have significantly better financial resilience than companies not part of the index after the COVID-19 crisis. Through ex-post analysis in the case of defaulted firms, this study finds that ESG performance can predict corporate default events if combined with other parameters effectively. The findings supported by the legitimacy theory indicate that firms can increase corporate sustainability and legitimacy not only through improvements in corporate efficiency and profitability but also through external perceptions, responsibility, and ethical practices, which function as an ‘insurance effect’. Thus, policymakers should encourage lenders to integrate ESG factors into business models and promote sustainable business practices to reduce financial risks. This will accelerate the firms' adoption of cleaner technologies, enhance governance standards, and strengthen overall financial stability and corporate sustainability. © 2025 Elsevier Inc.","Corporate default risk; Corporate efficiency; Corporate sustainability; COVID-19; ESG; Serial mediation analysis","","A. Mahanta; School of Humanities, Social Sciences, and Management, Indian Institute of Technology Bhubaneswar, Odisha, 752050, India; email: s22hs09003@iitbbs.ac.in","","Elsevier B.V.","10440283","","","","English","Global Financ. J.","Article","Final","","Scopus","2-s2.0-105022923767"
"Raimo N.; Caragnano A.; Zito M.; Vitolla F.; Mariani M.","Raimo, Nicola (57206728937); Caragnano, Alessandra (57217055914); Zito, Marianna (57217058140); Vitolla, Filippo (56422376800); Mariani, Massimo (57191646634)","57206728937; 57217055914; 57217058140; 56422376800; 57191646634","Extending the benefits of ESG disclosure: The effect on the cost of debt financing","2021","Corporate Social Responsibility and Environmental Management","28","4","","1412","1421","434","10.1002/csr.2134","https://www.scopus.com/inward/record.uri?eid=2-s2.0-85102275018&doi=10.1002%2Fcsr.2134&partnerID=40&md5=4057e68219eb9f859920b66d05e44904","Department of Management, Finance and Technology, LUM University, Casamassima, Italy","Raimo N., Department of Management, Finance and Technology, LUM University, Casamassima, Italy; Caragnano A., Department of Management, Finance and Technology, LUM University, Casamassima, Italy; Zito M., Department of Management, Finance and Technology, LUM University, Casamassima, Italy; Vitolla F., Department of Management, Finance and Technology, LUM University, Casamassima, Italy; Mariani M., Department of Management, Finance and Technology, LUM University, Casamassima, Italy","In recent years, greater attention has been paid to sustainability issues. Companies have received increasing pressure from stakeholders to adopt sustainable behavior and provide an adequate representation of sustainability practices. Nonfinancial disclosure has thus taken on a crucial role. In the academic field, several researchers have analyzed the effects of nonfinancial disclosure. However, limited attention has been paid to the impact of nonfinancial information on the cost of debt. This study aims at bridging this gap by analyzing the effect of ESG disclosure on the cost of debt. The fixed effects analysis conducted on a sample of 8264 observations (an unbalanced panel data of 919 firms for the period 2010–2019), shows a negative effect of the ESG disclosure on the cost of debt financing. The results demonstrate that companies with greater levels of transparency in the dissemination of ESG information benefit from accessing third party financial resources at better conditions. © 2021 ERP Environment and John Wiley & Sons Ltd.","cost of debt; disclosure; ESG disclosure; nonfinancial information","","F. Vitolla; Department of Management, Finance and Technology, LUM University, Casamassima, Italy; email: vitolla@lum.it","","John Wiley and Sons Ltd","15353958","","","","English","Corp. Soc. Responsib. Environ. Manage.","Article","Final","","Scopus","2-s2.0-85102275018"
"Dhoraisingam Samuel S.; Mahenthiran S.; Ramasamy R.","Dhoraisingam Samuel, Shyamala (58163430300); Mahenthiran, Sakthi (6505935320); Ramasamy, Ravindran (56459712800)","58163430300; 6505935320; 56459712800","CSR Disclosures, CSR Awards and Corporate Governance as Determinants of the Cost of Debt: Evidence from Malaysia","2022","International Journal of Financial Studies","10","4","87","","","13","10.3390/ijfs10040087","https://www.scopus.com/inward/record.uri?eid=2-s2.0-85142681228&doi=10.3390%2Fijfs10040087&partnerID=40&md5=f46d5d5d3ba150e4a3d835d0bc383098","School of Business, Monash University Malaysia, Subang Jaya, 47500, Malaysia; College of Business Administration, Gulf University for Science and Technology, Mubarak Al-Abdullah Area, West Mishref, 40006, Kuwait; Graduate Business School of Business, University Tun Abdul Razak (UNIRAZAK), Kuala Lumpur, 50480, Malaysia","Dhoraisingam Samuel S., School of Business, Monash University Malaysia, Subang Jaya, 47500, Malaysia; Mahenthiran S., College of Business Administration, Gulf University for Science and Technology, Mubarak Al-Abdullah Area, West Mishref, 40006, Kuwait; Ramasamy R., Graduate Business School of Business, University Tun Abdul Razak (UNIRAZAK), Kuala Lumpur, 50480, Malaysia","The current study examines the relationship between corporate social responsibility (CSR) disclosures, media announcements of CSR awards and a firm’s cost of debt in Malaysia. The sample consists of 104 Malaysian publicly listed companies belonging to the Edge Billion Ringgit Club between 2009 to 2015. The study uses panel data regression analysis and the ordinary least squares estimation method. The results find that the interaction between CSR disclosures and winning awards for a company’s CSR initiatives and practices lowers the cost of debt. Our study concludes that, when a company discloses more information on its CSR initiatives and practices, it reduces the cost of debt. Thus, we argue that CSR disclosures and awards can act as proxies for branding listed firms, making them more marketable and allowing them to negotiate better debt contracts. However, the study shows that politically connected companies have a higher debt cost than non-politically connected firms. Furthermore, our results indicate that smaller boards are effective, but audit committees are not effective in monitoring the board of directors in Malaysian listed firms. © 2022 by the authors.","corporate governance; corporate social responsibility; cost of debt; CSR awards; Malaysia; reputation","","S. Dhoraisingam Samuel; School of Business, Monash University Malaysia, Subang Jaya, 47500, Malaysia; email: shymala.dhoraisingam@monash.edu","","MDPI","22277072","","","","English","Intern. J. Financial Stud.","Article","Final","All Open Access; Gold Open Access; Green Open Access","Scopus","2-s2.0-85142681228"
"Sari M.; Joni J.; Ginting E.K.S.B.","Sari, Meilinda (59198901200); Joni, Joni (57213198529); Ginting, Enda Karina Salsalina Br (59198652900)","59198901200; 57213198529; 59198652900","How does family business affect the association between corporate social responsibility disclosure and cost of debt in Indonesia?","2024","Business Strategy and Development","7","3","e395","","","4","10.1002/bsd2.395","https://www.scopus.com/inward/record.uri?eid=2-s2.0-85197270165&doi=10.1002%2Fbsd2.395&partnerID=40&md5=9ee8d136f819322ace6690ae06c52a24","Faculty of Business, Accounting Department, Universitas Kristen Maranatha, Jawa Barat, Bandung, Indonesia; Faculty of Business, Accounting Department, Universitas Kristen Maranatha, Jawa Barat, Kota Bandung, Indonesia","Sari M., Faculty of Business, Accounting Department, Universitas Kristen Maranatha, Jawa Barat, Bandung, Indonesia; Joni J., Faculty of Business, Accounting Department, Universitas Kristen Maranatha, Jawa Barat, Kota Bandung, Indonesia; Ginting E.K.S.B., Faculty of Business, Accounting Department, Universitas Kristen Maranatha, Jawa Barat, Bandung, Indonesia","This study examines how corporate social responsibility (CSR) disclosure and family firms affect the cost of debt (COD) using a sample of companies listed on the Indonesia Stock Exchange between 2017 and 2020. Ordinary least square regression was applied to investigate this association. This study also addresses the endogeneity problem using the generalized method of moments (GMM). This study finds that CSR lowers a company's COD. Firms with more CSR reporting minimize information asymmetry and improve their reputation. Next, we investigate whether family ownership can moderate the relationship between CSR and the COD. These findings support the hypothesis that family ownership moderates the relationship between CSR and COD. It is possible that family businesses use CSR to maintain a good reputation among their stakeholders, thus producing more CSR reports. The findings contribute to the literature by providing empirical evidence on how CSR and family firms experience a lower COD capital in the emerging economy context of Indonesia. Furthermore, this study provides academic implications by investigating whether family ownership can be a moderator variable in the association between CSR and COD. The study also has practical implications for practitioners and regulators in creating policies that promote better CSR initiatives and corporate governance systems. © 2024 ERP Environment and John Wiley & Sons Ltd.","corporate social responsibility disclosure; cost of debt; emerging economies; family ownership","","J. Joni; Faculty of Business, Accounting Department, Universitas Kristen Maranatha, Kota Bandung, Surya Sumantri No.65, Sukawarna, Kec. Sukajadi, Jawa Barat, 40164, Indonesia; email: joni@eco.maranatha.edu","","John Wiley and Sons Inc","25723170","","","","English","Bus. strat. Dev.","Article","Final","","Scopus","2-s2.0-85197270165"
"Amarna K.; Garde Sánchez R.; López-Pérez M.V.; Marzouk M.","Amarna, Khayria (58899528200); Garde Sánchez, Raquel (55917343900); López-Pérez, Maria Victoria (36617541800); Marzouk, Mahmoud (57191895302)","58899528200; 55917343900; 36617541800; 57191895302","The effect of environmental, social, and governance disclosure and real earning management on the cost of financing","2024","Corporate Social Responsibility and Environmental Management","31","4","","3181","3193","29","10.1002/csr.2740","https://www.scopus.com/inward/record.uri?eid=2-s2.0-85185668627&doi=10.1002%2Fcsr.2740&partnerID=40&md5=0ead3ddde1d047b5449ad16428b07e9c","Faculty of Economy and Business, University of Granada, Granada, Spain; School of Business, University of Leicester, Leicester, United Kingdom; Faculty of Commerce, Menoufia University, Shebin El-Kom, Egypt","Amarna K., Faculty of Economy and Business, University of Granada, Granada, Spain; Garde Sánchez R., Faculty of Economy and Business, University of Granada, Granada, Spain; López-Pérez M.V., Faculty of Economy and Business, University of Granada, Granada, Spain; Marzouk M., School of Business, University of Leicester, Leicester, United Kingdom, Faculty of Commerce, Menoufia University, Shebin El-Kom, Egypt","This study identifies if sustainable development practices measured through ESG information disclosure are related to stakeholder confidence, leading to a lower cost of debt and equity financing. We also investigate the possible moderating role of real earnings management. We apply a fixed effects panel data analysis to 1659 firm-year observations of 177 European companies from 2010 to 2019. The results show that investors value ESG disclosure negatively and increase the cost of equity, whereas lenders value it positively and reduce the cost of debt. In addition, when the moderating effect of real earnings management is introduced, the effect of ESG disclosure on the cost of debt decreases, and the effect of ESG disclosure on the cost of equity is reinforced by increasing it. In the presence of real earnings management, investors and lenders seem to think companies use ESG disclosure to legitimise their practices or mislead financing providers. © 2024 The Authors. Corporate Social Responsibility and Environmental Management published by ERP Environment and John Wiley & Sons Ltd.","cost of debt; cost of equity; environmental policy; ESG disclosure; real earnings management; stakeholder engagement; sustainable development","","R. Garde Sánchez; Faculty of Economy and Business, University of Granada, Granada, Campus de Cartuja, s/n, 18071, Spain; email: rgarde@ugr.es","","John Wiley and Sons Ltd","15353958","","","","English","Corp. Soc. Responsib. Environ. Manage.","Article","Final","All Open Access; Hybrid Gold Open Access","Scopus","2-s2.0-85185668627"
"Wang J.; Zhang L.; Sun Y.","Wang, Junkai (58244973100); Zhang, Lin (59458377900); Sun, Yihan (57695762800)","58244973100; 59458377900; 57695762800","Geopolitical risk and corporate environmental investment","2025","Applied Economics","57","60","","10951","10965","8","10.1080/00036846.2025.2449620","https://www.scopus.com/inward/record.uri?eid=2-s2.0-85214365886&doi=10.1080%2F00036846.2025.2449620&partnerID=40&md5=9437063008ab783a0dacd7c460f151b6","Business School, Sichuan University, Chengdu, China; China School of Banking and Finance, University of International Business and Economics, Beijing, China; School of International Economics and Trade, Nanjing University of Finance and Economics, Nanjing, China","Wang J., Business School, Sichuan University, Chengdu, China; Zhang L., China School of Banking and Finance, University of International Business and Economics, Beijing, China; Sun Y., School of International Economics and Trade, Nanjing University of Finance and Economics, Nanjing, China","This paper examines the impact of geopolitical risk on corporate environmental investment, focusing on A-share listed companies in China’s Shanghai and Shenzhen stock markets from 2000 to 2022. The study finds that the geopolitical risks currently faced by China have had a negative impact on domestic corporate environmental investment. This adverse effect primarily occurs through mechanisms such as increased market uncertainty, and higher corporate debt costs. Heterogeneity analysis reveals that companies with a higher proportion of executives with environmental backgrounds and those under environmental regulation experience less negative impact on environmental investment when facing geopolitical risks. These findings have significant theoretical and practical implications for corporate managers and policymakers, offering valuable references and guidance for further enhancing corporate environmental investment. © 2025 Informa UK Limited, trading as Taylor & Francis Group.","CEO environmental background; environmental investment; Geopolitical risk; regulation","China; Guangdong; Shanghai; Shenzhen; corporate social responsibility; debt; environmental values; geopolitics; investment; stock market","Y. Sun; School of International Economics and Trade, Nanjing University of Finance and Economics, Nanjing, China; email: 11sunyihan@sina.com","","Routledge","00036846","","","","English","Appl. Econ.","Article","Final","","Scopus","2-s2.0-85214365886"
"Eliwa Y.; Aboud A.; Saleh A.","Eliwa, Yasser (57951070200); Aboud, Ahmed (57202161060); Saleh, Ahmed (57264165600)","57951070200; 57202161060; 57264165600","ESG practices and the cost of debt: Evidence from EU countries","2021","Critical Perspectives on Accounting","79","","102097","","","633","10.1016/j.cpa.2019.102097","https://www.scopus.com/inward/record.uri?eid=2-s2.0-85115272127&doi=10.1016%2Fj.cpa.2019.102097&partnerID=40&md5=e7aef4e3d23071d3d1d96d9df9b8134b","School of Business and Economics, Loughborough University, UK, United Kingdom; Faculty of Commerce, Cairo University, Egypt; Portsmouth Business School, University of Portsmouth, UK, United Kingdom; Faculty of Commerce, Beni-Suef University, Egypt; Faculty of Business and Law, Coventry University, UK, United Kingdom; Faculty of Commerce, Mansoura University, Egypt","Eliwa Y., School of Business and Economics, Loughborough University, UK, United Kingdom, Faculty of Commerce, Cairo University, Egypt; Aboud A., Portsmouth Business School, University of Portsmouth, UK, United Kingdom, Faculty of Commerce, Beni-Suef University, Egypt; Saleh A., Faculty of Business and Law, Coventry University, UK, United Kingdom, Faculty of Commerce, Mansoura University, Egypt","Using legitimacy and institutional theories, this study investigates whether lending institutions reward firms in 15 EU countries for their environmental, social and governance (ESG) performance and disclosure in terms of lowering their cost of debt capital. Our study distinguishes between ESG performance that is used to indicate an effective commitment to ESG strategies, and ESG disclosure that represents an effort to construct an image of commitment designed to positively influence stakeholders’ perceptions. Supporting a version of legitimacy theory, we find that lending institutions value both ESG performance and disclosure and integrate ESG information in their credit decisions – in that firms with stronger ESG performance have a lower cost of debt, and ESG disclosure has an equal impact on the cost of debt as ESG performance. Although these findings suggest that the market (in context) can engender more desirable social outcomes by rewarding ESG practices, it fails to distinguish between ESG performance and disclosure (which may be contrasted as the more substantive and the more symbolic). Moreover, our results also reflect upon the importance of the role that civil society and the state play in addressing and exploring the limitations of free-market regimes. Specifically, we provide evidence that the impact of ESG performance and disclosure on the cost of debt is more dominant in the stakeholder-oriented countries (where the community is more prevalent). Our main findings are robust to a battery of sensitivity tests, including an alternative measure of the cost of debt, model specifications, and different approaches to address endogeneity. We acknowledge limitations in our research method but point nevertheless to its value in supporting a critical perspective and make suggestions for future research. © 2019 Elsevier Ltd","Credit ratings; ESG disclosure; ESG performance; EU; The cost of debt","","Y. Eliwa; School of Business and Economics, Loughborough University, Loughborough, LE11 3TU, United Kingdom; email: Y.Eliwa@lboro.ac.uk","","Academic Press","10452354","","","","English","Crit. Perspect. Account.","Article","Final","All Open Access; Gold Open Access; Green Open Access","Scopus","2-s2.0-85115272127"
"Attig N.; Rahaman M.; Trabelsi S.","Attig, Najah (14068606800); Rahaman, Mohammad (36492113200); Trabelsi, Samir (7005330856)","14068606800; 36492113200; 7005330856","Creditors at the Gate: Effects of Selective Environmental Disclosure on the Cost of Debt","2025","Corporate Governance: An International Review","33","2","","202","230","19","10.1111/corg.12599","https://www.scopus.com/inward/record.uri?eid=2-s2.0-86000435351&doi=10.1111%2Fcorg.12599&partnerID=40&md5=bd116e5497168d52349acbed9b956db7","Faculty of Management, Dalhousie University, Halifax, Canada; Sobey School of Business, Saint Mary's University, Halifax, Canada; Goodman School of Business, Brock University, St. Catharines, Canada","Attig N., Faculty of Management, Dalhousie University, Halifax, Canada; Rahaman M., Sobey School of Business, Saint Mary's University, Halifax, Canada; Trabelsi S., Goodman School of Business, Brock University, St. Catharines, Canada","Research Question/Issue: What is the impact of selective environmental disclosure, also known as greenwashing, on firms' credit risk profiles? Can the superior information and monitoring abilities of private lenders serve as environmental governance mechanisms to promote the adoption of ESG best practices by firms?. Research Findings/Insights: Through detailed examination of private debt contracts and environmental disclosure practices, we reveal that private lenders impose financial penalties on firms with poor environmental records, manifesting as higher spreads and loan-related fees. Additionally, our analysis demonstrates that greenwashing, or misleading environmental transparency, results in increased debt financing costs for firms. Moreover, lenders may adopt lenient nonprice terms to mitigate the impact of higher loan costs on firms engaged in selective environmental disclosure. This intricate contract design allows lenders to extract appropriate returns without hindering firms' access to external financing. Theoretical/Academic Implications: Our findings underscore the significance of private creditors in enhancing environmental disclosure standards within the corporate sphere. Additionally, our evidence emphasizes the importance of integrating firms' environmental impact into theoretical and empirical credit risk models. Practitioner/Policy Implications: The intricate contract structures of bank loans can effectively address the informational risks associated with selective disclosure, without impeding firms' access to external financing. Hence, this financing mechanism holds the potential to enhance the ESG performance of firms. © 2024 The Author(s). Corporate Governance: An International Review published by John Wiley & Sons Ltd.","bank financing; corporate governance; cost of debt; debt covenant; environmental disclosure; environmental governance; greenwashing","","M. Rahaman; Sobey School of Business, Saint Mary's University, Halifax, Canada; email: mohammad.rahaman@smu.ca","","John Wiley and Sons Inc","09648410","","","","English","Corp. Gov.: Int. Rev.","Article","Final","All Open Access; Hybrid Gold Open Access","Scopus","2-s2.0-86000435351"
"Song H.; Rimmel G.","Song, Haozhe (59348802900); Rimmel, Gunnar (55781252100)","59348802900; 55781252100","Debtholders' reaction to sustainability reporting regulations: International evidence","2025","Business Strategy and the Environment","34","1","","88","115","3","10.1002/bse.3959","https://www.scopus.com/inward/record.uri?eid=2-s2.0-85205294217&doi=10.1002%2Fbse.3959&partnerID=40&md5=df475a7320aacdcd15d434160b7284fa","School of Economics and Management, Beijing Jiaotong University, Beijing, China; Central and Eastern European Research Centre, Beijing Jiaotong University, Beijing, China; Aalborg University Business School, Aalborg University, Aalborg, Denmark","Song H., School of Economics and Management, Beijing Jiaotong University, Beijing, China, Central and Eastern European Research Centre, Beijing Jiaotong University, Beijing, China; Rimmel G., Aalborg University Business School, Aalborg University, Aalborg, Denmark","This study investigates the impact of mandatory sustainability reporting on the affected firms' debt financing costs. Leveraging sustainability disclosure regulations enacted in 36 jurisdictions from 1998 to 2022 and using a staggered difference-in-differences empirical approach, we find that the regulation adoption firms experience a reduction in the debt financing cost subsequent to the mandate. Channel tests reveal that the benefit of a lower cost of debt is driven by greater transparency on sustainable practices and improved sustainability performance, which lead to a lower level of default risk stemming from sustainability-related concerns. Cross-sectional analyses further indicate that the debt financing cost reduction effect is more pronounced if the sustainability reporting regulations are issued by a government institution, on a full compliance basis, and with stronger enforcement. Our results provide policymakers with further evidence on the ongoing discussion about the effectiveness of sustainability disclosure mandates. © 2024 ERP Environment and John Wiley & Sons Ltd.","debt financing cost; sustainability performance; sustainability reporting regulation; transparency","cost analysis; debt; empirical analysis; financial market; financial services; sustainability","H. Song; School of Economics and Management, Beijing Jiaotong University, Beijing, Haidian District, China; email: hzsong@bjtu.edu.cn","","John Wiley and Sons Ltd","09644733","","","","English","Bus. Strategy Environ.","Article","Final","All Open Access; Bronze Open Access","Scopus","2-s2.0-85205294217"
"Zhang S.; Xu G.; Shu Y.; Zhu J.","Zhang, Shanfei (59162921800); Xu, Guanghua (56399670600); Shu, Ying (57201498754); Zhu, Jian (59215034100)","59162921800; 56399670600; 57201498754; 59215034100","Corporate ESG competitive disadvantage and cost of debt financing","2024","Finance Research Letters","69","","106102","","","13","10.1016/j.frl.2024.106102","https://www.scopus.com/inward/record.uri?eid=2-s2.0-85203636783&doi=10.1016%2Fj.frl.2024.106102&partnerID=40&md5=75199ff28ea2014a14ecb7364988522b","Nanjing University of Science and Technology, Nanjing, 210094, China; College of Economics and Management, Nanjing Forestry University, Nanjing, 210037, China; School of Management and Engineering, Nanjing University, Nanjing, 210008, China","Zhang S., Nanjing University of Science and Technology, Nanjing, 210094, China; Xu G., Nanjing University of Science and Technology, Nanjing, 210094, China; Shu Y., College of Economics and Management, Nanjing Forestry University, Nanjing, 210037, China, School of Management and Engineering, Nanjing University, Nanjing, 210008, China; Zhu J., Nanjing University of Science and Technology, Nanjing, 210094, China","This paper examines the impact of firms' ESG competitive disadvantages on debt financing costs using data from Chinese A-share listed firms from 2011 to 2021. It reveals that (1) ESG competitive disadvantages heighten debt financing costs; (2) local environmental concerns and industry competition strengthen this relationship; (3) ESG competitive disadvantages increase financing costs through heightened financial risk and information asymmetry; and (4) this relationship is significant particularly for mature, declining, and privately-owned firms. This paper, for the first time, explores the penalisation mechanism of corporate negative ESG performance, providing new evidence to advocate for proactive ESG governance. © 2024","Cost of debt financing; ESG competitive disadvantage; Industry competition; Public environmental concern","","Y. Shu; College of Economics and Management, Nanjing Forestry University, Nanjing, 210037, China; email: yingshu1224@njfu.edu.cn","","Elsevier Ltd","15446123","","","","English","Finan. Res. Lett.","Article","Final","","Scopus","2-s2.0-85203636783"
"Doshi M.; Jain R.; Sharma D.; Mukherjee D.; Kumar S.","Doshi, Medha (58642742000); Jain, Riidhi (57571281300); Sharma, Dipasha (56689083400); Mukherjee, Deepraj (50161993300); Kumar, Satish (57992552600)","58642742000; 57571281300; 56689083400; 50161993300; 57992552600","Does ownership influence ESG disclosure scores?","2024","Research in International Business and Finance","67","","102122","","","51","10.1016/j.ribaf.2023.102122","https://www.scopus.com/inward/record.uri?eid=2-s2.0-85173967780&doi=10.1016%2Fj.ribaf.2023.102122&partnerID=40&md5=becadb1ee7c2c477e7caab5cb17e3f17","Symbiosis Centre for Research and Innovation, Symbiosis International (Deemed) University, Pune, India; Symbiosis Centre for Management and Human Resource Development, Symbiosis International (Deemed) University, Pune, India; Department of Economics, Ambassador Crawford College of Business and Entrepreneurship, Kent State University, Kent, 44240, OH, United States; Finance and Accounting Area, Indian Institute of Management Nagpur, Nagpur, 441108, India","Doshi M., Symbiosis Centre for Research and Innovation, Symbiosis International (Deemed) University, Pune, India; Jain R., Symbiosis Centre for Management and Human Resource Development, Symbiosis International (Deemed) University, Pune, India; Sharma D., Symbiosis Centre for Management and Human Resource Development, Symbiosis International (Deemed) University, Pune, India; Mukherjee D., Department of Economics, Ambassador Crawford College of Business and Entrepreneurship, Kent State University, Kent, 44240, OH, United States; Kumar S., Finance and Accounting Area, Indian Institute of Management Nagpur, Nagpur, 441108, India","The present article investigates whether the different ownership structures in the non-finance sector impact the Environmental, Social, and Governance scores (ESG). Panel data regression has been used for analyzing the publicly listed 500 listed companies on National Stock Exchange (NSE), India, excluding the banking and financial services sector from 2015 to 2020. The variables used are size, age, leverage, cost of debt, number of independent directors, number of women on board, market capitalization, interest coverage ratio, Government Ownership, and Private Ownership. Results reflected that government ownership had a positive and significant impact on the ESG scores of the companies, whereas there is an insignificant relationship with privately-owned companies. The study will be helpful for academicians to gain insight into the relationship between ownership structures and ESG scores. © 2023 Elsevier B.V.","Emerging; ESG; Financial performance; India; Markets; Non-finance companies; Ownership structure","","D. Mukherjee; Department of Economics, Ambassador Crawford College of Business and Entrepreneurship, Kent State University, Kent, 44240, United States; email: dmukherj@kent.edu","","Elsevier Ltd","02755319","","","","English","Res. Int. Bus. Financ.","Article","Final","","Scopus","2-s2.0-85173967780"
