Authors,Author full names,Author(s) ID,Title,Year,Source title,Volume,Issue,Art. No.,Page start,Page end,Cited by,DOI,Link,Affiliations,Authors with affiliations,Abstract,Author Keywords,Index Keywords,Correspondence Address,Editors,Publisher,ISSN,ISBN,CODEN,PubMed ID,Language of Original Document,Abbreviated Source Title,Document Type,Publication Stage,Open Access,Source,EID,Note
Siwei D.; Chalermkiat W.,"Siwei, Dong (57562152000); Chalermkiat, Wongvanichtawee (58701741500)",57562152000; 58701741500,An analysis on the relationship between ESG information disclosure and enterprise value: A case of listed companies in the energy industry in China,2023,Cogent Business and Management,10,3,2207685,,,17,10.1080/23311975.2023.2207685,https://www.scopus.com/inward/record.uri?eid=2-s2.0-85177209669&doi=10.1080%2F23311975.2023.2207685&partnerID=40&md5=9062f29ebe4d59ed9c4e89d7ea8f3f15,"Graduate School of Management, Siam University, Bangkok, Thailand; College of Accounting, Shandong Technology and Business University, Yantai, China","Siwei D., Graduate School of Management, Siam University, Bangkok, Thailand, College of Accounting, Shandong Technology and Business University, Yantai, China; Chalermkiat W., Graduate School of Management, Siam University, Bangkok, Thailand","This study examines the relationship between environment, social responsibility, and governance (ESG) information disclosure and firms’ value. It also investigates how debt cost is the mediate variable between the ESG and firms’ value. The content analysis supported sustainability development theory, stakeholder theory, and the double carbon target in China. The multiple linear regression is used to examine the relationships for a sample of 94 firm 4-year observations listed in the GICS energy industry during 2018–2021 in China. The results show that ESG is significantly positively associated with firms’ value. Nevertheless, debt cost is negatively and significantly related to ESG. More importantly, the results show that debt cost mediates ESG firms’ value relationship. Further, when the sample is split into state-owned and non-state-owned firms, the ESG- firms’ value significant positive relationship is evident only in the latter, corroborating the mediate role of the debt cost in China. This study contributes to the literature on ESG, debt cost, and firms’ value by offering evidence for the mediating role of debt cost on the ESG firms’ value relationship, supporting the view that non-state-owned firms are more sensitive. Regulators and stakeholders should be aware of the potential effect of engagement in ESG reporting and the benefits of having a low cost of debt on firms’ value. © 2023 The Author(s). Published by Informa UK Limited, trading as Taylor & Francis Group.",corporate value; cost of debt; ESG information performance; stakeholders; sustainability,,"D. Siwei; Graduate School of Management, Siam University, Bangkok, Thailand; email: d15306380167@163.com",,Cogent OA,23311975,,,,English,Cogent Bus. Manag.,Article,Final,All Open Access; Gold Open Access; Green Open Access,Scopus,2-s2.0-85177209669,
Hamrouni A.; Uyar A.; Boussaada R.,"Hamrouni, Amal (55603739300); Uyar, Ali (24448916800); Boussaada, Rim (56069836800)",55603739300; 24448916800; 56069836800,Are corporate social responsibility disclosures relevant for lenders? Empirical evidence from France,2020,Management Decision,58,2,,267,279,115,10.1108/MD-06-2019-0757,https://www.scopus.com/inward/record.uri?eid=2-s2.0-85076837057&doi=10.1108%2FMD-06-2019-0757&partnerID=40&md5=3991a90f8f968ffbd73a5873f867373a,"Department of Accounting and Finance, La Rochelle Business School, Excelia Group, La Rochelle, France; University of Poitiers, Poitiers, France; La Rochelle Business School, Excelia Group, La Rochelle, France; Faculty of Law, Economics and Management of Jendouba, University of Jendouba, Jendouba, Tunisia; GEF-2A Lab, Université de Tunis, Tunis, Tunisia","Hamrouni A., Department of Accounting and Finance, La Rochelle Business School, Excelia Group, La Rochelle, France, University of Poitiers, Poitiers, France; Uyar A., La Rochelle Business School, Excelia Group, La Rochelle, France; Boussaada R., Faculty of Law, Economics and Management of Jendouba, University of Jendouba, Jendouba, Tunisia, GEF-2A Lab, Université de Tunis, Tunis, Tunisia","Purpose: The purpose of this paper is to test whether or not CSR disclosure (i.e. aggregate as well as its three sub-indicators) reduces the cost of debt for French corporations listed in the SBF 120 index between 2010 and 2015. Design/methodology/approach: CSR disclosure ratings of firms were collected from the Bloomberg database under three dimensions such as environmental, social and governance (ESG). Then, a pooled regression analysis was run. Findings: The results indicate that overall CSR disclosure score as a combination of ESG disclosure scores has a negative effect on the cost of debt (i.e. lowers the cost of debt). While environmental disclosure is negatively associated with the cost of debt, social disclosure is unexpectedly positively associated, and governance disclosure has an insignificant association with the cost of debt. Research limitations/implications: The study has two main limitations. First, the analysis does not consider contractual constraints and obligations that might exist in debt contracts (Jung et al., 2018). Second, the analyses cover a specific time period (i.e. between 2010 and 2015) for a specific country (i.e. France) excluding utilities and the financial sector. Practical implications: Overall, it is inferred from the results that financial markets for lenders take into account CSR disclosure when assessing the creditworthiness of borrowers. Specifically, environmental disclosure is the only subdimension of CSR that is influential on creditors’ decisions to offer favorable interest rates. In line with this outcome, companies can assess their processes and be more aligned with eco-friendly practices, and investors are particularly advised to invest in those types of firms. Originality/value: This study extends scant literature on the association between CSR and the cost of debt by exploring how creditors treat CSR dimensions dissimilarly in granting loans to firms. The findings of this study have particular importance as financial debt is one of the most predominant forms of external financing. © 2019, Emerald Publishing Limited.",Cost of debt; Disclosure; Environmental; France; Governance; Social,,"A. Uyar; La Rochelle Business School, Excelia Group, La Rochelle, France; email: aliuyar@hotmail.com",,Emerald Group Holdings Ltd.,251747,,,,English,Manage. Decis.,Article,Final,,Scopus,2-s2.0-85076837057,
Gonzalez-Ruiz J.D.; Marín-Rodríguez N.J.; Peña A.,"Gonzalez-Ruiz, Juan David (57189303484); Marín-Rodríguez, Nini Johana (57195913643); Peña, Alejandro (55904731500)",57189303484; 57195913643; 55904731500,Board gender diversity and cost of debt financing: Evidence from Latin American and the Caribbean firms,2024,Journal of Corporate Accounting and Finance,35,2,,224,244,3,10.1002/jcaf.22683,https://www.scopus.com/inward/record.uri?eid=2-s2.0-85178240995&doi=10.1002%2Fjcaf.22683&partnerID=40&md5=a045d47eac99067b404a6950bb9acef3,"Departamento de Economía, Facultad de Ciencias Humanas y Económicas, Grupo de Investigación en Finanzas y Sostenibilidad, Universidad Nacional de Colombia, Sede Medellín, Medellín, Colombia; Programa de Ingeniería Financiera, Facultad de Ingenierías, Grupo de Investigación en Ingeniería Financiera GINIF, Universidad de Medellín, Antioquia, Medellín, Colombia; Departamento de Contaduría, Grupo de Investigación en Información y Gestión, Universidad EAFIT, Medellín, Colombia","Gonzalez-Ruiz J.D., Departamento de Economía, Facultad de Ciencias Humanas y Económicas, Grupo de Investigación en Finanzas y Sostenibilidad, Universidad Nacional de Colombia, Sede Medellín, Medellín, Colombia; Marín-Rodríguez N.J., Programa de Ingeniería Financiera, Facultad de Ingenierías, Grupo de Investigación en Ingeniería Financiera GINIF, Universidad de Medellín, Antioquia, Medellín, Colombia; Peña A., Departamento de Contaduría, Grupo de Investigación en Información y Gestión, Universidad EAFIT, Medellín, Colombia","This research examines the relationship between board gender diversity and the cost of debt financing in Latin American and Caribbean firms. We implement the Fuzzy Logistic Autoencoder model, using data for 470 firms spanning 2016–2021 from the Eikon Refinitiv Thomson Reuters database. Our findings suggest that the variables independent board, policy board diversity, sustainable development goal 5, executive gender diversity, and governance consistently demonstrated effects on reducing the short-term and long-term debt cost over the period analyzed. Consequently, the potential benefits of including women on the board of directors are conducive to improving the firm's reputation, which materializes in reducing the cost of debt. The results offer valuable insights to researchers and investors seeking to understand the role of BGD composition within firms and its financial impact. © 2023 Wiley Periodicals LLC.",board gender diversity; corporate governance; cost of debt; ESG; financing; Latin America; sustainability,,"J.D. Gonzalez-Ruiz; Departamento de Economía, Facultad de Ciencias Humanas y Económicas, Grupo de Investigación en Finanzas y Sostenibilidad, Universidad Nacional de Colombia, Sede Medellín, Medellín, Colombia; email: jdgonza3@unal.edu.co",,John Wiley and Sons Inc,10448136,,,,English,J. corp. account. finance,Article,Final,All Open Access; Bronze Open Access,Scopus,2-s2.0-85178240995,
Mubeen M.; Arsla H.M.; Ashfaq K.; Nisar A.; Azeem H.; Riaz A.,"Mubeen, Muhammad (57669631000); Arsla, Hafiz Muhammad (57225977980); Ashfaq, Khurram (57190621547); Nisar, Asad (58783813600); Azeem, Hafiz (57216671918); Riaz, Adil (57658234600)",57669631000; 57225977980; 57190621547; 58783813600; 57216671918; 57658234600,Bridging the Sustainability Gap: Unraveling the Interplay of Sustainability Disclosure and Cost of Debt,2024,Pakistan Journal of  Commerce and  Social Sciences,18,1,,181,225,8,,https://www.scopus.com/inward/record.uri?eid=2-s2.0-85195070036&partnerID=40&md5=f5f80e6fe12d9da60e3da5e5257d8cf6,"Department of Commerce, University of the Punjab, Gujranwala Campus, Pakistan; School of Management and Economics, Beijing Institute of Technology, Beijing, China; College of Commerce, Government College University, Faisalabad, Pakistan; School of Finance, Central University of Finance and Economics, Beijing, China","Mubeen M., Department of Commerce, University of the Punjab, Gujranwala Campus, Pakistan; Arsla H.M., School of Management and Economics, Beijing Institute of Technology, Beijing, China; Ashfaq K., College of Commerce, Government College University, Faisalabad, Pakistan; Nisar A., School of Finance, Central University of Finance and Economics, Beijing, China; Azeem H., Department of Commerce, University of the Punjab, Gujranwala Campus, Pakistan; Riaz A., College of Commerce, Government College University, Faisalabad, Pakistan","In the contemporary corporate world, environmental responsibility has elevated the importance of sustainability disclosures and their impact on the cost of debt. Conducting the first comprehensive review in this domain, this study analyzed 76 articles from 2008 to 2022 using the Biblioshiny package in the R program (for bibliometric visualization) and VOSviewer version (for bibliographic coupling), employing strict inclusion criteria based on the PRISMA protocol. The investigation was done to check the influence of sustainability disclosures on the cost of debt, including environmental and social dimensions. Additionally, it synthesized perspectives from lending institutions, corporate governance, earnings management, sustainable business practices, and GHG / Carbon emissions in this relationship. The study has also synthesized the literature with conclusion that high-quality environmental and social disclosures with sustainable practices and reduced carbon emission significantly reduce a firm's cost of debt by minimizing perceived risks, and enhancing reputation, credibility and demand from socially responsible investors. Active engagement in CSR, sustainable practices, proper governance, and stakeholder orientation further contribute to lower the cost of debt. Conversely, inadequate disclosure quality, high carbon emissions, poor environmental records and negative media attention may increase borrowing costs and environmental penalties. This study will help CFOs to develop tailored sustainability strategies in optimization of their cost of debt resulting in higher financial performance. Results of this study are also helpful for policymakers, regulators, financial analysts, auditors, and investors. © (2024), (Johar Education Society Pakistan). All Rights Reserved.",carbon emission; corporate governance; cost of debt; ESG; lending institutions; sustainability assurance; Sustainability disclosures; sustainable business practices,,"H.M. Arsla; School of Management and Economics, Beijing Institute of Technology, Beijing, China; email: arslan@bit.edu.cn",,Johar Education Society Pakistan,19978553,,,,English,Pakistan J. Commer.  Soc. Sci.,Article,Final,,Scopus,2-s2.0-85195070036,Review paper
Liu J.; Ahmad M.I.; Ahmad M.; Nevi G.; Cucari N.,"Liu, Jili (57315200600); Ahmad, Muhammad Ishfaq (36571432500); Ahmad, Muneeb (58276872100); Nevi, Giulia (58132849900); Cucari, Nicola (57193904859)",57315200600; 36571432500; 58276872100; 58132849900; 57193904859,"Corporate Governance and Cost of Debt: Mediating Role of Environmental, Social, and Governance Disclosure",2025,Sustainable Development,33,4,,5458,5469,5,10.1002/sd.3418,https://www.scopus.com/inward/record.uri?eid=2-s2.0-86000236961&doi=10.1002%2Fsd.3418&partnerID=40&md5=402387a051022ef79abb6f630764bddc,"Business School, Hubei University, Wuhan, China; Teesside International Business School, Teesside University, Middlesbrough, United Kingdom; Northeastern University, Shenyang, China; Department of Management Studies, Università Politecnica delle Marche, Ancona, Italy; Department of Management, Sapienza University of Rome, Rome, Italy","Liu J., Business School, Hubei University, Wuhan, China; Ahmad M.I., Teesside International Business School, Teesside University, Middlesbrough, United Kingdom; Ahmad M., Northeastern University, Shenyang, China; Nevi G., Department of Management Studies, Università Politecnica delle Marche, Ancona, Italy; Cucari N., Department of Management, Sapienza University of Rome, Rome, Italy","This study examines the direct relationship between corporate governance (including board gender diversity, board independence, insider ownership, institutional ownership, and foreign ownership), ESG disclosure, and the cost of debt. Drawing on stakeholder, agency, and signaling theories, the study extends its analysis to examine the mediating effect of ESG disclosure in the relationship between corporate governance and the cost of debt. Using a sample from nine sectors of the Chinese economy, the results show that most board characteristics are negatively related to the cost of debt, except for insider ownership, which shows a significant positive relationship. In addition, ESG disclosure is found to significantly reduce the cost of debt and serves as a mediator between corporate governance and the cost of debt. This study makes a unique contribution by highlighting the mediating role of ESG disclosure in the relationship between corporate governance and the cost of debt. © 2025 ERP Environment and John Wiley & Sons Ltd.",board gender diversity; cost of debt; ESG disclosure; foreign ownership; institutional investors,corporate strategy; cost; debt; firm ownership; gender relations; governance approach,"N. Cucari; Department of Management, Sapienza University of Rome, Rome, Italy; email: nicola.cucari@uniroma1.it",,John Wiley and Sons Ltd,9680802,,,,English,Sustainable Dev.,Article,Final,All Open Access; Bronze Open Access,Scopus,2-s2.0-86000236961,
Magnanelli B.S.; Izzo M.F.,"Magnanelli, Barbara Sveva (56460383100); Izzo, Maria Federica (56576107100)",56460383100; 56576107100,Corporate social performance and cost of debt: The relationship,2017,Social Responsibility Journal,13,2,,250,265,137,10.1108/SRJ-06-2016-0103,https://www.scopus.com/inward/record.uri?eid=2-s2.0-85019041276&doi=10.1108%2FSRJ-06-2016-0103&partnerID=40&md5=36402228ec9aedd37aa021a507569460,"John Cabot University, Rome, Italy; Department of Business and Management, Libera Universita Internazionale Degli Studi Sociali Guido Carli, Rome, Italy","Magnanelli B.S., John Cabot University, Rome, Italy; Izzo M.F., Department of Business and Management, Libera Universita Internazionale Degli Studi Sociali Guido Carli, Rome, Italy","Purpose - This paper aims to investigate the link between corporate social performance (CSP) and cost of debt financing. Despite academic debate has focused on the link between corporate social responsibility (CSR) and CSP (expressed through accounting and market measures of profitability), few empirical researches have analysed the relations between CSR, cost of debt and its relation with the risk profile of a firm. The literature on the cost of debt determinants generally documents a negative association between measures of the risk of the firm and its cost of debt. The literature on CSR defines risk reduction as one of the potential benefits related to CSR activities. Thus, the expectation is that high CSP scores are inversely related to cost of debt. Design/methodology/approach - Using a unique data set of 332 firms over a time period of five years antecedent to the global financial crisis, a linear regression model is applied. Findings - The results show a positive relation between CSP and cost of debt, demonstrating that CSR is not a value driver with an impact on the firm's risk profile. Practical implications - The research has also practical implications as it makes managers aware of the potentiality of CSP to reduce the firm's cost of debt. Originality/value - These findings enlarge the empirical research on the value of CSP, expanding it towards a quite new area of investigation: the cost of external financing. © Emerald Publishing Limited.",Corporate social performance; Corporate social responsibility; Cost of debt; Risk,,"B.S. Magnanelli; John Cabot University, Rome, Italy; email: bsmagnanelli@yahoo.it",,Emerald Group Publishing Ltd.,17471117,,,,English,Soc. Responsib. J.,Article,Final,,Scopus,2-s2.0-85019041276,
Fandella P.; Sergi B.S.; Sironi E.,"Fandella, Paola (57760647600); Sergi, Bruno S. (35369323900); Sironi, Emiliano (39862204200)",57760647600; 35369323900; 39862204200,"Corporate social responsibility performance and the cost of capital in BRICS countries. The problem of selectivity using environmental, social and governance scores",2023,Corporate Social Responsibility and Environmental Management,30,4,,1712,1722,64,10.1002/csr.2447,https://www.scopus.com/inward/record.uri?eid=2-s2.0-85146309237&doi=10.1002%2Fcsr.2447&partnerID=40&md5=75790836fdd734b6d7059b41c53509db,"Department of Economics and Business Management Sciences, Università Cattolica del Sacro Cuore, Milan, Italy; Davis Center for Russian and Eurasian Studies, Harvard University, Cambridge, MA, United States; Department of Economics, University of Messina, Messina, Italy; Department of Statistical Science, Università Cattolica del Sacro Cuore, Milan, Italy","Fandella P., Department of Economics and Business Management Sciences, Università Cattolica del Sacro Cuore, Milan, Italy; Sergi B.S., Davis Center for Russian and Eurasian Studies, Harvard University, Cambridge, MA, United States, Department of Economics, University of Messina, Messina, Italy; Sironi E., Department of Statistical Science, Università Cattolica del Sacro Cuore, Milan, Italy","The paper aims to test whether corporate social responsibility (CSR) performance affects the costs of debt, equity, and a weighted average of those two components in BRICS countries. Theoretically, a decline in the cost of capital is linked to a decrease in the firm risk. We measure CSR performance using the environmental, social, and governance (ESG) combined score from the Thomson Reuters EIKON database for non-financial enterprises between 2014 and 2019. A panel regression analysis has been run in order to test whether (1) the inclusion in the ESG combined ranking or (2) the level of the scores for ESG combines is linked to a decline in the cost of capital. Empirical evidence suggests that the level of the ESG combined score does not affect the firm's financial risk. Inclusion in the ESG combined index decreases the cost of equity and the average cost of capital instead. Firms that received an ESG combined score pay lower returns to investors. © 2023 The Authors. Corporate Social Responsibility and Environmental Management published by ERP Environment and John Wiley & Sons Ltd.",BRICS; corporate social responsibility; cost of capital; ESG; selectivity; sustainable development,,"E. Sironi; Department of Statistical Science, Università Cattolica del Sacro Cuore, Milan, Largo Gemelli 1, 20123, Italy; email: emiliano.sironi@unicatt.it",,John Wiley and Sons Ltd,15353958,,,,English,Corp. Soc. Responsib. Environ. Manage.,Article,Final,All Open Access; Green Open Access; Hybrid Gold Open Access,Scopus,2-s2.0-85146309237,
Dua J.; Sharma A.K.,"Dua, Jyoti (58967317900); Sharma, Anil Kumar (59150113200)",58967317900; 59150113200,Corporate Sustainability and Capital Costs: A Panel Evidence from BRICS Countries,2024,Indian Journal of Corporate Governance,17,1,,77,101,7,10.1177/09746862241240368,https://www.scopus.com/inward/record.uri?eid=2-s2.0-85190839712&doi=10.1177%2F09746862241240368&partnerID=40&md5=9c0b5cdf0eaf212ae88aa1882e3b6ee6,"Department of Management Studies, Indian Institute of Technology Roorkee, Uttarakhand, India","Dua J., Department of Management Studies, Indian Institute of Technology Roorkee, Uttarakhand, India; Sharma A.K., Department of Management Studies, Indian Institute of Technology Roorkee, Uttarakhand, India","Global sustainability challenges have triggered a sense of accountability in society, culminating in the growing incorporation of sustainability into corporate operations. This article aims to investigate the influence of environmental, social and governance (ESG) disclosure on a company’s cost of financing in emerging markets. Furthermore, the article examines the criticality of separate pillars of ESG in determining the companies’ capital costs using a panel dataset of 192 non-financial companies drawn from the equity indices from the BRICS countries for 10 years, spanning 2011–2020. Pooled Ordinary Least Square and fixed-effect panel regressions are used to test the hypothesised relationships. The robustness of our findings is validated by the application of the System Generalised Methods of Moments approach. The results show that ESG disclosure scores and their individual component scores are positively associated with the cost of equity and weighted average cost of capital. In contrast, there is a negative relationship with the cost of debt. Results demonstrate the apprehensions of equity providers and the reception of debt providers towards the companies’ ESG adoption. The governance pillar has the most significant influence on capital costs. The study enables managers to evaluate the economically ideal capital structure for ESG-compliant enterprises strategically. © 2024 Institute of Public Enterprise.",BRICS; cost of capital; cost of debt; cost of equity; emerging; ESG,,"A.K. Sharma; Department of Management Studies, Indian Institute of Technology Roorkee, Uttarakhand, India; email: anilsharma@ms.iitr.ac.in",,SAGE Publications Ltd,9746862,,,,English,Indian J. Corp. Gov.,Article,Final,,Scopus,2-s2.0-85190839712,
Sun H.; Wang G.; Bai J.; Shen J.; Zheng X.; Dan E.; Chen F.; Zhang L.,"Sun, Haiyan (58047069900); Wang, Guangyang (57874294500); Bai, Junwei (58046529000); Shen, Jianfei (36679348300); Zheng, Xinyuan (57873744500); Dan, Erli (57195715543); Chen, Feiyu (59875337400); Zhang, Ludan (58046962400)",58047069900; 57874294500; 58046529000; 36679348300; 57873744500; 57195715543; 59875337400; 58046962400,"Corporate Sustainable Development, Corporate Environmental Performance and Cost of Debt",2023,Sustainability (Switzerland),15,1,228,,,23,10.3390/su15010228,https://www.scopus.com/inward/record.uri?eid=2-s2.0-85145952489&doi=10.3390%2Fsu15010228&partnerID=40&md5=238c88198162f4ebb5bab69b2d86f9f3,"State Grid Materials Co., Ltd, Beijing, 100120, China; Economics and Management Department, North China Electric Power University, Beijing, 102206, China","Sun H., State Grid Materials Co., Ltd, Beijing, 100120, China; Wang G., State Grid Materials Co., Ltd, Beijing, 100120, China; Bai J., State Grid Materials Co., Ltd, Beijing, 100120, China; Shen J., Economics and Management Department, North China Electric Power University, Beijing, 102206, China; Zheng X., Economics and Management Department, North China Electric Power University, Beijing, 102206, China; Dan E., Economics and Management Department, North China Electric Power University, Beijing, 102206, China; Chen F., Economics and Management Department, North China Electric Power University, Beijing, 102206, China; Zhang L., Economics and Management Department, North China Electric Power University, Beijing, 102206, China","High environmental performance of enterprises may reduce financing costs, while good environmental performance can promote sustainable development of enterprises. Therefore, this paper examines the impact mechanism of China’s corporate environmental performance on financing costs, and whether corporate sustainable development plays a regulatory role in the research of heavy pollution industries. This study is conducted through the Breusch and Pagan Lagrange multiplier test for random effects and the Hausman test to determine whether to adopt Fixed-effects regression or Random-effects GLS regression as an estimation method to control individual effects and endogenous problems brought by time. By collecting the samples of listed companies in China from 2010 to 2021, the empirical results show that corporate environmental performance is negatively related to financing costs. Sustainable development, as a moderator variable, is negatively related to financing costs and has weakened the inhibition of corporate environmental performance on financing costs. Although the existing literature shows that environmental performance will lead to changes in debt costs, this study has made contributions to the literature by revealing the sustainable development mechanism in the relationship between corporate environmental performance and financing costs and has verified that sustainable development is one of the important factors affecting financing costs. © 2022 by the authors.",China; corporate environmental performance; corporate sustainable development; cost of debt; costs of capital; sustainability,China; cost analysis; environmental economics; estimation method; industrial emission; spatiotemporal analysis; sustainability; sustainable development,"J. Shen; Economics and Management Department, North China Electric Power University, Beijing, 102206, China; email: xinyzheng@ncepu.edu.cn",,MDPI,20711050,,,,English,Sustainability,Article,Final,All Open Access; Gold Open Access; Green Open Access,Scopus,2-s2.0-85145952489,
Wang W.; Sun Z.; Dong Y.; Zhang L.,"Wang, Wenjiao (58068184000); Sun, Ziyuan (35206513300); Dong, Yuting (57240763400); Zhang, Longyu (58998985700)",58068184000; 35206513300; 57240763400; 58998985700,"Cost of debt financing, stock returns, and corporate strategic ESG disclosure: Evidence from China",2025,"Business Ethics, the Environment and Responsibility",34,4,,1787,1812,10,10.1111/beer.12741,https://www.scopus.com/inward/record.uri?eid=2-s2.0-85203383141&doi=10.1111%2Fbeer.12741&partnerID=40&md5=50cd077d7d3feffab4cf640fc2ecb02c,"School of Economics and Management, China University of Mining and Technology, Xuzhou, China","Wang W., School of Economics and Management, China University of Mining and Technology, Xuzhou, China; Sun Z., School of Economics and Management, China University of Mining and Technology, Xuzhou, China; Dong Y., School of Economics and Management, China University of Mining and Technology, Xuzhou, China; Zhang L., School of Economics and Management, China University of Mining and Technology, Xuzhou, China","Whether corporate strategic Environmental, Social, and Governance (ESG) disclosure can be effectively screened by external markets still needs more empirical support. Despite numerous studies confirming the positive impact of ESG, the issue of strategic ESG disclosure has yet to receive sufficient attention. This study examines the impact of ESG greenwashing on the cost of debt financing and stock returns using panel data of Chinese A-share listed corporates from 2012 to 2021. The study finds that external markets fail to recognize ESG greenwashing in the short term, leading to a temporary reduction in the cost of debt financing and an increase in stock returns, but these effects are not lasting. Mechanism analysis shows that ESG greenwashing enhances corporate reputation and reduces the cost of debt financing through the reputation effect, stimulates investor sentiment, and improves stock returns through the sentiment effect. The study identifies management myopia, excessive power, financial distress, and information asymmetry as the main drivers. However, strong oversight by independent directors, involvement of Big Four audit firms, investor site visits, and high industry competition can mitigate these misleading effects. This research expands the understanding of the causes and economic consequences of corporate ESG greenwashing and provides empirical evidence for managing this phenomenon. © 2024 John Wiley & Sons Ltd.",cost of debt financing; ESG greenwashing; stock returns; strategic disclosure,,"Z. Sun; School of Economics and Management, China University of Mining and Technology, Xuzhou, 221116, China; email: sunziyuan@cumt.edu.cn",,John Wiley and Sons Inc,26946416,,,,English,Bus. Ethics Environ. Responsib.,Article,Final,All Open Access; Bronze Open Access,Scopus,2-s2.0-85203383141,
Arora A.; Sharma D.,"Arora, Ankit (57962629800); Sharma, Dipasha (56689083400)",57962629800; 56689083400,"Do Environmental, Social and Governance (ESG) Performance Scores Reduce the Cost of Debt? Evidence from Indian firms",2022,"Australasian Accounting, Business and Finance Journal",16,5,,4,18,39,10.14453/aabfj.v16i5.02,https://www.scopus.com/inward/record.uri?eid=2-s2.0-85141812087&doi=10.14453%2Faabfj.v16i5.02&partnerID=40&md5=a0c41322ae4e3257fac657e563a20d37,"Symbiosis Centre for Management & Human Resource Development, Symbiosis International (Deemed University) SIU, India","Arora A., Symbiosis Centre for Management & Human Resource Development, Symbiosis International (Deemed University) SIU, India; Sharma D., Symbiosis Centre for Management & Human Resource Development, Symbiosis International (Deemed University) SIU, India","This study aims to assess the impact of Environmental, Social, and Governance (ESG) ratings on the cost of debt of Indian firms from the year 2015 to 2020. One of the challenges that corporate India is going to face moving forward is that regulations with respect to environmental conservation, transparency, corporate social responsibility, and corporate governance will get stricter. This will undoubtedly push the companies to follow better ethical practices, adopt fair employee policies, and safeguard the environmental policies. So, this paper intends to evaluate the ESG lens of Indian companies concerning their financing decisions, viz the cost of debt. The firms under investigation are listed on the NIFTY 500, which reflects the top 500 companies in the eligible universe based on complete market capitalization. Data was sourced from the Bloomberg database. The paper uses cost of debt as the dependent variable; ESG score & individual E, S, G scores as independent variables; Market capitalization, net debt to equity ratio, and percentage of women on board and total debt to total asset ratio as control variables. Since the data was in a panel data format, we performed panel data regression from FY2015 to FY2020, and the method used was Least Squares Method (L.S. and A.R.). Different models were considered and it was found that the cost of debt which is the dependent variable, had a negative coefficient i.e., higher the ESG score, lower the cost of debt component for the firm and according to our model, it could be significantly proven at 10% level. © 2022, University of Wollongong. All rights reserved.",Corporate Bonds; Corporate Social Responsibility (CSR); Cost of Debt; Disclosure Scores; Environmental; Fixed Income; Market Capitalization; Social and Governance (ESG); Stakeholders’ Theory,,,,University of Wollongong,18342000,,,,English,Australas. Account. Bus. Finance J.,Article,Final,All Open Access; Gold Open Access; Green Open Access,Scopus,2-s2.0-85141812087,
Du L.; Lu N.,"Du, Linqi (60101843200); Lu, Na (60102253000)",60101843200; 60102253000,Do ESG incidents matter for corporate cost of debt? Evidence from China,2025,Finance Research Letters,86,,108459,,,2,10.1016/j.frl.2025.108459,https://www.scopus.com/inward/record.uri?eid=2-s2.0-105016243605&doi=10.1016%2Fj.frl.2025.108459&partnerID=40&md5=7b37c556ef243d4712f0463db632b106,"School of Digital Economy and Mangement, Sichuan Technology and Business University, Chengdu, 620000, China","Du L., School of Digital Economy and Mangement, Sichuan Technology and Business University, Chengdu, 620000, China; Lu N., School of Digital Economy and Mangement, Sichuan Technology and Business University, Chengdu, 620000, China","We investigate the impact of ESG incidents on corporate cost of debt financing using RepRisk incident data matched with Chinese A-share listed firms from 2007–2022. Our results show that ESG incidents significantly increase debt costs by approximately 70 basis points. Mechanism analysis reveals that ESG incidents affect debt costs through four channels: increasing credit risk, damaging banking relationships, reducing information quality, and weakening operating performance. The effects are more pronounced for firms with weak ESG performance, state ownership, and non-polluting industry operations. ESG incidents also constrain debt financing capacity, particularly for long-term financing. ESG pillar analysis reveals that social and governance incidents primarily drive the increased debt costs. Our findings highlight the financial materiality of ESG risk management and provide novel insights for sustainable finance development in emerging markets. © 2025 Elsevier Inc.",Cost of debt; Credit risk; ESG incidents; Sustainability,,"L. Du; School of Digital Economy and Mangement, Sichuan Technology and Business University, Chengdu, 620000, China; email: Linki17@163.com",,Elsevier Ltd,15446123,,,,English,Finan. Res. Lett.,Article,Final,,Scopus,2-s2.0-105016243605,
Peng Z.; Anderson H.D.; Chi J.; Liao J.,"Peng, Ziwen (60082837400); Anderson, Hamish D. (14062990700); Chi, Jing (15126964100); Liao, Jing (56297588000)",60082837400; 14062990700; 15126964100; 56297588000,Do socially preferred firms disclose more ESG information?,2025,Pacific Accounting Review,,,,,,1,10.1108/PAR-08-2024-0188,https://www.scopus.com/inward/record.uri?eid=2-s2.0-105014981781&doi=10.1108%2FPAR-08-2024-0188&partnerID=40&md5=21f2cde6643b63a23af4a6472ea758be,"School of Accountancy, Economics and Finance, Massey University, Palmerston North, New Zealand","Peng Z., School of Accountancy, Economics and Finance, Massey University, Palmerston North, New Zealand; Anderson H.D., School of Accountancy, Economics and Finance, Massey University, Palmerston North, New Zealand; Chi J., School of Accountancy, Economics and Finance, Massey University, Palmerston North, New Zealand; Liao J., School of Accountancy, Economics and Finance, Massey University, Palmerston North, New Zealand","Purpose While research shows “sin” firms voluntarily disclose more social responsibility information, little research examines such practices in socially preferred industries. This study aims to address this gap by contrasting firm-level environmental, social and governance (ESG) information disclosure of New Zealand firms. Design/methodology/approach This study extracts all New Zealand listed companies for which Bloomberg provides ESG data from 2010 to 2023. Besides, this study excludes firms in financial service sector. The final sample contains 52 companies and 514 firm-year observations. Findings This study find that retirement village firms and the healthcare industry whose operations are commonly considered to be socially preferred, disclose less ESG information than firms in other industries. This result remains after a series of robustness tests, including alternative measures and matching samples. The addition of ESG provisions in the 2017 New Zealand Exchange’s (NZX) Corporate Governance Code, female and independent directors have a significantly positive moderating effect on ESG disclosure. In addition, retirement village firms with higher financial constraints increase ESG disclosure. Furthermore, this study finds that increased ESG disclosure enhances market valuation and reduces the cost of debt. Research limitations/implications A natural limitation of this research is its limited sample size, focusing on New Zealand firms, which may limit the generalisability of the findings to other regions with different regulatory and cultural contexts. Practical implications This research suggests that firms in socially preferred industries, like healthcare and retirement villages, may need stronger incentives or guidelines to improve ESG disclosure. Enhancing corporate governance, particularly through independent and female directors, could positively influence ESG transparency, guiding policy and board composition strategies. Social implications The research highlights a potential gap in ESG disclosure among industries. This suggests a need for greater public awareness and advocacy to ensure that even socially favoured sectors are held accountable for their environmental and social impacts, promoting broader corporate responsibility. Originality/value This study contributes to the literature by revealing that socially preferred industries, such as healthcare and retirement villages, may disclose less ESG information than other sectors. It provides novel insights into the role of corporate governance, particularly the influence of female and independent directors, in enhancing ESG transparency. © 2025 Emerald Publishing Limited",Corporate governance; ESG disclosure; Financial constraints; Socially preferred firms,,,,Emerald Publishing,1140582,,,,English,Pacafic Acc. Rev.,Article,Article in press,All Open Access; Hybrid Gold Open Access,Scopus,2-s2.0-105014981781,
Tong Z.; Bajuri N.H.,"Tong, Zhongbin (60345948400); Bajuri, Norkhairul Hafiz (56059817900)",60345948400; 56059817900,DO SUSTAINABILITY-DRIVEN IMPROVEMENTS IN ESG PERFORMANCE REDUCE FINANCING COSTS? EVIDENCE FROM CHINESE A-SHARE LISTED COMPANIES,2026,Corporate Governance and Sustainability Review,10,1,,87,98,0,10.22495/cgsrv10i1p8,https://www.scopus.com/inward/record.uri?eid=2-s2.0-105028300355&doi=10.22495%2Fcgsrv10i1p8&partnerID=40&md5=f1763bc1a952b25cd9bc02469ac34ad3,"University of Technology Malaysia, Johor, Malaysia","Tong Z., University of Technology Malaysia, Johor, Malaysia; Bajuri N.H., University of Technology Malaysia, Johor, Malaysia","The consideration of environmental, social, and governance (ESG) has become an integral part of the financing of companies. The ESG scores indicate sustainability, which is integral for maintaining the goodwill of the company and also showing long-term resilience in the financial markets. Hence, this ESG score allows for the alteration of the cost of financing for firms. This particular research analyses whether the improvements in ESG factors lead to a reduction in the financing cost of Chinese A-listed firms. The timeline of the study is between 2009 and 2023, and it is conducted across 4704 firms. A firm fixed effects model (FEM) with standard errors clustered by firm is considered for the analysis. The results show that ESG impacts total financing cost (TFC) negatively by-0.21 percent. Moreover, the cost of debt (COD) is also negatively impacted by-0.06 percent, and the cost of equity (COE) is impacted by-0.04 percent. Impact on TFC and COD is statistically significant. However, the same on COE is not significant. The debt-market result is consistent with signalling and information-asymmetry channels. This is because ESG reduces perceived default risk and improves creditor terms (Huang, 2022). Based on these findings, policy recommendations on ESG disclosure have been suggested to the Chinese government. © 2026 The Authors.",Chinese A-Listed Firms; ESG; FEM; Financing Cost; Panel Data Analysis; REM,,,,Virtus Interpress,25198971,,,,English,Corp. Gov. Sustain. Rev.,Article,Final,All Open Access; Hybrid Gold Open Access,Scopus,2-s2.0-105028300355,
Jafar R.; Basuki; Windijarto; Setiawan R.; Prabaswara A.,"Jafar, Rosmiati (58888726500); Basuki (57217185371); Windijarto (57211584724); Setiawan, Rahmat (57220839377); Prabaswara, Arka (58698312200)",58888726500; 57217185371; 57211584724; 57220839377; 58698312200,"Does Environmental, Social, and Governance (ESG) Disclosure Matter for Creditor? Empirical Evidence from Indonesia",2024,International Journal of Sustainable Development and Planning,19,11,,4377,4387,1,10.18280/ijsdp.191125,https://www.scopus.com/inward/record.uri?eid=2-s2.0-85211012522&doi=10.18280%2Fijsdp.191125&partnerID=40&md5=388c2202a5594a487024289d6356009b,"Department of Management, Faculty of Economics and Business, Universitas Airlangga, Surabaya, 60115, Indonesia; Department of Accounting, Faculty of Economics and Business, Universitas Airlangga, Surabaya, 60115, Indonesia","Jafar R., Department of Management, Faculty of Economics and Business, Universitas Airlangga, Surabaya, 60115, Indonesia; Basuki, Department of Accounting, Faculty of Economics and Business, Universitas Airlangga, Surabaya, 60115, Indonesia; Windijarto, Department of Management, Faculty of Economics and Business, Universitas Airlangga, Surabaya, 60115, Indonesia; Setiawan R., Department of Management, Faculty of Economics and Business, Universitas Airlangga, Surabaya, 60115, Indonesia; Prabaswara A., Department of Management, Faculty of Economics and Business, Universitas Airlangga, Surabaya, 60115, Indonesia","This research aims to examine the impact of environmental, social, and governance (ESG) disclosure on cost of debt in non-financial companies listed on the Indonesia Stock Exchange across ten different industries. This study utilizes a sample comprising 288 non-financial companies from ten different industries listed on the Indonesia Stock Exchange for the period from 2017 to 2022, all of which have published sustainability reports (SR), resulting in 742 observations. Regression analysis using Ordinary Least Squares (OLS) is employed to examine the impact of companies' ESG disclosures on costs of debt. The robustness of these findings is assessed and confirmed through four distinct analytical models, namely OLS Standard Error, SSC Model, Fixed Effect Model, and Random Effect Model. The research outcomes indicate that increased environmental, social, and governance (ESG) disclosure is associated with a reduction in the cost of debt. These findings exhibit robustness across diverse industries and remain consistent when employing various statistical methodologies. Copyright: ©2024 The authors. This article is published by IIETA and is licensed under the CC BY 4.0 license.",and governance; cost of debt; developing country; environmental; ESG disclosure; social; sustainability,Indonesia; empirical analysis; industrial policy; least squares method; regression analysis; stock market; sustainability,"R. Setiawan; Department of Management, Faculty of Economics and Business, Universitas Airlangga, Surabaya, 60115, Indonesia; email: rahmatsetiawan@feb.unair.ac.id",,International Information and Engineering Technology Association,17437601,,,,English,Int. J. Sustainable Dev. Plann.,Article,Final,All Open Access; Hybrid Gold Open Access,Scopus,2-s2.0-85211012522,
Gerwanski J.,"Gerwanski, Jannik (57205750439)",57205750439,Does it pay off? Integrated reporting and cost of debt: European evidence,2020,Corporate Social Responsibility and Environmental Management,27,5,,2299,2319,88,10.1002/csr.1965,https://www.scopus.com/inward/record.uri?eid=2-s2.0-85085695899&doi=10.1002%2Fcsr.1965&partnerID=40&md5=f27702c051cbf2fd6ad600c84edaa7f1,"Leuphana University Lüneburg Institute of Management, Accounting and Finance, Division Accounting and Auditing, Lüneburg, Germany","Gerwanski J., Leuphana University Lüneburg Institute of Management, Accounting and Finance, Division Accounting and Auditing, Lüneburg, Germany","Although the <IR> (Integrated Reporting) Framework defines providers of financial capital as both equity and debt holders, there is a distinct lack of research on the association between IR and debt. This study is the first to examine the effect of the voluntary preparation of an integrated report on the marginal cost of public debt. From an agency theoretical standpoint, we assume that IR decreases information asymmetries, facilitates lenders' assessments of a firm's risk of default, and thus is negatively related to a firm's cost of public debt. On the basis of a European sample, consisting of 2,196 firm-year observations between 2015 and 2017, we find that IR significantly decreases a firm's cost of debt. In subsequent moderation analyses, the results reveal that this effect (a) is stronger for firms with lower ESG performance and (b) holds only for firms operating in environmentally sensitive industries. The results are robust to a battery of statistical models. We expand on earlier empirical literature on IR and provide valuable implications for research, practice, and standard setting. © 2020 ERP Environment and John Wiley & Sons Ltd.",corporate social responsibility; cost of debt; environmental performance; integrated reporting; risk of default; sustainability performance,,"J. Gerwanski; Leuphana University Lüneburg Institute of Management, Accounting and Finance, Division Accounting and Auditing, Lüneburg, Germany; email: jannik.gerwanski@leuphana.de",,John Wiley and Sons Ltd,15353958,,,,English,Corp. Soc. Responsib. Environ. Manage.,Article,Final,,Scopus,2-s2.0-85085695899,
Campanella F.; Meles A.; Serino L.; Verdoliva V.,"Campanella, Francesco (55961123000); Meles, Antonio (56419990400); Serino, Luana (57208822109); Verdoliva, Vincenzo (55629885300)",55961123000; 56419990400; 57208822109; 55629885300,Driving credit access through ESG performance: A European perspective,2025,Finance Research Letters,82,,107296,,,4,10.1016/j.frl.2025.107296,https://www.scopus.com/inward/record.uri?eid=2-s2.0-105004924337&doi=10.1016%2Fj.frl.2025.107296&partnerID=40&md5=5b7b207d89d9075a57968ade83948f03,"Department of Economics, University of Campania “Luigi Vanvitelli”, Capua, Italy; Department of Management and Economics, Pegaso Digital University, Naples, Italy; Department of Business and Quantitative Studies, University of Naples “Parthenope”, Naples, Italy","Campanella F., Department of Economics, University of Campania “Luigi Vanvitelli”, Capua, Italy; Meles A., Department of Economics, University of Campania “Luigi Vanvitelli”, Capua, Italy; Serino L., Department of Management and Economics, Pegaso Digital University, Naples, Italy; Verdoliva V., Department of Business and Quantitative Studies, University of Naples “Parthenope”, Naples, Italy","This paper analyzes whether there is any relationship between sustainability performance and corporate cost of debt. Using a sample of European listed companies, we find that high-ESG firms pay a lower cost on their debt, with the environmental dimension explaining most of this result and the governance dimension, instead, to have no effect in this respect. We also show that, consistent with the risk-reducing effect of superior ESG performance, a positive relation exists between ESG ratings and credit ratings. Our results are relevant to different groups of stakeholders, including policymakers, investors and firms themselves, suggesting them that they can benefit from being more socially responsible in terms of lower costs of financing. © 2025 Elsevier Inc.",Corporate governance; Cost of debt; ESG performance; Sustainability,,"L. Serino; Department of Management and Economics, Pegaso Digital University, Naples, Italy; email: Luana.serino@unipegaso.it",,Elsevier Ltd,15446123,,,,English,Finan. Res. Lett.,Article,Final,,Scopus,2-s2.0-105004924337,
Wahyuningtyas E.T.; Majidi L.M.S.; Murtadho M.; Musriha; Susesti D.A.; Primasari N.S.,"Wahyuningtyas, Endah Tri (57220044644); Majidi, Lalu Muhammad Syahril (59132642400); Murtadho, Muis (59133834600); Musriha (58164682300); Susesti, Dina Anggraeni (59132642500); Primasari, Niken Savitri (57220023178)",57220044644; 59132642400; 59133834600; 58164682300; 59132642500; 57220023178,ENVIRONMENT SOCIAL GOVERNANCE PERFORMANCE AND CAPITAL STRUCTURE: EVIDENCE IN INDONESIA AND MALAYSIA; [MEIO AMBIENTE DESEMPENHO DA GOVERNANÇA SOCIAL E ESTRUTURA DE CAPITAL: EVIDÊNCIA NA INDONÉSIA E MALÁSIA]; [MEDIO AMBIENTE DESEMPEÑO DE LA GOBERNANZA SOCIAL Y ESTRUCTURA DE CAPITAL: EVIDENCIA EN INDONESIA Y MALASIA],2024,Revista de Gestao Social e Ambiental,18,5,e05635,,,2,10.24857/rgsa.v18n5-089,https://www.scopus.com/inward/record.uri?eid=2-s2.0-85193525096&doi=10.24857%2Frgsa.v18n5-089&partnerID=40&md5=8d601496119e849c2178d7d8ce15ff86,"Universitas Nahdlatul Ulama Surabaya, Indonesia; Universitas Widya Kartika Surabaya, Indonesia; Universitas Bhayangkara Surabaya, Indonesia","Wahyuningtyas E.T., Universitas Nahdlatul Ulama Surabaya, Indonesia; Majidi L.M.S., Universitas Nahdlatul Ulama Surabaya, Indonesia; Murtadho M., Universitas Widya Kartika Surabaya, Indonesia; Musriha, Universitas Bhayangkara Surabaya, Indonesia; Susesti D.A., Universitas Nahdlatul Ulama Surabaya, Indonesia; Primasari N.S., Universitas Nahdlatul Ulama Surabaya, Indonesia","Purpose: This research aims to investigate the relationship between Environmental, Social, and Governance (ESG) performance and capital structure, using Debt-to-Equity Ratio (DER) and Debt-to-Asset Ratio (DAR) proxies, in Indonesia and Malaysia. The study seeks to address the gap in the literature by exploring how ESG factors influence the capital structure decisions of both financial and non-financial companies in these countries. Additionally, the research analyzes the impact of ESG performance on the cost of equity and cost of debt. Methods: The research utilizes secondary data extracted from annual reports and sustainability reports spanning from 2015 to 2020. A total of 102 companies, comprising 59 Indonesian companies and 52 Malaysian companies registered on CSRHub, are included in the analysis. ESG performance is assessed based on community, environmental, social, and governance indicators. Capital structure is measured using DER and DAR proxies. Statistical analysis techniques are employed to examine the relationship between ESG performance and capital structure, as well as its impact on the cost of equity and cost of debt. Results and Discussion: The research findings indicate that community, environmental, social, and governance performance exhibit a negative effect on the cost of equity, suggesting that companies with stronger ESG performance experience lower costs of equity financing. However, these ESG factors do not significantly affect the cost of debt. This implies that while ESG performance may influence equity holders' perceptions of risk and return, it may not have a direct impact on the cost of debt financing for companies in Indonesia and Malaysia. Implications of the Research: The results of this research have important implications for companies, investors, and policymakers interested in understanding the relationship between ESG performance, capital structure decisions, and financing costs. By demonstrating the impact of ESG factors on the cost of equity, the findings underscore the importance of integrating sustainability considerations into financial decision-making processes. Moreover, the research highlights the need for further investigation into the mechanisms through which ESG performance influences capital structure and financing costs. Originality/Value: This study contributes to the literature by offering novel insights into the relationship between ESG performance and capital structure in Indonesia and Malaysia. By examining the impact of ESG factors on both equity and debt financing costs, the research expands our understanding of how sustainability considerations influence corporate financial decisions. The findings provide valuable guidance for companies seeking to enhance their ESG performance and optimize their capital structure, ultimately contributing to more sustainable and responsible business practices in emerging markets. © 2024 ANPAD - Associacao Nacional de Pos-Graduacao e Pesquisa em Administracao. All rights reserved.",Capital Structure; Cost Of Debt; ESG Performance; Sustainability Reporting,,,,ANPAD - Associacao Nacional de Pos-Graduacao e Pesquisa em Administracao,1981982X,,,,English,Rev. Gestao Soc. Ambient.,Article,Final,All Open Access; Hybrid Gold Open Access,Scopus,2-s2.0-85193525096,
Saini N.; Singhania M.; Roy P.; Aggarwal S.; Kharb R.,"Saini, Neha (59579900800); Singhania, Monica (36158704400); Roy, Preeti (57213189473); Aggarwal, Shalini (57200324222); Kharb, Ravita (58866820800)",59579900800; 36158704400; 57213189473; 57200324222; 58866820800,"Environment, Social, and Governance Disclosures and Firm Performance: a Critical Review and Future Agenda",2025,Journal of the Knowledge Economy,,,,,,3,10.1007/s13132-025-02769-8,https://www.scopus.com/inward/record.uri?eid=2-s2.0-105006906089&doi=10.1007%2Fs13132-025-02769-8&partnerID=40&md5=b4c32e7d488f353678923b65d18cc724,"Faculty of Management Studies, University of Delhi, Delhi, 110007, India; Department of Managment Studies and Industrial Engineering IIT (ISM) Dhanbad, Jharkhand, 826004, India; Chandigarh University, NH-05, Ludhiana - Chandigarh State Hwy, Punjab, 140413, India; Department of Managment Studies, Netaji Subhas University of Technology, Delhi, Dwarka, 110078, India","Saini N., Faculty of Management Studies, University of Delhi, Delhi, 110007, India; Singhania M., Faculty of Management Studies, University of Delhi, Delhi, 110007, India; Roy P., Department of Managment Studies and Industrial Engineering IIT (ISM) Dhanbad, Jharkhand, 826004, India; Aggarwal S., Chandigarh University, NH-05, Ludhiana - Chandigarh State Hwy, Punjab, 140413, India; Kharb R., Department of Managment Studies, Netaji Subhas University of Technology, Delhi, Dwarka, 110078, India","Environmental, social, and governance (ESG) is a framework for assessing and quantifying the sustainability performance of a business and the potential value of its ESG practices. ESG offers investors, regulators, and stakeholders a standardized method for evaluating corporate sustainability. The present study performs a meta-analysis to explain the relationship between ESG disclosure and firm performance by analyzing the combined effect of ESG disclosure and the individual effects of environmental, social, and governance disclosures. A sub-group analysis considers three different measures of firm performance: cost of capital (weighted average cost of capital, cost of equity, and cost of debt), accounting measures (return on assets, return on equity, and earnings per share), and market measures (Tobin’s Q). To address heterogeneity issues related to ESG disclosure and firm performance, the effects of different moderators (firm size and visibility) and control variables (ownership structure, research and development intensity, capital expenditure, sales growth, risk, firm age, publication quality, and ESG data source) are included. The meta-analysis includes 95 papers representing a sample of 60,247 firm-level observations. The result shows that ESG disclosure positively influences a firm’s performance, with pronounced effects of environmental and social disclosures. All three dimensions of ESG disclosure reduce the cost of capital and significantly increase firm performance. Our findings suggest that companies should prioritize the adoption of adequate environmental safeguards to enhance the quality of human and natural resources, the decentralization of ESG reporting practices at relevant levels, the adoption of mandatory measures for increasing transparency, the formulation of risk management portfolios, and the creation of new databases focused on separate ESG activities. © The Author(s), under exclusive licence to Springer Science+Business Media, LLC, part of Springer Nature 2025.",ESG disclosure; Firm performance; Literature review; Meta-analysis; Subgroup analysis,,"S. Aggarwal; Chandigarh University, Punjab, NH-05, Ludhiana - Chandigarh State Hwy, 140413, India; email: shaliniaggar@gmail.com",,Springer,18687865,,,,English,J. Knowl. Econ.,Article,Article in press,,Scopus,2-s2.0-105006906089,Review paper
Boubaker S.; Fichera L.; Galletta S.; Mazzù S.,"Boubaker, Sabri (53876961800); Fichera, Lorenzo (60021625700); Galletta, Simona (57210559247); Mazzù, Sebastiano (55589232000)",53876961800; 60021625700; 57210559247; 55589232000,Environmental Practices and Corporate Cost of Debt: Evidence from European Listed Firms,2026,International Review of Economics and Finance,106,,104910,,,0,10.1016/j.iref.2026.104910,https://www.scopus.com/inward/record.uri?eid=2-s2.0-105028177030&doi=10.1016%2Fj.iref.2026.104910&partnerID=40&md5=70c2f55509c42b5700b899864ec94a8f,"EM Normandie Business School, Métis Lab, France; Department of Economics and Business, University of Catania, Italy","Boubaker S., EM Normandie Business School, Métis Lab, France; Fichera L., Department of Economics and Business, University of Catania, Italy; Galletta S., Department of Economics and Business, University of Catania, Italy; Mazzù S., Department of Economics and Business, University of Catania, Italy","This paper examines the relationship between firms' environmental sustainability and the cost of debt, with a specific focus on how firms' transition efforts are taken into account. Using a dataset of large European listed companies covering the period from 2015 to 2023, we provide evidence that better environmental practices on polluting emissions, energy sources and waste management reduce firms' cost of debt. This result remains robust when environmental metrics are combined into a unique composite indicator and after testing for endogeneity. Further analysis shows that the reduction in the cost of debt is stronger for less sustainable firms engaged in environmental transition. Our findings shed light on the importance of considering firms’ transition needs and efforts for effective transition finance. © 2026 The Authors.",Climate change; Cost of debt; Environmental transition; Sustainable finance,,"S. Mazzù; Department of Economics and Business, University of Catania, Italy; email: sebastiano.mazzu@unict.it",,Elsevier Inc.,10590560,,,,English,Int. Rev. Econ. Financ.,Article,Final,All Open Access; Gold Open Access; Green Open Access,Scopus,2-s2.0-105028177030,
Boccaletti S.; Gucciardi G.; Ruberti M.,"Boccaletti, Simone (57221591135); Gucciardi, Gianluca (56539857500); Ruberti, Massimo (57203743982)",57221591135; 56539857500; 57203743982,Environmental sectoral classification and ESG signals: Evidence on the cost of debt from the EU Taxonomy,2026,Research in International Business and Finance,83,,103267,,,0,10.1016/j.ribaf.2025.103267,https://www.scopus.com/inward/record.uri?eid=2-s2.0-105026593930&doi=10.1016%2Fj.ribaf.2025.103267&partnerID=40&md5=c98dda353f66564508cd710f2d7b9083,"Università Cattolica del Sacro Cuore, Dipartimento di Scienze Economiche e Sociali (DISES), IT, Piacenza, Italy; Università del Piemonte Orientale, Dipartimento di Studi per l’Economia e l’Impresa (DISEI), IT, Novara, Italy; Università degli Studi di Milano-Bicocca Dipartimento di Economia, Metodi quantitativi e Strategie d’impresa (DEMS), IT, Milano, Italy","Boccaletti S., Università Cattolica del Sacro Cuore, Dipartimento di Scienze Economiche e Sociali (DISES), IT, Piacenza, Italy; Gucciardi G., Università del Piemonte Orientale, Dipartimento di Studi per l’Economia e l’Impresa (DISEI), IT, Novara, Italy; Ruberti M., Università degli Studi di Milano-Bicocca Dipartimento di Economia, Metodi quantitativi e Strategie d’impresa (DEMS), IT, Milano, Italy","This study examines how sector-level environmental classifications and firm-level ESG performance jointly influence firms’ financing conditions. While ESG scores capture the sustainability profile of individual firms, the EU Taxonomy provides a credible framework to classify the environmental sustainability of entire economic sectors. Using a sample of 770 European companies between 2007 and 2022, we document that companies operating in environmentally sustainable sectors according to the EU Taxonomy enjoy lower debt costs regardless of their individual environmental performance, proxied by ESG scores. Conversely, firms in the other sectors experience lower debt cost only when they achieve higher environmental scores. These findings highlight the complementary roles of sectoral classification and firm-level signals in influencing creditors’ assessment of environmental risk, and underscore the importance for firms in less sustainable sectors to credibly signal their environmental commitment to improve access to debt finance. © 2026 The Authors.",Cost of Debt; ESG ratings; EU Taxonomy; Sustainable Finance; Sustainable Regulation,,"M. Ruberti; Università degli Studi di Milano-Bicocca Dipartimento di Economia, Metodi quantitativi e Strategie d’impresa (DEMS), Milano, IT, Italy; email: massimo.ruberti@unimib.it",,Elsevier Ltd,2755319,,,,English,Res. Int. Bus. Financ.,Article,Final,,Scopus,2-s2.0-105026593930,
Atif M.; Ali S.,"Atif, Muhammad (57205060901); Ali, Searat (56936188600)",57205060901; 56936188600,"Environmental, social and governance disclosure and default risk",2021,Business Strategy and the Environment,30,8,,3937,3959,236,10.1002/bse.2850,https://www.scopus.com/inward/record.uri?eid=2-s2.0-85107817089&doi=10.1002%2Fbse.2850&partnerID=40&md5=a69c8796a4a2032971176c5b687f546c,"Department of Accounting and Corporate Governance, Macquarie University, Sydney, NSW, Australia; School of Business, University of Wollongong, Wollongong, NSW, Australia","Atif M., Department of Accounting and Corporate Governance, Macquarie University, Sydney, NSW, Australia; Ali S., School of Business, University of Wollongong, Wollongong, NSW, Australia","We investigate whether environmental, social and governance (ESG) disclosure is related to default risk. Using a sample of US nonfinancial institutions from 2006 to 2017, we find that ESG disclosure is positively related to Merton's distance to default and is negatively related to the credit default swap spread, which suggests that firms with a higher ESG disclosure have lower default risk. Our analysis further indicates that the inverse effect of ESG disclosure on default risk is through increased profitability and reduced performance variability and cost of debt. We also document that the negative impact of ESG disclosure on default risk is existent only for mature and older firms. These results are important for all stakeholders of firms, including shareholders and bondholders to consider firm's ESG disclosure in conjunction with life cycle stage before making their investment decisions. © 2021 ERP Environment and John Wiley & Sons Ltd.",corporate life cycle; cost of debt; default risk; ESG disclosure; performance variability,United States; debt; industrial performance; investment; life cycle analysis; profitability; stakeholder,"S. Ali; School of Business, University of Wollongong, Wollongong, Australia; email: searat@uow.edu.au",,John Wiley and Sons Ltd,9644733,,,,English,Bus. Strategy Environ.,Article,Final,,Scopus,2-s2.0-85107817089,
Kamugisha D.K.; Sun H.,"Kamugisha, Derrick Kansime (60132476100); Sun, Huaping (56645203200)",60132476100; 56645203200,"Environmental, social, and governance ratings and corporate financial performance: evidence from emerging economies",2025,Total Quality Management and Business Excellence,36,13-14,,1480,1498,1,10.1080/14783363.2025.2563668,https://www.scopus.com/inward/record.uri?eid=2-s2.0-105018185948&doi=10.1080%2F14783363.2025.2563668&partnerID=40&md5=ce1eb410c5916e9c77b744773cc46c22,"School of Economics and Management, University of Science and Technology Beijing, Beijing, China; School of Economics and Management, Xinjiang Innovation Management Research Center, Xinjiang University, Urumqi, China","Kamugisha D.K., School of Economics and Management, University of Science and Technology Beijing, Beijing, China; Sun H., School of Economics and Management, University of Science and Technology Beijing, Beijing, China, School of Economics and Management, Xinjiang Innovation Management Research Center, Xinjiang University, Urumqi, China","Corporate sustainability is becoming increasingly vital as companies face mounting pressure from investors, regulators, and stakeholders to incorporate environmental, social, and governance (ESG) principles into corporate strategies. However, the impact of ESG ratings on corporate financial performance (CFP) remains unclear, particularly in emerging markets. This study examines this relationship using a sample of 8,921 firm-year observations from firms listed on the Johannesburg Stock Exchange, employing a two-way fixed-effects panel model to control for firm-specific and time-invariant factors. The findings show a positive relationship between ESG ratings and financial performance, mediated by operational efficiency and corporate debt. Firms with higher ESG ratings demonstrate improved resource utilization, process optimization, and workforce productivity while benefiting from decreased borrowing costs due to improved creditworthiness, risk perception, and transparency. Furthermore, the findings show that larger firms, non-state-owned enterprises, high-pollution industries, and those operating under stringent environmental regulations benefit the most from ESG ratings, underscoring significant heterogeneity across firms and industries. These findings underscore the economic benefits of ESG adoption beyond regulatory compliance and provide critical insights for corporate executives, investors, and policymakers. This study emphasizes the importance of structured ESG frameworks and standardized reporting to curb greenwashing and improve corporate transparency and financial stability in emerging markets. © 2025 Informa UK Limited, trading as Taylor & Francis Group.",corporate debt cost; ESG; Financial performance; operational efficiency,,"D.K. Kamugisha; School of Economics and Management, University of Science and Technology Beijing, Beijing, China; email: derrickansime@gmail.com",,Routledge,14783363,,TQMAE,,English,Total Qual. Manage. Bus. Excellence,Article,Final,,Scopus,2-s2.0-105018185948,
Liu C.-L.; Tsui C.-K.,"Liu, Chih-Liang (16031555400); Tsui, Chih-Kai (60239133800)",16031555400; 60239133800,ESG and bank loan cost,2026,Finance Research Letters,91,,109395,,,0,10.1016/j.frl.2025.109395,https://www.scopus.com/inward/record.uri?eid=2-s2.0-105026246902&doi=10.1016%2Fj.frl.2025.109395&partnerID=40&md5=c1ba72c92bc32d5f248e11ce6e783f67,"School of Management, Finance Department, National Yunlin University of Science and Technology, Yunlin, 64002, Taiwan","Liu C.-L., School of Management, Finance Department, National Yunlin University of Science and Technology, Yunlin, 64002, Taiwan; Tsui C.-K., School of Management, Finance Department, National Yunlin University of Science and Technology, Yunlin, 64002, Taiwan","This study examines whether Environmental, Social, and Governance (ESG) performance influences bank lending conditions. Using 2916 firm-loan observations from 2016 to 2023 in Taiwan, we find that superior ESG performance significantly reduces loan interest rates and collateral requirements. Comprehensive ESG scores demonstrate substantial effects on both lending dimensions, with social responsibility proving most influential for interest rate reductions and environmental performance most effective for collateral relief. Exploiting the COVID-19 pandemic as an exogenous shock through difference-in-differences methodology, we provide causal evidence that ESG performance functions as crisis-resilience insurance. High-ESG firms secured considerable interest rate and collateral advantages during the pandemic, with governance quality emerging as the most influential dimension during crisis periods. Our findings advance sustainable finance literature by providing the first comprehensive analysis of ESG effects across multiple lending dimensions simultaneously. © 2025 Elsevier Inc. All rights are reserved.",Bank loan; COVID-19 pandemic; ESG,,"C.-K. Tsui; School of Management, Finance Department, National Yunlin University of Science and Technology, Douliu City, 123 University Road, Section 3, Yunlin County, 64002, Taiwan; email: D10224006@yuntech.edu.tw",,Elsevier Ltd,15446123,,,,English,Finan. Res. Lett.,Article,Final,,Scopus,2-s2.0-105026246902,
Koutoupis A.; Fassas A.; Nerantzidis M.; Persakis A.; Tzeremes P.,"Koutoupis, Andreas (25027890500); Fassas, Athanasios (42261302700); Nerantzidis, Michail (55799436100); Persakis, Antonios (56623051000); Tzeremes, Panayiotis (57191971120)",25027890500; 42261302700; 55799436100; 56623051000; 57191971120,ESG and cost of capital components: Does the legal system matter?,2026,Journal of Accounting and Organizational Change,22,1,,193,210,3,10.1108/JAOC-03-2024-0090,https://www.scopus.com/inward/record.uri?eid=2-s2.0-86000588980&doi=10.1108%2FJAOC-03-2024-0090&partnerID=40&md5=6268a212298f080deb5e1c56f9155588,"Department of Accounting and Finance, University of Thessaly-Larisa, Larisa, Greece; Department of Accounting and Finance, University of Thessaly-Larisa, Larisa, Greece; Department of Accounting and Finance, University of Thessaly-Larisa, Larisa, Greece","Koutoupis A., Department of Accounting and Finance, University of Thessaly-Larisa, Larisa, Greece; Fassas A., Department of Accounting and Finance, University of Thessaly-Larisa, Larisa, Greece; Nerantzidis M., Department of Accounting and Finance, University of Thessaly-Larisa, Larisa, Greece; Persakis A., Department of Accounting and Finance, University of Thessaly-Larisa, Larisa, Greece; Tzeremes P., Department of Accounting and Finance, University of Thessaly-Larisa, Larisa, Greece","Purpose – This study aims to explore the relationship between environmental, social and governance (ESG) scores and the components of cost of capital in two distinct legal systems, while also examining the unique effect of each ESG pillar on these components. Design/methodology/approach – Using a sample of 4, 846 firms across 60 countries, categorized into either civil law or common law systems, the authors test this study’s hypotheses using ordinary least squares and instrumental variables two-stage least squares. Findings – The findings reveal a negative relationship between ESG and the components of the cost of capital for firms operating in civil law systems, whether measured by the cost of debt or the cost of equity. In contrast, firms in common law systems exhibit a negative relationship only with the cost of equity. Furthermore, the findings indicate that the influence of each ESG pillar on the components of the cost of capital varies across these two legal systems. Originality/value – To the best of the authors’ knowledge, this study represents the first investigation into the relationship between ESG scores and the components of cost of capital across two distinct jurisdictions. Additionally, it provides evidence regarding the distinct impact of each pillar of ESG on the components of cost of capital. © 2025 Emerald Publishing Limited",Civil law; Common law; Cost of debt; Cost of equity; ESG scores,,"M. Nerantzidis; Department of Accounting and Finance, University of Thessaly-Larisa, Larisa, Greece; email: nerantzidismike@uth.gr",,Emerald Publishing,18325912,,,,English,J. Account. Organ. Change,Article,Final,,Scopus,2-s2.0-86000588980,
Postiglione M.; Carini C.; Falini A.,"Postiglione, Massimo (59261212300); Carini, Cristian (55850414200); Falini, Alberto (59261390100)",59261212300; 55850414200; 59261390100,ESG and firm value: A hybrid literature review on cost of capital implications from Scopus database,2024,Corporate Social Responsibility and Environmental Management,31,6,,6457,6480,22,10.1002/csr.2940,https://www.scopus.com/inward/record.uri?eid=2-s2.0-85201309804&doi=10.1002%2Fcsr.2940&partnerID=40&md5=b863c024d219442e9948e6d52a6f747a,"Department of Economics and Management, University of Brescia, Brescia, Italy","Postiglione M., Department of Economics and Management, University of Brescia, Brescia, Italy; Carini C., Department of Economics and Management, University of Brescia, Brescia, Italy; Falini A., Department of Economics and Management, University of Brescia, Brescia, Italy","The relationship between ESG and firm value has been a relevant subject of study in recent years. We conducted a hybrid literature review to understand the literature's findings on this relationship and its implications in terms of cost of capital. First, a keyword co-occurrence analysis on a 122 ABS ranked journals articles selection from Scopus database was adopted to identify and investigate the main research fields of the current literature. Then a content analysis through the bibliographic coupling of the most globally cited contributions was made, defining a final sample of 50 articles obtained through a minimum threshold of at least 15 total global citations (TGCs). We found that studies on the cost of debt configuration are more aimed at determining the implications on firm value, while most contributions on the cost of equity focus on the assessment of the risk–return profile for the investor or the construction of an ESG portfolio. Furthermore, we found that most of the literature has a consensus view on the lack of transparency behind the ESG ratings and their construction methodology, stating that disagreement on ESG ratings not only limits the results of empirical analysis, but can also negatively affect firm value due to a higher level of uncertainty. © 2024 The Author(s). Corporate Social Responsibility and Environmental Management published by ERP Environment and John Wiley & Sons Ltd.",cost of capital; ESG; firm value; review; sustainability rating,,"M. Postiglione; Department of Economics and Management, University of Brescia, Brescia, Italy; email: massimo.postiglione@unibs.it",,John Wiley and Sons Ltd,15353958,,,,English,Corp. Soc. Responsib. Environ. Manage.,Review,Final,All Open Access; Hybrid Gold Open Access,Scopus,2-s2.0-85201309804,Review paper
Rong X.; Kim M.-I.,"Rong, Xiyu (57808741300); Kim, Myung-In (36008430100)",57808741300; 36008430100,ESG and the Cost of Debt: Role of Media Coverage,2024,Sustainability (Switzerland) ,16,12,4993,,,9,10.3390/su16124993,https://www.scopus.com/inward/record.uri?eid=2-s2.0-85197295478&doi=10.3390%2Fsu16124993&partnerID=40&md5=feab42092d1babc52f10fbaa18a1931f,"College of Accounting, Jilin University of Finance and Economics, Changchun, 130117, China; College of Business Administration, Inha University, Incheon, 22212, South Korea","Rong X., College of Accounting, Jilin University of Finance and Economics, Changchun, 130117, China; Kim M.-I., College of Business Administration, Inha University, Incheon, 22212, South Korea","This study delves into the interplay between the Environmental, Social, and Governance (ESG) ratings and the debt costs incurred by Korean-listed companies, highlighting their pivotal significance in today’s corporate ecosystem. Our primary focus is to explore how the extent of media coverage moderates this relationship, thereby shedding light on the pivotal role that public scrutiny plays in shaping a company’s financial outcomes. Utilizing the Ordinary Least Squares (OLS) regression model, we rigorously control for industry and year effects, as well as firm-specific variations. Additionally, we conduct a series of supplementary analyses and robust tests to further strengthen the credibility of our findings. Our empirical analysis reveals that firms with poor ESG ratings, indicating corporate social irresponsibility, incur higher debt costs in the subsequent period. Notably, this adverse financial impact is significantly alleviated for companies that enjoy higher media coverage. This notable discovery underscores the potential of media scrutiny to reduce the financial burden imposed by inadequate ESG performance. Our results suggest that companies, especially those with limited media attention, should prioritize enhancing their ESG performance to mitigate potential financial implications. Overall, our research contributes to a more nuanced understanding of the intersection between corporate social responsibility, media coverage, and financial performance. © 2024 by the authors.",cost of debt; CSR; ESG; media coverage,Korea; corporate strategy; debt; empirical analysis; industrial performance; industrial policy; least squares method; social media,"M.-I. Kim; College of Business Administration, Inha University, Incheon, 22212, South Korea; email: mikim21@inha.ac.kr",,Multidisciplinary Digital Publishing Institute (MDPI),20711050,,,,English,Sustainability,Article,Final,All Open Access; Gold Open Access,Scopus,2-s2.0-85197295478,
You X.; Chen C.; Peng K.; Li Y.,"You, Xianghua (58886263200); Chen, Can (58886239300); Peng, Ke (55926899000); Li, Yubin (56954875100)",58886263200; 58886239300; 55926899000; 56954875100,ESG disclosure quality and cost of debt,2025,Emerging Markets Review,64,,101219,,,10,10.1016/j.ememar.2024.101219,https://www.scopus.com/inward/record.uri?eid=2-s2.0-85209993918&doi=10.1016%2Fj.ememar.2024.101219&partnerID=40&md5=188462e28c9778992b48741c7b37e82a,"School of Economics and Management, Harbin Institute of Technology, Shenzhen, 518055, China; School of Economics and Management, Chinese University of Hong Kong, Shenzhen, 518055, China","You X., School of Economics and Management, Harbin Institute of Technology, Shenzhen, 518055, China; Chen C., School of Economics and Management, Chinese University of Hong Kong, Shenzhen, 518055, China; Peng K., School of Economics and Management, Harbin Institute of Technology, Shenzhen, 518055, China; Li Y., School of Economics and Management, Harbin Institute of Technology, Shenzhen, 518055, China","This study reveals a negative correlation between the quality of ESG (Environmental, Social, and Governance) disclosure and the cost of debt financing among Chinese listed companies from 2011 to 2020. Furthermore, this relationship is only significant for non-SOE firms, firms in areas with higher marketization level, firms with lower accounting transparency, firms voluntarily publishing social responsibility reports, or firms operating in non-high-pollution industries. These results are robust to a series of tests including two-stage regressions based on instrumental variable and alternative measures of disclosure quality based on textual analyses. © 2024 Elsevier B.V.",Cost of debt; ESG; ESG Disclosure,,"Y. Li; School of Economics and Management, Harbin Institute of Technology, Shenzhen, 518055, China; email: liyubin@hit.edu.cn",,Elsevier B.V.,15660141,,,,English,Emerg. Mark. Rev.,Article,Final,,Scopus,2-s2.0-85209993918,
Feng Z.; Wu Z.,"Feng, Zifeng (57200546256); Wu, Zhonghua (59816867100)",57200546256; 59816867100,"ESG Disclosure, REIT Debt Financing and Firm Value",2023,Journal of Real Estate Finance and Economics,67,3,,388,422,128,10.1007/s11146-021-09857-x,https://www.scopus.com/inward/record.uri?eid=2-s2.0-85113448848&doi=10.1007%2Fs11146-021-09857-x&partnerID=40&md5=4b11ef81c80615fbe24655efe0e94cd9,"Department of Economics and Finance, The University of Texas At El Paso, 500 W. University Ave, El Paso, 79968, TX, United States; Hollo School of Real Estate, Florida International University, 1101 Brickell Ave, Miami, 33131, FL, United States","Feng Z., Department of Economics and Finance, The University of Texas At El Paso, 500 W. University Ave, El Paso, 79968, TX, United States; Wu Z., Hollo School of Real Estate, Florida International University, 1101 Brickell Ave, Miami, 33131, FL, United States","Using recently available GRESB ESG public disclosure data for REITs around the world, we examine how ESG disclosure is related to REIT debt financing and firm value. We find that REITs with higher levels of ESG disclosure have lower cost of debt, higher credit ratings, and higher unsecured debt to total debt ratio, controlling for key firm characteristics. These findings suggest that improving ESG disclosure can help REITs to gain better access to the capital markets and enhance corporate financial flexibility, as lenders have paid close attention to a firm’s ESG disclosure and integrated evaluation of ESG factors into their lending decisions. Moreover, firm value of REITs is positively associated with their ESG disclosure level. When using the Covid-19 pandemic as a quasi-experimental setting, we find evidence that REITs with higher ESG disclosure levels before the pandemic exhibit higher firm value during the pandemic. These results indicate that investors do value active ESG disclosure by REITs. Additional analyses show that ESG disclosure level is sensitive to institutional ownership, implying that institutional investors may drive REIT ESG disclosure efforts. Taken together, this paper suggests that effective ESG disclosure can have a positive impact on REIT debt financing and firm value due to the increased corporate transparency, and the ESG reporting framework developed by GRESB appears to be effective to provide transparency and comparability across the global real estate industry. © 2021, The Author(s), under exclusive licence to Springer Science+Business Media, LLC, part of Springer Nature.",Debt financing; ESG disclosure; Financial flexibility; Firm value,,"Z. Wu; Hollo School of Real Estate, Florida International University, Miami, 1101 Brickell Ave, 33131, United States; email: wuz@fiu.edu",,Springer,8955638,,,,English,J. Real Estate Financ. Econ.,Article,Final,All Open Access; Bronze Open Access; Green Open Access,Scopus,2-s2.0-85113448848,
Tron A.; Franceschi L.F.; Colantoni F.; Paolone F.,"Tron, Alberto (56596486300); Franceschi, Luca Francesco (59767724200); Colantoni, Federico (57863221200); Paolone, Francesco (57191258722)",56596486300; 59767724200; 57863221200; 57191258722,ESG Dynamics: Assessing the Link Between Sustainability Practices and the Cost of Capital,2025,Corporate Social Responsibility and Environmental Management,32,4,,5038,5053,8,10.1002/csr.3231,https://www.scopus.com/inward/record.uri?eid=2-s2.0-105004204482&doi=10.1002%2Fcsr.3231&partnerID=40&md5=adf6aeae89aea150a840fbdf0a7e8249,"Department of Economics, Statistics and Business, Universitas Mercatorum, Rome, Italy; University of Cattolica Sacro-Cuore of Milan, Milan, Italy; SDA Bocconi, Milan, Italy","Tron A., Department of Economics, Statistics and Business, Universitas Mercatorum, Rome, Italy; Franceschi L.F., University of Cattolica Sacro-Cuore of Milan, Milan, Italy; Colantoni F., SDA Bocconi, Milan, Italy; Paolone F., Department of Economics, Statistics and Business, Universitas Mercatorum, Rome, Italy","This paper investigates the relationships between environmental, social, and governance performance and the cost of capital in the European context. Using data from 489 publicly listed companies in the STOXX Europe 600 index over an 8-year period (2015–2022), comprising 3317 firm-year observations, we analyze variations in this relationship over time. Our findings indicate that companies with strong ESG performance tend to enjoy lower costs of debt, reflecting favorable borrowing conditions perceived by debt financiers. Conversely, we observe a positive relationship between ESG performance and the cost of equity, suggesting higher expected returns for equity investors due to perceived long-term risk. Furthermore, temporal analysis reveals that the relationship between ESG performance and the cost of capital became more pronounced from 2020 to 2022, potentially driven by heightened attention to sustainability practices and regulatory interventions. This study contributes to the theoretical understanding of the evolving role of sustainability in financial markets and its implications for corporate finance decisions. © 2025 ERP Environment and John Wiley & Sons Ltd.",cost of capital; cost of debt; cost of equity; ESG; WACC,,"F. Paolone; Department of Economics, Statistics and Business, Universitas Mercatorum, Rome, Italy; email: francesco.paolone@unimercatorum.it",,John Wiley and Sons Ltd,15353958,,,,English,Corp. Soc. Responsib. Environ. Manage.,Article,Final,,Scopus,2-s2.0-105004204482,
Wong R.; Nguyen H.T.M.; Kwansa N.A.,"Wong, Ricky (57194033543); Nguyen, Hoang Thi My (58960662500); Kwansa, Nana Abena (57219230647)",57194033543; 58960662500; 57219230647,ESG performance and cost of capital: what do we know? Evidence from the US,2024,International Journal of Monetary Economics and Finance,17,1,,74,96,4,10.1504/IJMEF.2024.137548,https://www.scopus.com/inward/record.uri?eid=2-s2.0-85188888376&doi=10.1504%2FIJMEF.2024.137548&partnerID=40&md5=23483bc30e76be56154e5d821046dd17,"Edinburgh Business School, School of Social Sciences, Heriot-Watt University, Putrajaya, 62200, Malaysia; Edinburgh Business School, School of Social Sciences, Heriot-Watt University, Edinburgh, EH14 4AS, United Kingdom","Wong R., Edinburgh Business School, School of Social Sciences, Heriot-Watt University, Putrajaya, 62200, Malaysia; Nguyen H.T.M., Edinburgh Business School, School of Social Sciences, Heriot-Watt University, Edinburgh, EH14 4AS, United Kingdom; Kwansa N.A., Edinburgh Business School, School of Social Sciences, Heriot-Watt University, Edinburgh, EH14 4AS, United Kingdom","This paper empirically examines the impact of environmental, social and governance (ESG) performance and its individual components on the cost of debt and the cost of equity. Using a sample of S&P 500 firms from 2015 to 2021, we find that strong ESG performance reduces the cost of debt and the cost of equity. Furthermore, our analyses on the individual constituents of the ESG performance indicate that firms with high environmental and social performance benefit from both lower cost of debt and cost of equity with the effect more pronounced for cost of equity. The evidence also indicates that high performance in governance only has implications for equity cost of capital. The evidence supports the position that integrating relevant ESG activities in firm business model has capital raising benefits. © 2024 Inderscience Enterprises Ltd.",capital structure; cost of debt; cost of equity; environmental; social and governance,,"R. Wong; Edinburgh Business School, School of Social Sciences, Heriot-Watt University, Putrajaya, 62200, Malaysia; email: r.wong@hw.ac.uk",,Inderscience Publishers,17520479,,,,English,Int. J. Monet. Econ. Financ.,Article,Final,All Open Access; Bronze Open Access,Scopus,2-s2.0-85188888376,
Shi Y.; Zheng S.; Xiao P.; Zhen H.; Wu T.,"Shi, Yongdong (56135101100); Zheng, Shijie (57732309000); Xiao, Pengsong (59336401800); Zhen, Hongxian (57198797213); Wu, Tong (59335904200)",56135101100; 57732309000; 59336401800; 57198797213; 59335904200,ESG performance and cost of debt,2024,China Journal of Accounting Research,17,4,100390,,,21,10.1016/j.cjar.2024.100390,https://www.scopus.com/inward/record.uri?eid=2-s2.0-85204451939&doi=10.1016%2Fj.cjar.2024.100390&partnerID=40&md5=6d1322c55b13adadfb5ec42bce50dc01,"School of Fintech/School of Finance, Dongbei University of Finance and Economics, Dalian, China; School of Economics and Management, Anhui Normal University, Wuhu, China; Bank of Chengde, Chengde, China; School of Accounting/China Internal Control Research Center, Dongbei University of Finance and Economics, Dalian, China","Shi Y., School of Fintech/School of Finance, Dongbei University of Finance and Economics, Dalian, China; Zheng S., School of Economics and Management, Anhui Normal University, Wuhu, China; Xiao P., Bank of Chengde, Chengde, China; Zhen H., School of Accounting/China Internal Control Research Center, Dongbei University of Finance and Economics, Dalian, China; Wu T., School of Accounting/China Internal Control Research Center, Dongbei University of Finance and Economics, Dalian, China","We analyze China Securities Index Co., Ltd. (CSI) environmental, social and governance (ESG) scoring data, which incorporate Chinese characteristics, to assess the impact of ESG performance on corporate debt financing costs. Our findings indicate that better CSI ESG scores are correlated with lower debt financing costs. Additionally, improvements in local environmental execution enhance the effect of CSI ESG scores on debt financing costs. However, this effect diminishes with increased internal control quality and marketization. Governance has the greatest impact on reducing debt financing costs, followed by social and environmental factors. Superior CSI ESG scores reduce corporate debt financing costs by enhancing debt repayment capacity and reducing information asymmetry. Economic consequence analysis confirms that lower financing costs, driven by improved ESG performance, significantly enhance total factor productivity and firm value. CSI ESG scores also significantly impact bank loans but not corporate bond financing. © 2024",Chinese capital market; CSI ESG performance; Debt financing costs; Sustainable development,,"H. Zhen; Shahekou District, No. 217, Jianshan Street, Dalian, 116025, China; email: zhx223@163.com",,Sun Yat-sen (Zhongshan) University,17553091,,,,English,China J. Account. Res.,Article,Final,All Open Access; Gold Open Access,Scopus,2-s2.0-85204451939,
Gidage M.; Bhide S.; Pahurkar R.; Kolte A.,"Gidage, Mithilesh (59178695700); Bhide, Shilpa (57195932907); Pahurkar, Rajesh (57211557307); Kolte, Ashutosh (57204614937)",59178695700; 57195932907; 57211557307; 57204614937,ESG Performance and Systemic Risk Nexus: Role of Firm-Specific Factors in Indian Companies,2024,Journal of Risk and Financial Management,17,9,381,,,26,10.3390/jrfm17090381,https://www.scopus.com/inward/record.uri?eid=2-s2.0-85205073874&doi=10.3390%2Fjrfm17090381&partnerID=40&md5=78a463dcd52dbfec50ea56065ad0e323,"Department of Management Sciences (PUMBA), Savitribai Phule Pune University, Ganeshkhind, Maharashtra, Pune, 411007, India; Fixed Income Engineering (FIDA), Morningstar Inc., 22 W. Washington St., Chicago, 60602, IL, United States","Gidage M., Department of Management Sciences (PUMBA), Savitribai Phule Pune University, Ganeshkhind, Maharashtra, Pune, 411007, India, Fixed Income Engineering (FIDA), Morningstar Inc., 22 W. Washington St., Chicago, 60602, IL, United States; Bhide S., Department of Management Sciences (PUMBA), Savitribai Phule Pune University, Ganeshkhind, Maharashtra, Pune, 411007, India; Pahurkar R., Department of Management Sciences (PUMBA), Savitribai Phule Pune University, Ganeshkhind, Maharashtra, Pune, 411007, India; Kolte A., Department of Management Sciences (PUMBA), Savitribai Phule Pune University, Ganeshkhind, Maharashtra, Pune, 411007, India","This study investigates the ESG performance–systemic risk (SR) nexus among Indian companies. Using the beta coefficient from the Capital Asset Pricing Model (CAPM) and statistical analysis, it explores how ESG performance affects SR. The findings reveal that firms with higher ESG scores have lower SR sensitivity. Notably, there is a significant difference in risk sensitivity between high- and low-ESG-rated companies, with ESG effects being less pronounced in high-cap firms compared to low-cap firms. Conversely, large firms, older firms, and those with lower borrowing costs show a diminished effect of ESG ratings on their SR sensitivity. These results underscore the importance of firm-specific characteristics in determining the efficacy of ESG strategies in risk mitigation. This study reveals that ESG performance reduces SR, with market valuation affecting this relationship. © 2024 by the authors.",Capital Asset Pricing Model; cost of debt; ESG performance; firm age; firm size; systemic risk; systemic risk sensitivity,,"A. Kolte; Department of Management Sciences (PUMBA), Savitribai Phule Pune University, Pune, Ganeshkhind, Maharashtra, 411007, India; email: ashutoshkolte@gmail.com",,Multidisciplinary Digital Publishing Institute (MDPI),19118074,,,,English,J. Risk. Financ. Manag.,Article,Final,All Open Access; Green Open Access; Hybrid Gold Open Access,Scopus,2-s2.0-85205073874,
Zhu N.; Abdullah; Hashmi M.A.; Shah M.H.; Yang J.,"Zhu, Naiping (36987290300); Abdullah (57195228611); Hashmi, Muhammad Arsalan (57201396978); Shah, Muhammad Hashim (57195233306); Yang, JinLan (59112520700)",36987290300; 57195228611; 57201396978; 57195233306; 59112520700,ESG Performance and the Cost of Debt of Chinese Firms: Do Board Idiosyncrasies Matter?,2025,Journal of the Knowledge Economy,16,2,,9684,9714,6,10.1007/s13132-024-02255-7,https://www.scopus.com/inward/record.uri?eid=2-s2.0-85201588851&doi=10.1007%2Fs13132-024-02255-7&partnerID=40&md5=6972091268c46d373bf4dc66961321e8,"School of Finance and Economics, Jiangsu University, No. 301 Xuefu Road, Jiangsu Province, Zhenjiang, China; Institute of Business and Health Management, Dow University of Health Sciences, Karachi, Pakistan; School of Economics & Management, Southwest Jiaotong University, Chengdu, China","Zhu N., School of Finance and Economics, Jiangsu University, No. 301 Xuefu Road, Jiangsu Province, Zhenjiang, China; Abdullah, School of Finance and Economics, Jiangsu University, No. 301 Xuefu Road, Jiangsu Province, Zhenjiang, China; Hashmi M.A., Institute of Business and Health Management, Dow University of Health Sciences, Karachi, Pakistan; Shah M.H., School of Economics & Management, Southwest Jiaotong University, Chengdu, China; Yang J., School of Finance and Economics, Jiangsu University, No. 301 Xuefu Road, Jiangsu Province, Zhenjiang, China","The ESG paradigm has exerted increasing pressure on Chinese firms to adopt environment-friendly and socially responsible policies as part of their governance framework. Despite its importance, limited attention has been given to the relationship between ESG performance and the cost of debt (COD) and whether board traits influence this relationship. Therefore, this study addresses this gap by analyzing the moderating influence of board size and independence on the relationship between ESG performance and the cost of debt using a two-way interaction approach. We also investigate whether board diversity (i.e., age, gender, education, and culture) complements board size and independence in strengthening the negative relationship between ESG performance and COD using the three-way interaction approach. The study employed two-stage least squares and two-step GMM estimation techniques using a sample of Chinese non-financial firms. The two-way interaction results suggest that large and independent boards have a moderating effect and influence the negative relationship between ESG and COD. Furthermore, the three-way interaction results suggest that board diversity complements large and independent boards by strengthening the negative impact of ESG on COD. This effect of board diversity is present when the board of directors possesses age, gender, educational, and cultural diversity. Interestingly, our analysis also indicates that ESG performance is beneficial for both environmentally sensitive and non-sensitive firms but has more profound benefits for environmentally sensitive firms. © The Author(s), under exclusive licence to Springer Science+Business Media, LLC, part of Springer Nature 2024.",Board diversity; Board independence; Board size; Cost of debt; Environmental sensitivity; ESG performance,,"Abdullah; School of Finance and Economics, Jiangsu University, Zhenjiang, No. 301 Xuefu Road, Jiangsu Province, China; email: abdiman.0688@yahoo.com",,Springer,18687865,,,,English,J. Knowl. Econ.,Article,Final,,Scopus,2-s2.0-85201588851,
Fiorillo P.; Meles A.; Ricciardi A.; Verdoliva V.,"Fiorillo, Paolo (57412159300); Meles, Antonio (56419990400); Ricciardi, Antonio (21735318200); Verdoliva, Vincenzo (55629885300)",57412159300; 56419990400; 21735318200; 55629885300,ESG performance and the cost of debt. Evidence from the corporate bond market,2025,International Review of Financial Analysis,102,,104097,,,21,10.1016/j.irfa.2025.104097,https://www.scopus.com/inward/record.uri?eid=2-s2.0-86000546145&doi=10.1016%2Fj.irfa.2025.104097&partnerID=40&md5=28b67654b7d32d576fddc0247e7cb682,"Catholic University of the Sacred Heart, Department of Economics and Social Sciences, Via Emilia Parmense, 84, PC, Piacenza, 29122, Italy; University of Campania “Luigi Vanvitelli”, Department of Economics, Corso Gran Priorato di Malta, CE, Capua, 81043, Italy; University of Calabria, Department of Management and Law, Via P. Bucci, 3/C, CS, Arcavacata di Rende, 87036, Italy; University of Naples Parthenope, Department of Management and Quantitative Studies, Via G. Parisi, 13, NA, Napoli, 80132, Italy","Fiorillo P., Catholic University of the Sacred Heart, Department of Economics and Social Sciences, Via Emilia Parmense, 84, PC, Piacenza, 29122, Italy; Meles A., University of Campania “Luigi Vanvitelli”, Department of Economics, Corso Gran Priorato di Malta, CE, Capua, 81043, Italy; Ricciardi A., University of Calabria, Department of Management and Law, Via P. Bucci, 3/C, CS, Arcavacata di Rende, 87036, Italy; Verdoliva V., University of Naples Parthenope, Department of Management and Quantitative Studies, Via G. Parisi, 13, NA, Napoli, 80132, Italy","We study the impact of ESG performance on the cost of debt in the primary corporate bond market. Using an international sample of 25,234 bonds from 2677 ESG-rated issuers, we analyse yield spreads between bonds from high- and low-ESG-rated issuers, finding lower yields (by about 10 bps) for high-ESG firms. Our results are robust to additional tests, including controls for endogeneity, and are mainly explained by the environmental and social pillars. We also find that this result is driven by more developed financial markets, likely affected by lower information frictions, and by countries where bankruptcy rules guarantee higher protection for bondholders, making them more willing to grant ESG premia. Finally, we observe lower yield spreads for bond issues that occurred after the introduction of the SFDR, highlighting the importance of regulations promoting socially responsible investments. Overall, our results suggest that firms can benefit from superior ESG performance in the form of lower borrowing costs in the corporate bond market. © 2025 The Authors",Bond yields; Corporate bond market; ESG performance; Socially responsible investments,,"P. Fiorillo; Catholic University of the Sacred Heart, Department of Economics and Social Sciences, Piacenza, Via Emilia Parmense, 84, PC, 29122, Italy; email: paolo.fiorillo@unicatt.it",,Elsevier Inc.,10575219,,,,English,Int. Rev. Financ. Anal.,Article,Final,All Open Access; Hybrid Gold Open Access,Scopus,2-s2.0-86000546145,
Yan S.; Choi S.U.; Hwang I.; Jung H.-R.,"Yan, Sibei (57821727400); Choi, Seung Uk (56701183000); Hwang, Iny (24401322600); Jung, Hyung-Rok (55636585600)",57821727400; 56701183000; 24401322600; 55636585600,ESG performance and the cost of debt: exploring the role of internal audit,2025,Applied Economics,57,46,,7381,7401,4,10.1080/00036846.2024.2421458,https://www.scopus.com/inward/record.uri?eid=2-s2.0-85209084937&doi=10.1080%2F00036846.2024.2421458&partnerID=40&md5=cdab580dcd37a397732147159a87717a,"Business School, Chengdu University, Chengdu, China; Department of Accounting and Taxation, School of Management, Kyung Hee University, Seoul, South Korea; College of Business Administration, Seoul National University, Seoul, South Korea","Yan S., Business School, Chengdu University, Chengdu, China; Choi S.U., Department of Accounting and Taxation, School of Management, Kyung Hee University, Seoul, South Korea; Hwang I., College of Business Administration, Seoul National University, Seoul, South Korea; Jung H.-R., Department of Accounting and Taxation, School of Management, Kyung Hee University, Seoul, South Korea","This study investigates the effect of Environmental, Social, and Governance (ESG) performance on capital-raising costs in the debt market. The study also examines the role of internal audit organizations in this relationship. The results of the current study show that firms with high ESG performance have lower cost of debt. More importantly, when ESG is classified into sub-factors (E, S, and G), all three are negatively associated with the cost of debt. Next, the current study documents that the presence of an audit committee, the increase in the number of internal audit members, and the higher independence of the internal audit organization incrementally weaken the negative relationship between ESG and the cost of debt. The results remain robust across various additional tests and when endogeneity concerns are mitigated. Overall, these findings suggest the possibility that, as a primary risk assessment function, an independent and large internal audit organization exposes and highlights ESG risks to external credit rating agencies. The findings of this study offer valuable practical insights into how internal audit organizations can effectively assess and contribute to the evaluation of ESG performance. © 2024 Informa UK Limited, trading as Taylor & Francis Group.",audit committee; cost of debt; ESG performance; internal audit organization,capital formation; debt; performance assessment; sustainability,"S.U. Choi; Department of Accounting and Taxation, School of Management, Kyung Hee University, Seoul, 26 Kyungheedae-ro, Dongdaemun-gu, 02447, South Korea; email: suchoi@khu.ac.kr",,Routledge,36846,,,,English,Appl. Econ.,Article,Final,,Scopus,2-s2.0-85209084937,
Termprasertsakul S.; Pantipjatuporn P.; Khruachalee K.,"Termprasertsakul, Santi (57195508441); Pantipjatuporn, Piyapong (60396848000); Khruachalee, Krisada (57226863941)",57195508441; 60396848000; 57226863941,ESG performance as an informational signal: dual effects on the cost of capital and price synchronicity,2026,Cogent Economics and Finance,14,1,2626031,,,0,10.1080/23322039.2026.2626031,https://www.scopus.com/inward/record.uri?eid=2-s2.0-105030144480&doi=10.1080%2F23322039.2026.2626031&partnerID=40&md5=3226aca05586c49c8c68e6e2f04de558,"Faculty of Business Administration for Society, Srinakharinwirot University, Bangkok, Thailand; Graduate School of Applied Statistics, National Institute of Development Administration, Bangkok, Thailand","Termprasertsakul S., Faculty of Business Administration for Society, Srinakharinwirot University, Bangkok, Thailand; Pantipjatuporn P., Graduate School of Applied Statistics, National Institute of Development Administration, Bangkok, Thailand; Khruachalee K., Faculty of Business Administration for Society, Srinakharinwirot University, Bangkok, Thailand","This study examines how firms’ environmental, social, and governance (ESG) performance jointly affects the cost of capital and stock price synchronicity. Using firm-year data for companies listed on the Stock Exchange of Thailand (2015–2024). Fixed-effects and dynamic system GMM models linking overall and pillar-level ESG scores to the cost of debt, the cost of equity, the weighted average cost of capital, and the extent of firm-specific information in prices are estimated. The results show that stronger ESG performance lowers financing frictions–particularly in debt markets–and reduces synchronicity, indicating improved informational efficiency. A key insight concerns governance. Investors appear to interpret governance practices as broad signals of market credibility rather than as mechanisms that enhance firm-specific transparency, which limits governance’s ability to improve price informativeness. In contrast, the environmental and social pillars are the primary drivers of lower synchronicity. This study contributes to the ESG literature by providing evidence from Thailand that ESG transparency is financially material through both capital cost and information channels, suggesting that managers seeking to enhance price informativeness should prioritize substantive environmental and social disclosures along with formal governance practices. © 2026 The Author(s). Published by Informa UK Limited, trading as Taylor & Francis Group.",cost of capital; dynamic panel regression; ESG performance; fixed effects; GMM; price synchronicity; Thailand,,"K. Khruachalee; Faculty of Business Administration for Society, Srinakharinwirot University, Bangkok, 114 Sukhumvit 23, Khlong Toei Nuea, Watthana, 10110, Thailand; email: krisadak@g.swu.ac.th",,Cogent OA,23322039,,,,English,Cogent Econ. Finance,Article,Final,All Open Access; Gold Open Access; Green Open Access,Scopus,2-s2.0-105030144480,
Boccaletti S.; Gucciardi G.,"Boccaletti, Simone (57221591135); Gucciardi, Gianluca (56539857500)",57221591135; 56539857500,"ESG performance, institutional factors, and the cost of debt",2025,Journal of Sustainable Finance and Investment,15,3,,523,551,3,10.1080/20430795.2025.2489386,https://www.scopus.com/inward/record.uri?eid=2-s2.0-105002397334&doi=10.1080%2F20430795.2025.2489386&partnerID=40&md5=b9628ea223aaec78ad3685dcf99f6282,"Department of Economics and Social Sciences (DISES), Università Cattolica del Sacro Cuore, Piacenza, Italy; Department of Economics and Business Studies (DISEI), Università del Piemonte Orientale, Novara, Italy","Boccaletti S., Department of Economics and Social Sciences (DISES), Università Cattolica del Sacro Cuore, Piacenza, Italy; Gucciardi G., Department of Economics and Business Studies (DISEI), Università del Piemonte Orientale, Novara, Italy","Institutional factors play a critical role in shaping the relationship between companies’ environmental, social, and governance (ESG) practices and their financial performance. This paper investigates how institutional factors influence the relationship between ESG practices and the cost of debt for non-financial firms globally, focusing on seven dimensions of governance quality and environmental resilience. Findings show that companies with superior ESG ratings operating in countries with high institutional quality benefit from a reduction in their cost of debt. Conversely, firms in countries with lower institutional quality do not experience the same advantage, underscoring the importance of effective governance and environmental resilience in fostering sustainable business practices. Results are robust to tests addressing endogeneity concerns and possible confounding factors, such as the COVID-19 pandemic. These findings provide insights for practitioners, financial institutions, and policymakers, highlighting the need to consider the institutional context when assessing the impact of ESG factors on financial outcomes. © 2025 Informa UK Limited, trading as Taylor & Francis Group.",corporate finance; cost of debt; ESG; institutions; sustainable finance,,"G. Gucciardi; Department of Economics and Business Studies (DISEI), Università del Piemonte Orientale, Novara, Via Perrone 18, 28100, Italy; email: gianluca.gucciardi@uniupo.it",,Taylor and Francis Ltd.,20430795,,,,English,Journal of Sustain.  Finance  Invest.,Article,Final,,Scopus,2-s2.0-105002397334,
Eliwa Y.; Aboud A.; Saleh A.,"Eliwa, Yasser (57951070200); Aboud, Ahmed (57202161060); Saleh, Ahmed (57264165600)",57951070200; 57202161060; 57264165600,ESG practices and the cost of debt: Evidence from EU countries,2021,Critical Perspectives on Accounting,79,,102097,,,633,10.1016/j.cpa.2019.102097,https://www.scopus.com/inward/record.uri?eid=2-s2.0-85115272127&doi=10.1016%2Fj.cpa.2019.102097&partnerID=40&md5=e7aef4e3d23071d3d1d96d9df9b8134b,"School of Business and Economics, Loughborough University, UK, United Kingdom; Faculty of Commerce, Cairo University, Egypt; Portsmouth Business School, University of Portsmouth, UK, United Kingdom; Faculty of Commerce, Beni-Suef University, Egypt; Faculty of Business and Law, Coventry University, UK, United Kingdom; Faculty of Commerce, Mansoura University, Egypt","Eliwa Y., School of Business and Economics, Loughborough University, UK, United Kingdom, Faculty of Commerce, Cairo University, Egypt; Aboud A., Portsmouth Business School, University of Portsmouth, UK, United Kingdom, Faculty of Commerce, Beni-Suef University, Egypt; Saleh A., Faculty of Business and Law, Coventry University, UK, United Kingdom, Faculty of Commerce, Mansoura University, Egypt","Using legitimacy and institutional theories, this study investigates whether lending institutions reward firms in 15 EU countries for their environmental, social and governance (ESG) performance and disclosure in terms of lowering their cost of debt capital. Our study distinguishes between ESG performance that is used to indicate an effective commitment to ESG strategies, and ESG disclosure that represents an effort to construct an image of commitment designed to positively influence stakeholders’ perceptions. Supporting a version of legitimacy theory, we find that lending institutions value both ESG performance and disclosure and integrate ESG information in their credit decisions – in that firms with stronger ESG performance have a lower cost of debt, and ESG disclosure has an equal impact on the cost of debt as ESG performance. Although these findings suggest that the market (in context) can engender more desirable social outcomes by rewarding ESG practices, it fails to distinguish between ESG performance and disclosure (which may be contrasted as the more substantive and the more symbolic). Moreover, our results also reflect upon the importance of the role that civil society and the state play in addressing and exploring the limitations of free-market regimes. Specifically, we provide evidence that the impact of ESG performance and disclosure on the cost of debt is more dominant in the stakeholder-oriented countries (where the community is more prevalent). Our main findings are robust to a battery of sensitivity tests, including an alternative measure of the cost of debt, model specifications, and different approaches to address endogeneity. We acknowledge limitations in our research method but point nevertheless to its value in supporting a critical perspective and make suggestions for future research. © 2019 Elsevier Ltd",Credit ratings; ESG disclosure; ESG performance; EU; The cost of debt,,"Y. Eliwa; School of Business and Economics, Loughborough University, Loughborough, LE11 3TU, United Kingdom; email: Y.Eliwa@lboro.ac.uk",,Academic Press,10452354,,,,English,Crit. Perspect. Account.,Article,Final,All Open Access; Gold Open Access; Green Open Access,Scopus,2-s2.0-85115272127,
Liu D.; Wang X.; Wang H.; Yang Z.,"Liu, Dingru (60342751900); Wang, Xiao (60343237400); Wang, Hanqing (60343358000); Yang, Zhiwei (60343237500)",60342751900; 60343237400; 60343358000; 60343237500,ESG rating changes and debt costs of enterprises in China,2026,SAGE Open,16,1,,,,0,10.1177/21582440251415268,https://www.scopus.com/inward/record.uri?eid=2-s2.0-105028130984&doi=10.1177%2F21582440251415268&partnerID=40&md5=7f647aeb7bd19f95e7e725dd05c3e9c3,"Qingdao, Huanghai University, Shandong Province, China; Binzhou Polytechnic, Shandong Province, China; Semyung University, North Chungcheong Province, Jecheon, South Korea; Honam University, Gwangsan-gu, Gwangju, South Korea","Liu D., Qingdao, Huanghai University, Shandong Province, China; Wang X., Binzhou Polytechnic, Shandong Province, China; Wang H., Semyung University, North Chungcheong Province, Jecheon, South Korea; Yang Z., Honam University, Gwangsan-gu, Gwangju, South Korea","With capital markets’ growing attention to sustainable development, environmental, social, and governance (ESG) factors have become increasingly important in shaping corporate financing decisions. However, whether changes in ESG ratings (upgrades or downgrades) effectively signal shifts in a firm’s operational risk and transparency is unclear. Moreover, little research has explored whether these signals influence firm financing costs, particularly across ownership structures and regulatory environments. This study uses data from Shanghai and Shenzhen-listed firms from 2014 to 2023 to examine how dynamic ESG rating changes affect their debt financing costs and analyze the associated market responses. Across the full sample, ESG rating upgrades are associated with modest reductions in the debt financing costs, whereas downgrades raise debt financing costs, revealing an asymmetric pricing pattern in which creditors respond more strongly to negative ESG signals than to positive ones. Ownership structure moderates these effects, for non–state-owned enterprises, upgrades lower and downgrades increase debt financing costs more visibly than for state-owned enterprises. Following implementation of the new Securities Law, the impact of ESG rating changes on debt financing costs has become more pronounced. Robustness checks using alternative ESG providers and instrumental-variables estimation yield consistent results. These findings provide empirical insights for firms, investors, and policymakers to optimize financing strategies and improve ESG-related regulations. © The Author(s) 2026. This article is distributed under the terms of the Creative Commons Attribution-NonCommercial 4.0 License (https://creativecommons.org/licenses/by-nc/4.0/) which permits non-commercial use, reproduction and distribution of the work without further permission provided the original work is attributed as specified on the SAGE and Open Access pages (https://us.sagepub.com/en-us/nam/open-access-at-sage).",Chinese capital markets; debt financing cost; ESG ratings; new securities law; ownership structure,,"H. Wang; Department of Business Administration, Semyung University, Jecheon, North Chungcheong Province, South Korea; email: 2025638802@semyung.ac.kr; Z. Yang; Department of Business Administration, Honam University, Gwangju, Gwangsan-gu, South Korea; email: 2018100@honam.ac.kr",,SAGE Publications Inc.,21582440,,,,English,SAGE Open,Article,Final,All Open Access; Gold Open Access,Scopus,2-s2.0-105028130984,
Chen J.; Guo X.; Liu R.,"Chen, Jinyu (56263993100); Guo, Xinyu (59241588600); Liu, Ran (57546309900)",56263993100; 59241588600; 57546309900,ESG Rating Uncertainty and the Cost of Debt Financing,2025,International Journal of Finance and Economics,30,4,,4328,4342,10,10.1002/ijfe.3123,https://www.scopus.com/inward/record.uri?eid=2-s2.0-85216075512&doi=10.1002%2Fijfe.3123&partnerID=40&md5=ba0770eab4e7701fd026ac423efd78e3,"School of Business, Central South University, Changsha, China; Institute of Metal Resources Strategy, Central South University, Changsha, China","Chen J., School of Business, Central South University, Changsha, China, Institute of Metal Resources Strategy, Central South University, Changsha, China; Guo X., School of Business, Central South University, Changsha, China; Liu R., School of Business, Central South University, Changsha, China","Using A-share listed companies in 2011–2022 as a research sample, this study manually calculates and constructs Environment, Social and Government (ESG) rating uncertainty at the level of Chinese listed companies and examines whether and how ESG rating uncertainty affects firms' cost of debt financing. The empirical results demonstrate that ESG rating uncertainty raises firms' debt financing costs. After a string of robustness tests, the results are still robust. Mechanism analysis identifies credit risk and corporate reputation as the primary channels driving this relationship. Furthermore, high levels of firm's internal control, region's public environmental concerns and the level of financial agglomeration are conducive to mitigating the adverse effects of ESG rating uncertainty. This article enriches the research on the impact of ESG rating uncertainty on microeconomic agents in emerging markets and provides new perspectives to alleviate corporate financing constraints. © 2025 John Wiley & Sons Ltd.",corporate reputation; cost of debt financing; credit risk; ESG rating uncertainty; financing constraint,China; credit provision; debt; empirical analysis; finance,"R. Liu; School of Business, Central South University, Changsha, China; email: lr_4325@csu.edu.cn",,John Wiley and Sons Ltd,10769307,,,,English,Int. J. Financ. Econ.,Article,Final,,Scopus,2-s2.0-85216075512,
Fikru M.G.; Brodmann J.; Eng L.L.; Grant J.A.,"Fikru, Mahelet G. (38661336000); Brodmann, Jennifer (57196355735); Eng, Li Li (7102044414); Grant, J. Andrew (56848593400)",38661336000; 57196355735; 7102044414; 56848593400,ESG ratings in the mining industry: Factors and implications,2024,Extractive Industries and Society,20,,101521,,,24,10.1016/j.exis.2024.101521,https://www.scopus.com/inward/record.uri?eid=2-s2.0-85205431566&doi=10.1016%2Fj.exis.2024.101521&partnerID=40&md5=5804939a35901978ac4738cd07f9d920,"Department of Economics, Missouri University of Science and Technology,  Street, Rolla, 65401, MO, United States; Department of Accounting, Finance, Economics and Law, California State University Dominguez Hills, Carson, 90747, CA, United States; Department of Business and Information Technology, Missouri University of Science and Technology, Rolla, 65401, MO, United States; Department of Political Studies, Queen's University, Kingston, K7L 3N6, ON, Canada","Fikru M.G., Department of Economics, Missouri University of Science and Technology,  Street, Rolla, 65401, MO, United States; Brodmann J., Department of Accounting, Finance, Economics and Law, California State University Dominguez Hills, Carson, 90747, CA, United States; Eng L.L., Department of Business and Information Technology, Missouri University of Science and Technology, Rolla, 65401, MO, United States; Grant J.A., Department of Political Studies, Queen's University, Kingston, K7L 3N6, ON, Canada","While previous research explores the relationship between ESG ratings, firm size, and financial outcomes, there is a lack of comprehensive analysis comparing multiple ESG ratings within the mining industry. This gap is crucial given the increasing focus on ESG in mining operations and its potential impact on company performance. Based on proprietary financial and ESG ratings data from 200 mining companies, this study investigates the relationship between two different ESG ratings and firm characteristics. We compare ESG-rated firms with unrated firms in terms of firm size, and financial performance indicators, and explore country-level patterns in ESG ratings. Findings reveal that ESG-rated mining companies are generally larger than unrated firms but neither more profitable nor face lower debt costs. The results also show that, among rated firms, larger mining firms have more favorable ESG ratings than smaller ones. However, we fail to find a correlation between ESG ratings and financial performance. Finally, the evidence suggests that mining companies rated high for unmanaged ESG risk are likely to have lower ESG scores. This research contributes to understanding whether and how ESG ratings could impact investment decisions and risk management strategies in the mining sector. © 2024 The Author(s)",Cost of debt; ESG Risk ratings; ESG scores; Mining industry; Refinitiv; Return on asset; Sustainability,,"J.A. Grant; Queen's University, Canada; email: andrew.grant@queensu.ca",,Elsevier Ltd,2214790X,,,,English,Extr. Ind. Soc.,Article,Final,All Open Access; Hybrid Gold Open Access,Scopus,2-s2.0-85205431566,
Kookkaew P.; Petcharat N.; Sanpakdee P.; Mula J.M.,"Kookkaew, Pathompong (57642648900); Petcharat, Neungruthai (57212215782); Sanpakdee, Pitan (59959719400); Mula, Joseph M. (7801484249)",57642648900; 57212215782; 59959719400; 7801484249,ESG reporting quality and its impact on investment and debt financing decisions: evidence from emerging market firms,2025,International Journal of Managerial Finance,,,,1,22,0,10.1108/IJMF-06-2025-0327,https://www.scopus.com/inward/record.uri?eid=2-s2.0-105029697034&doi=10.1108%2FIJMF-06-2025-0327&partnerID=40&md5=75ce1e63a9a534bb59720903e3e19e65,"Faculty of Business Administration and Information Technology, Rajamangala University of Technology Suvarnabhumi, Ayutthaya, Thailand; School of Business and Law, Central Queensland University, Melbourne, Australia","Kookkaew P., Faculty of Business Administration and Information Technology, Rajamangala University of Technology Suvarnabhumi, Ayutthaya, Thailand; Petcharat N., Faculty of Business Administration and Information Technology, Rajamangala University of Technology Suvarnabhumi, Ayutthaya, Thailand; Sanpakdee P., Faculty of Business Administration and Information Technology, Rajamangala University of Technology Suvarnabhumi, Ayutthaya, Thailand; Mula J.M., School of Business and Law, Central Queensland University, Melbourne, Australia","Purpose – While corporate financing requires external funding, high-quality sustainability disclosures can signal transparency and help reduce borrowing costs, particularly in emerging markets where firm motivations vary. This study examines whether environmental, social and governance (ESG) reporting quality contributes to lower debt financing costs and how it informs investment and financing decisions by enhancing investment efficiency in firms with lower debt financing costs. Design/methodology/approach – A quantitative approach was employed using panel data of 609 firm-year observations from non-financial firms listed on the Thai Stock Exchange, 2019–2023. We used a Least Squares Dummy Variable regression for the main analysis and a generalized method of moments approach for robustness checks. Findings – We find that high-quality ESG reports are positively associated with lower costs of debt financing. ESG reporting quality positively strengthens the association between lower costs of debt financing and investment efficiency. Both overinvestment and underinvestment are mitigated in firms with lower debt financing costs and high-quality ESG disclosures. Practical implications – Our results could make managers aware of integrating ESG considerations into a firm's strategies for improving financing and investment decisions. Strengthening high-quality ESG reporting can potentially enhance more effective investment and financing outcomes. Social implications – High-quality ESG disclosures can serve as a credible signal of investment quality in debt markets. Originality/value – This study, among empirical studies on ESG and the cost of debt, provides evidence that high-quality ESG disclosures could improve investment efficiency in firms, leading to lower debt financing costs. © 2026 Emerald Publishing Limited",Debt financing costs; ESG reporting quality; Information asymmetry; Investment efficiency; Overinvestment; Underinvestment,,"N. Petcharat; Faculty of Business Administration and Information Technology, Rajamangala University of Technology Suvarnabhumi, Ayutthaya, Thailand; email: pmuangmusik023@gmail.com",,Emerald Publishing,17439132,,,,English,Int. J. Manage. Finan.,Article,Article in press,,Scopus,2-s2.0-105029697034,
Dasilas A.,"Dasilas, Apostolos (14631724100)",14631724100,ESG scores and cost of capital: evidence from the UK,2025,EuroMed Journal of Business,,,,,,2,10.1108/EMJB-03-2025-0100,https://www.scopus.com/inward/record.uri?eid=2-s2.0-105014803926&doi=10.1108%2FEMJB-03-2025-0100&partnerID=40&md5=22878c392c1c9d6779f39aab2c3d4578,"University of Macedonia, Thessaloniki, Greece","Dasilas A., University of Macedonia, Thessaloniki, Greece","Purpose This study examines the impact of ESG scores on the cost of capital, utilizing ESG ratings from 115 UK companies listed on the FTSE 350 between 2019 and 2023. Design/methodology/approach The study applied static panel data linear regressions, and the data for 115 UK companies listed on the FTSE 350 were collected from the LSEG Datastream. Findings The empirical results reveal a significant positive relationship between ESG scores and the cost of capital, as measured by the cost of equity, cost of debt and WACC. Additionally, the results show that ESG scores are positively correlated with beta, suggesting that companies with high ESG performance may increase systematic risk, possibly due to the challenges of integrating ESG into corporate strategies. Practical implications These findings are particularly relevant for managers, shareholders and policymakers. In particular, the study highlights whether ESG practices lead to lower financial risk or impose short-term capital costs, thereby assisting firms in aligning their sustainability goals with financial performance. Originality/value This article is motivated by the low number of studies that examine the impact of ESG scores on the cost of capital and systematic risk and contributes to the academic literature on ESG by considering the European Union’s Corporate Sustainability Reporting Directive (CSRD). © 2025 Emerald Publishing Limited",Cost of capital; ESG; FTSE 350; Systematic risk; WACC,,,,Emerald Publishing,14502194,,,,English,EuroMed Journal of Business,Article,Article in press,,Scopus,2-s2.0-105014803926,
Apergis N.; Poufinas T.; Antonopoulos A.,"Apergis, Nicholas (6701803017); Poufinas, Thomas (24341890600); Antonopoulos, Alexandros (57814755100)",6701803017; 24341890600; 57814755100,ESG scores and cost of debt,2022,Energy Economics,112,,106186,,,286,10.1016/j.eneco.2022.106186,https://www.scopus.com/inward/record.uri?eid=2-s2.0-85134672837&doi=10.1016%2Fj.eneco.2022.106186&partnerID=40&md5=a74f2e1808b8ff82d282c8b7702bc3bb,"Department of Banking and Financial Management, University of Piraeus, Greece; Department of Economics, Democritus University of Thrace, Greece","Apergis N., Department of Banking and Financial Management, University of Piraeus, Greece; Poufinas T., Department of Economics, Democritus University of Thrace, Greece; Antonopoulos A., Department of Economics, Democritus University of Thrace, Greece","As sustainable investing becomes central to capital allocation in many markets, the Environmental, Social and Governance (ESG) metrics and scores have become of critical importance. This study aims to analyze the relation between the cost of debt and ESG scores. We provide evidence that the cost of debt for borrowing firms is associated with their ESG score/rating. Firms that have low ESG scores are considered to be riskier, in the sense that they are exposed to liabilities related to Environmental, Social and Corporate factors that ultimately increase their probability of default. In case of a bankruptcy unsecured bondholders' claims may be subordinate to those liabilities. Using a framework for evaluating ESG performance developed by Refinitiv, this study investigates whether firms within S&P 500 over the period 2010–2019 that exhibit strong ESG scores benefit from lower bond spreads and better bond ratings relative to firms with weaker ESG scores. After controlling for other risk characteristics our analysis points that better ESG rating is associated with lower cost of unsecured debt in the primary bond market. Our findings are consistent over the aggregate metric and all E,S, and G pillars. Furthermore, they support the ongoing calls for improved transparency, which would allow for the reporting of quantifiable ESG information in firms' disclosures. © 2022",Cost of debt; Environmental; ESG scores/ratings; Governance; Social,"Commerce; Cost benefit analysis; Risk analysis; Capital allocation; Corporates; Cost of debt; Environmental; Environmental, social and governance score/rating; Exposed to; Governance; Performance; Probability of defaults; Social; bankruptcy; capital; debt; investment; liability; Risk assessment","T. Poufinas; Department of Economics, Democritus University of Thrace, Greece; email: tpoufina@econ.duth.gr",,Elsevier B.V.,1409883,,EECOD,,English,Energy Econ.,Article,Final,,Scopus,2-s2.0-85134672837,
Alves C.F.; Meneses L.L.,"Alves, Carlos Francisco (15831421200); Meneses, Lilian Lima (58546580900)",15831421200; 58546580900,"ESG scores and debt costs: Exploring indebtedness, agency costs, and financial system impact",2024,International Review of Financial Analysis,94,,103240,,,70,10.1016/j.irfa.2024.103240,https://www.scopus.com/inward/record.uri?eid=2-s2.0-85189456120&doi=10.1016%2Fj.irfa.2024.103240&partnerID=40&md5=b7085005a2c7d765a4d529734cfc04ba,"Faculdade de Economia, CEF.UP, Universidade do Porto, Rua Dr. Roberto Frias, Porto, 4200-464, Portugal; Faculdade de Economia da Universidade do Porto, Rua Dr. Roberto Frias, Porto, 4200-464, Portugal","Alves C.F., Faculdade de Economia, CEF.UP, Universidade do Porto, Rua Dr. Roberto Frias, Porto, 4200-464, Portugal; Meneses L.L., Faculdade de Economia da Universidade do Porto, Rua Dr. Roberto Frias, Porto, 4200-464, Portugal","This paper provides evidence that conventional risk measures (Merton Distance to Default, Altman Z-Score, Z-Score and Volatility) fail to capture all the relevant information to assess borrower risk. Moreover, the paper shows that the additional information contained in ESG scores has a negative relationship with the cost of debt, and this relationship is economically significant. In addition, companies whose sustainability generates major concerns (i.e., the most indebted companies and those with the highest agency costs) benefit the most from ESG performance. Finally, the paper provides evidence that the return on companies' ESG efforts in terms of the cost of debt is higher in countries with bank-based financial systems, where long-term relationships between lenders and borrowers prevail, than in countries with market-based financial systems. © 2024 The Authors",Cost of debt; Default risk; ESG; Risk metrics; Stakeholder orientation,,"C.F. Alves; Faculdade de Economia, CEF.UP, Universidade do Porto, Porto, Rua Dr. Roberto Frias, 4200-464, Portugal; email: calves@fep.up.pt",,Elsevier Inc.,10575219,,,,English,Int. Rev. Financ. Anal.,Article,Final,All Open Access; Hybrid Gold Open Access,Scopus,2-s2.0-85189456120,
Jang G.-Y.; Kang H.-G.; Lee J.-Y.; Bae K.,"Jang, Ga-Young (57216824896); Kang, Hyoung-Goo (53868160900); Lee, Ju-Yeong (57216832287); Bae, Kyounghun (57200194436)",57216824896; 53868160900; 57216832287; 57200194436,ESG scores and the credit market,2020,Sustainability (Switzerland),12,8,3456,,,80,10.3390/SU12083456,https://www.scopus.com/inward/record.uri?eid=2-s2.0-85084820130&doi=10.3390%2FSU12083456&partnerID=40&md5=2d71e78d7b09e229d672b9e621992f45,"Department of Finance, Hanyang University Business School, Seoul, 04763, South Korea","Jang G.-Y., Department of Finance, Hanyang University Business School, Seoul, 04763, South Korea; Kang H.-G., Department of Finance, Hanyang University Business School, Seoul, 04763, South Korea; Lee J.-Y., Department of Finance, Hanyang University Business School, Seoul, 04763, South Korea; Bae K., Department of Finance, Hanyang University Business School, Seoul, 04763, South Korea","This study analyzes the relationship between Environmental, Social and Governance (ESG) scores and bond returns using the corporate bond data in Korea during the period of 2010 to 2015. We find that ESG scores include valuable information about the downside risk of firms. This effect is particularly salient for the firms with high information asymmetry such as small firms. Interestingly, of the three ESG criteria, only environmental scores show a significant impact on bond returns when interacted with the firm size, suggesting that high environmental scores lower the cost of debt financing for small firms. Finally, ESG is complementary to credit ratings in assessing credit quality as credit ratings cannot explain away ESG effects in predicting future bond returns. This result suggests that credit rating agencies should either integrate ESG scores into their current rating process or produce separate ESG scores which bond investors integrate with the existing credit ratings by themselves. © 2020 by the authors.",,Korea; corporate strategy; credit provision; debt; firm size; risk assessment; small and medium-sized enterprise,"H.-G. Kang; Department of Finance, Hanyang University Business School, Seoul, 04763, South Korea; email: hyoungkang@ehanyang.ac.kr",,MDPI,20711050,,,,English,Sustainability,Article,Final,All Open Access; Gold Open Access; Green Open Access,Scopus,2-s2.0-85084820130,
de Carvalho P.L.; da Martins O.S.; Callado A.L.C.; de Junior A.D.C.,"de Carvalho, Patrícia Lacerda (57193750641); da Martins, Orleans Silva (60400386100); Callado, Aldo Leonardo Cunha (56310232600); de Junior, Antonio Deusany Carvalho (60400658000)",57193750641; 60400386100; 56310232600; 60400658000,"Evidence on environmental, social and governance practices associated with the cost of capital of companies in the capital markets in G20 countries",2024,RAE Revista de Administracao de Empresas,65,1,,,,2,10.1590/S0034-759020250108,https://www.scopus.com/inward/record.uri?eid=2-s2.0-105030238503&doi=10.1590%2FS0034-759020250108&partnerID=40&md5=e7bb3600887ed8b804b0ae5cd318505a,"Universidade Federal da Paraíba, Departamento de Administração, PB,, João Pessoa, Brazil; Insper, Departamento de Engenharia da Computação, SP, São Paulo, Brazil","de Carvalho P.L., Universidade Federal da Paraíba, Departamento de Administração, PB,, João Pessoa, Brazil; da Martins O.S., Universidade Federal da Paraíba, Departamento de Administração, PB,, João Pessoa, Brazil; Callado A.L.C., Universidade Federal da Paraíba, Departamento de Administração, PB,, João Pessoa, Brazil; de Junior A.D.C., Insper, Departamento de Engenharia da Computação, SP, São Paulo, Brazil","This study examines the relationship between environmental, social, and governance (ESG) practices and the costs of equity and debt capital in 19 G20 countries, excluding the European Union. Using panel data from 3,651 companies between 2005 and 2021, the ESG scores from Refinitiv (ESG performance) and Bloomberg (ESG disclosure) were applied. The results show a negative and significant relationship between ESG practices and companies’ cost of capital, suggesting that engagement in ESG activities lowers financing costs. Additionally, there is no perfect correlation between ESG performance and ESG disclosure scores, indicating that these metrics capture distinct aspects of corporate sustainability. This study highlights the strategic importance of ESG practices in influencing the cost of capital and emphasizes the need to use distinct metrics to assess the different dimensions of corporate sustainability. © 2025, Fundacao Getulio Vargas. All rights reserved.",cost of capital; cost of debt; cost of equity; ESG; G20,,"P.L. de Carvalho; Universidade Federal da Paraíba, Departamento de Administração, João Pessoa, PB,, Brazil; email: patricialacerdac@gmail.com",,Fundacao Getulio Vargas,347590,,,,English,RAE Rev. Adm. Empresas,Article,Final,All Open Access; Gold Open Access; Green Open Access,Scopus,2-s2.0-105030238503,
Al Barrak T.; Chebbi K.; Aljughaiman A.A.; Albarrak M.,"Al Barrak, Thamir (58476320600); Chebbi, Kaouther (57201781419); Aljughaiman, Abdullah A. (8364836700); Albarrak, Mohammed (57208001988)",58476320600; 57201781419; 8364836700; 57208001988,Exploring the Interplay between Sustainability and Debt Costs in an Emerging Market: Does Financial Distress Matter?,2023,Sustainability (Switzerland),15,12,9273,,,17,10.3390/su15129273,https://www.scopus.com/inward/record.uri?eid=2-s2.0-85164169655&doi=10.3390%2Fsu15129273&partnerID=40&md5=7a710599c5adee37c34f8fa2cf7ef917,"Accounting Department, Business School, King Faisal University, Al-Ahsa, 31982, Saudi Arabia; Finance Department, Business School, King Faisal University, Al-Ahsa, 31982, Saudi Arabia","Al Barrak T., Accounting Department, Business School, King Faisal University, Al-Ahsa, 31982, Saudi Arabia; Chebbi K., Finance Department, Business School, King Faisal University, Al-Ahsa, 31982, Saudi Arabia; Aljughaiman A.A., Finance Department, Business School, King Faisal University, Al-Ahsa, 31982, Saudi Arabia; Albarrak M., Finance Department, Business School, King Faisal University, Al-Ahsa, 31982, Saudi Arabia","Embracing corporate sustainability has emerged as a crucial strategy for companies to bolster their competitive edge and reputation. This research delves into the connection between environmental, social, and governance practices (ESG) and the cost of debt, as well as the moderating role of financial distress within this connection. By analyzing data from Saudi-listed firms between 2013 and 2021, we discovered that ESG practices have a notable negative impact on borrowing costs. This implies that organizations with increased transparency in their ESG disclosure gain access to external financial resources under more favorable terms. Additionally, we observed that the effect of ESG on the cost of debt is significantly and negatively moderated by the financial distress encountered by a firm. To bolster the credibility of these findings, dynamic generalized method of moments (GMM) models were utilized to address any potential endogeneity concerns, thereby enhancing the strength and resilience of the outcomes. The findings of this paper hold substantial value for investors, lenders, corporate management, and policymakers when considering the implementation and significance of a company’s ESG practices. © 2023 by the authors.",cost of debt; emerging market; ESG; financial distress; sustainability,debt; exploration; financial system; policy making; sustainability,"M. Albarrak; Finance Department, Business School, King Faisal University, Al-Ahsa, 31982, Saudi Arabia; email: malbarrak@kfu.edu.sa",,Multidisciplinary Digital Publishing Institute (MDPI),20711050,,,,English,Sustainability,Article,Final,All Open Access; Gold Open Access; Green Open Access,Scopus,2-s2.0-85164169655,
Raimo N.; Caragnano A.; Zito M.; Vitolla F.; Mariani M.,"Raimo, Nicola (57206728937); Caragnano, Alessandra (57217055914); Zito, Marianna (57217058140); Vitolla, Filippo (56422376800); Mariani, Massimo (57191646634)",57206728937; 57217055914; 57217058140; 56422376800; 57191646634,Extending the benefits of ESG disclosure: The effect on the cost of debt financing,2021,Corporate Social Responsibility and Environmental Management,28,4,,1412,1421,434,10.1002/csr.2134,https://www.scopus.com/inward/record.uri?eid=2-s2.0-85102275018&doi=10.1002%2Fcsr.2134&partnerID=40&md5=4057e68219eb9f859920b66d05e44904,"Department of Management, Finance and Technology, LUM University, Casamassima, Italy","Raimo N., Department of Management, Finance and Technology, LUM University, Casamassima, Italy; Caragnano A., Department of Management, Finance and Technology, LUM University, Casamassima, Italy; Zito M., Department of Management, Finance and Technology, LUM University, Casamassima, Italy; Vitolla F., Department of Management, Finance and Technology, LUM University, Casamassima, Italy; Mariani M., Department of Management, Finance and Technology, LUM University, Casamassima, Italy","In recent years, greater attention has been paid to sustainability issues. Companies have received increasing pressure from stakeholders to adopt sustainable behavior and provide an adequate representation of sustainability practices. Nonfinancial disclosure has thus taken on a crucial role. In the academic field, several researchers have analyzed the effects of nonfinancial disclosure. However, limited attention has been paid to the impact of nonfinancial information on the cost of debt. This study aims at bridging this gap by analyzing the effect of ESG disclosure on the cost of debt. The fixed effects analysis conducted on a sample of 8264 observations (an unbalanced panel data of 919 firms for the period 2010–2019), shows a negative effect of the ESG disclosure on the cost of debt financing. The results demonstrate that companies with greater levels of transparency in the dissemination of ESG information benefit from accessing third party financial resources at better conditions. © 2021 ERP Environment and John Wiley & Sons Ltd.",cost of debt; disclosure; ESG disclosure; nonfinancial information,,"F. Vitolla; Department of Management, Finance and Technology, LUM University, Casamassima, Italy; email: vitolla@lum.it",,John Wiley and Sons Ltd,15353958,,,,English,Corp. Soc. Responsib. Environ. Manage.,Article,Final,,Scopus,2-s2.0-85102275018,
Sahu N.C.; Mahanta A.; Jena N.R.,"Sahu, Naresh Chandra (39962581300); Mahanta, Abhisek (59330430400); Jena, Nihar Ranjan (57211804888)",39962581300; 59330430400; 57211804888,From corporate responsibility to corporate sustainability: A study of how ESG mitigates corporate default risk using serial mediation analysis,2026,Global Finance Journal,69,,101225,,,0,10.1016/j.gfj.2025.101225,https://www.scopus.com/inward/record.uri?eid=2-s2.0-105022923767&doi=10.1016%2Fj.gfj.2025.101225&partnerID=40&md5=b7164e1aecd0a5d51fd7e74d21fce5ec,"School of Humanities, Social Sciences, and Management, Indian Institute of Technology Bhubaneswar, Odisha, 752050, India","Sahu N.C., School of Humanities, Social Sciences, and Management, Indian Institute of Technology Bhubaneswar, Odisha, 752050, India; Mahanta A., School of Humanities, Social Sciences, and Management, Indian Institute of Technology Bhubaneswar, Odisha, 752050, India; Jena N.R., School of Humanities, Social Sciences, and Management, Indian Institute of Technology Bhubaneswar, Odisha, 752050, India","This study investigates how Environmental, Social, and Governance (ESG) performance is linked to the corporate default risk. Using listed Indian firms from 2016 to 2024, this study finds that ESG performance and its individual dimensions are negatively related to default risk via improved Altman Z-score. The advanced serial mediation analysis using the PROCESS model 6 suggests that ESG information is transmitted to lower default risk via enhanced corporate efficiency (CEF), improved financial performance indicated by return on assets (ROA), and lowered the cost of borrowing indicated by the cost of debt (COD). Applying the Propensity Score Matching (PSM) and Difference-in-Difference (DID) technique, this study also documents that firms that are part of the NIFTY100ESG index have significantly better financial resilience than companies not part of the index after the COVID-19 crisis. Through ex-post analysis in the case of defaulted firms, this study finds that ESG performance can predict corporate default events if combined with other parameters effectively. The findings supported by the legitimacy theory indicate that firms can increase corporate sustainability and legitimacy not only through improvements in corporate efficiency and profitability but also through external perceptions, responsibility, and ethical practices, which function as an ‘insurance effect’. Thus, policymakers should encourage lenders to integrate ESG factors into business models and promote sustainable business practices to reduce financial risks. This will accelerate the firms' adoption of cleaner technologies, enhance governance standards, and strengthen overall financial stability and corporate sustainability. © 2025 Elsevier Inc.",Corporate default risk; Corporate efficiency; Corporate sustainability; COVID-19; ESG; Serial mediation analysis,,"A. Mahanta; School of Humanities, Social Sciences, and Management, Indian Institute of Technology Bhubaneswar, Odisha, 752050, India; email: s22hs09003@iitbbs.ac.in",,Elsevier B.V.,10440283,,,,English,Global Financ. J.,Article,Final,,Scopus,2-s2.0-105022923767,
Li W.; Hu H.; Hong Z.,"Li, Weihao (57565184700); Hu, Hongbing (57565184800); Hong, Zekun (57565774800)",57565184700; 57565184800; 57565774800,"Green finance policy, ESG rating, and cost of debt——Evidence from China",2024,International Review of Financial Analysis,92,,103051,,,122,10.1016/j.irfa.2023.103051,https://www.scopus.com/inward/record.uri?eid=2-s2.0-85181094378&doi=10.1016%2Fj.irfa.2023.103051&partnerID=40&md5=6315d6d3fc8954b8b87c11aa4e25bb6b,"School of Economics and Management, Tsinghua University, Beijing, China; School of Finance, Zhongnan University of Economics and Law, Wuhan, China; CUHK Business School, The Chinese University of Hong Kong, Hong Kong","Li W., School of Economics and Management, Tsinghua University, Beijing, China; Hu H., School of Finance, Zhongnan University of Economics and Law, Wuhan, China; Hong Z., CUHK Business School, The Chinese University of Hong Kong, Hong Kong","Climate change is causing increasing uncertainty for countries' economic growth and carbon emission control has become a global consensus. The People's Bank of China introduced a green finance policy (GFP) in the third quarter of 2017, which incorporates green finance into the Macro-Prudential Assessment (MPA) framework it has developed to assess commercial banks. Using the difference-in-differences (DID) methodology and data from 2440 Chinese A-share listed enterprises, we find that companies with higher ESG ratings experienced a significant decrease in their costs of debt (Cod) after the promulgation of this policy. Moreover, among the specific dimensions of ESG scores, Environmental scores have a more significant impact on corporates' Cod compared with those of Social and Governance. Further analysis also shows that the Cod of firms that are big-sized, state-owned, or from non-heavily-polluting industries decrease more significantly after the proposal of this GFP. These findings are relevant for subsequent revisions of the GFP and inspiring for industrial transformation and green finance system in both China and the world. © 2023",Cost of debt; ESG; Green finance,,"H. Hu; School of Finance, Zhongnan University of Economics and Law, Wuhan, No.182 Nanhu Avenue, Hongshan District, Hubei, 430073, China; email: hongbinghu@zuel.edu.cn",,Elsevier Inc.,10575219,,,,English,Int. Rev. Financ. Anal.,Article,Final,,Scopus,2-s2.0-85181094378,
Rossi M.; Capasso A.; Solak I.; Jarrar H.; Salloum C.,"Rossi, Matteo (53264843300); Capasso, Arturo (55443973100); Solak, Ilkay (59955750000); Jarrar, Hajer (57170671800); Salloum, Charbel (53878411200)",53264843300; 55443973100; 59955750000; 57170671800; 53878411200,"Green scores, golden returns: ESG’s role in shaping SME financial outcomes",2025,Review of Accounting and Finance,24,5,,619,639,4,10.1108/RAF-10-2024-0468,https://www.scopus.com/inward/record.uri?eid=2-s2.0-105008735864&doi=10.1108%2FRAF-10-2024-0468&partnerID=40&md5=21823ed887cd6dabc06fe3a39c25f912,"Department of Law Economics Management and Quantitative Methods, University of Sannio, Benevento, Italy; Department of Law Economics Management and Quantitative Methods, University of Sannio, Benevento, Italy; CERIIM – Research Center in Managerial Intelligence and Innovation, Excelia Business School, La Rochelle, France; Métis Lab, EM Normandie Business School, Normandie, France","Rossi M., Department of Law Economics Management and Quantitative Methods, University of Sannio, Benevento, Italy; Capasso A., Department of Law Economics Management and Quantitative Methods, University of Sannio, Benevento, Italy; Solak I., Department of Law Economics Management and Quantitative Methods, University of Sannio, Benevento, Italy; Jarrar H., CERIIM – Research Center in Managerial Intelligence and Innovation, Excelia Business School, La Rochelle, France; Salloum C., Métis Lab, EM Normandie Business School, Normandie, France","Purpose – The purpose of this study is to examine the effect of Environmental, Social and Governance (ESG) performance on the financial outcomes and cost of capital in small and medium-sized enterprises (SMEs). Design/methodology/approach – Using a data set of 227 SMEs from 2015 to 2020, this research uses multiple linear regression to assess the relationship between ESG scores, financial performance (Return on Assets and Return on Equity) and capital structure (weighted average cost of capital, cost of equity and cost of debt). Findings – Higher ESG scores are linked to improved financial performance and reduced cost of capital, showing that ESG practices positively influence SMEs’ financial health. Research limitations/implications – This study is limited to SMEs in specific regions and a five-year time frame. Future research could broaden the analysis across different regions or industries. Practical implications – Managers should prioritize ESG initiatives to enhance profitability and reduce financing costs. Investors can use ESG scores to better assess SME investment risk. Social implications – By integrating ESG practices, SMEs contribute to broader societal goals such as environmental sustainability and social responsibility, benefiting both stakeholders and communities. Originality/value – This research uniquely focuses on the often-underexplored SME sector, providing fresh insights into how ESG strategies can improve financial outcomes and optimize capital costs. © 2025 Emerald Publishing Limited",Cost of capital; ESG; Financial performance; SMEs,,,,Emerald Publishing,14757702,,,,English,Rev. Account.Financ.,Article,Final,,Scopus,2-s2.0-105008735864,
Lavin J.F.; Montecinos-Pearce A.A.,"Lavin, Jaime F. (57191333265); Montecinos-Pearce, Alejandro A. (57200694537)",57191333265; 57200694537,Heterogeneous Firms and Benefits of ESG Disclosure: Cost of Debt Financing in an Emerging Market,2022,Sustainability (Switzerland),14,23,15760,,,33,10.3390/su142315760,https://www.scopus.com/inward/record.uri?eid=2-s2.0-85143828529&doi=10.3390%2Fsu142315760&partnerID=40&md5=1ad3ccbb418d0a508ef6a250ad168ac5,"Escuela de Negocios, Universidad Adolfo Ibáñez, Av. Diagonal Las Torres 2700, Santiago, 7941169, Chile; Universidad Adolfo Ibáñez, Av. Padre Hurtado 750, Viña del Mar, 7561046, Chile","Lavin J.F., Escuela de Negocios, Universidad Adolfo Ibáñez, Av. Diagonal Las Torres 2700, Santiago, 7941169, Chile; Montecinos-Pearce A.A., Universidad Adolfo Ibáñez, Av. Padre Hurtado 750, Viña del Mar, 7561046, Chile","Current challenging environments pressure firms to improve their overall ESG performance. However, there is tension between the benefits of ESG disclosure and firm performance. We deepen the understanding of ESG disclosure’s contribution to firms’ cost of debt in an emerging economy context. This issue is critical in Latin America–a region with reduced financing, ample company heterogeneity, and scarce evidence associating ESG disclosure and firms’ debt financing. Using fixed effects models, for the 2015–2020 period, we study Chilean listed firms. We explore two association channels between ESG disclosure and the cost of debt financing. Through a direct channel, greater disclosure relates to a lower cost; however, through an indirect channel, disclosure interacts with growth opportunities–a proxy for firms’ prospective risk–and greater disclosure relates to a higher cost. Hence, evidence suggests that ESG disclosure affects the cost of financing in two opposite directions. Our results delve into how ESG disclosure encloses essential economic implications, particularly in countries that have recently adopted ESG practices: For regulators, on developing rules of ESG disclosure that consider their financial effects; for firms, on enhancing their ESG communications policies; and finally, for creditors, on the need to introduce ESG indicators in their financing decision-making. © 2022 by the authors.",debt financing; emerging markets; ESG disclosure; firm performance; Latin America,Latin America; debt; economic analysis; financial provision; firm size,"J.F. Lavin; Escuela de Negocios, Universidad Adolfo Ibáñez, Santiago, Av. Diagonal Las Torres 2700, 7941169, Chile; email: jaime.lavin@uai.cl",,MDPI,20711050,,,,English,Sustainability,Article,Final,All Open Access; Gold Open Access; Green Open Access,Scopus,2-s2.0-85143828529,
Hampl F.; Vágnerová Linnertová D.,"Hampl, Filip (57214755653); Vágnerová Linnertová, Dagmar (55320789000)",57214755653; 55320789000,How do ESG controversies moderate the nexus between ESG performance and cost of capital? Evidence from European listed companies,2024,Managerial Finance,50,10,,1727,1746,16,10.1108/MF-12-2023-0762,https://www.scopus.com/inward/record.uri?eid=2-s2.0-85200054627&doi=10.1108%2FMF-12-2023-0762&partnerID=40&md5=4b265f1490352bba7349c56729570194,"Department of Finance, Faculty of Economics and Administration, Masaryk University, Brno, Czech Republic","Hampl F., Department of Finance, Faculty of Economics and Administration, Masaryk University, Brno, Czech Republic; Vágnerová Linnertová D., Department of Finance, Faculty of Economics and Administration, Masaryk University, Brno, Czech Republic","Purpose: This study aims to investigate the effect of ESG controversies and their moderating role in ESG performance and the cost of equity and overall, short-term and long-term debt capital relationship in European listed companies. Design/methodology/approach: The study employs two-way fixed effects panel linear regression models on the balanced longitudinal dataset of 231 European non-financial companies listed in the MSCI Europe Index in 2017–2022. To check the robustness, the study utilises the fixed effects logistic regression models with heteroskedasticity-consistent standard errors. Findings: The study reveals the significant effect of ESG performance (negative) and ESG controversies (negative) on the cost of debt capital and the substantial moderating effect of ESG controversies (positive). Additionally, it provides empirical evidence of the crossover moderating effect of ESG controversies in ESG performance and cost of equity relationship. Research limitations/implications: The findings contribute to corporate practice and empirically support legitimacy and stakeholder theories. Practical implications: Companies can utilise the results to proactively enhance their internal policies and behaviour to align with ESG practices and avoid ESG controversies, which will translate into reduced equity capital costs for shareholders and a lower cost of debt capital charged by creditors. Originality/value: To the best of the authors’ knowledge, this is the first study to comprehensively investigate the influence of ESG controversies and their moderating effect in the context of the equity and debt capital cost for European listed companies. © 2024, Emerald Publishing Limited.",Controversies; Cost of debt; Cost of equity; ESG performance; Financing cost,,"F. Hampl; Department of Finance, Faculty of Economics and Administration, Masaryk University, Brno, Czech Republic; email: filip.hampl@econ.muni.cz",,Emerald Publishing,3074358,,,,English,Manag. Financ.,Article,Final,,Scopus,2-s2.0-85200054627,
Aleknevičienė V.; Stralkutė S.,"Aleknevičienė, Vilija (56024346700); Stralkutė, Sandra (58515351000)",56024346700; 58515351000,Impact of corporate social responsibility on cost of debt in Scandinavian public companies,2023,Oeconomia Copernicana,14,2,,585,608,16,10.24136/oc.2023.016,https://www.scopus.com/inward/record.uri?eid=2-s2.0-85166341155&doi=10.24136%2Foc.2023.016&partnerID=40&md5=aaf5cce0ae1eba34f56553746e39e5af,"Vytautas Magnus University, Lithuania","Aleknevičienė V., Vytautas Magnus University, Lithuania; Stralkutė S., Vytautas Magnus University, Lithuania","Research background: In recent decades, companies have paid increasing attention to corporate social responsibility (CSR) and its related performance. Scandinavian countries lead the world in CSR and sustainability. The good CSR performance of Scandinavian companies has motivated studies on this phenomenon, particularly on the connection between a company’s CSR and its performance. One of the most important performance indicators and value driv-ers is the cost of debt. Purpose of the article: This study assessed the impact of CSR on the cost of debt in Scandinavian public companies. Methods: The research was divided into two stages. In the first stage, Scandinavian public companies were divided into two groups (with and without ESG (environmental, social, governance) disclosure scores) to reveal differences in the cost of debt. In the second stage, a fixed-effects regression model for balanced panel data sets was applied from 2011 to 2020 to assess the impact of ESG and its pillars on the cost of debt. Findings & value added: The results revealed that the cost of debt of companies in Scandinavian countries with ESG disclosure scores was significantly lower. The ESG disclosure scores of these companies have increased significantly over the past 10 years. We found a positive impact of CSR on the cost of debt in Scandinavian public companies. The increase in ESG disclosure and pillar scores reduced the cost of debt. These findings are valuable from a scientific perspective. Scandinavian public companies with ESG scores have higher financial risk, but lower cost of debt. These results support the importance of investors’ behavior, information asymmetry, and signaling. The findings have several implications for shareholders, managers and creditors. They suggest that creditors consider ESG disclosures when determining a borrower’s creditworthiness. Additionally, it is a message to regulators that the debt market values ESG disclosures. © Instytut Badań Gospodarczych / Institute of Economic Research (Poland).",corporate social responsibility; cost of debt; ESG disclosure pillars; ESG disclosure score,,"V. Aleknevičienė; Vytautas Magnus University, Lithuania; email: vilija.alekneviciene@vdu.lt",,Institute of Economic Research,20831277,,,,English,Oecon.  Copernic,Article,Final,All Open Access; Gold Open Access; Green Open Access,Scopus,2-s2.0-85166341155,
Poornima S.; Gopalakrishna B.V.; Samanta M.,"Poornima, S. (58699953800); Gopalakrishna, B.V. (57193438956); Samanta, Mithun (59868799800)",58699953800; 57193438956; 59868799800,"Impact of environmental, social, and governance disclosures on debt financing decisions: evidence from India",2025,"Environment, Development and Sustainability",,,,,,0,10.1007/s10668-025-06728-w,https://www.scopus.com/inward/record.uri?eid=2-s2.0-105016753284&doi=10.1007%2Fs10668-025-06728-w&partnerID=40&md5=ff32935afc9c5bb0f768cbc3327f8806,"National Institute of Technology Karnataka, Karnataka, Surathkal, 575025, India; International School of Business and Media, Karnataka, Bangalore, 562132, India","Poornima S., National Institute of Technology Karnataka, Karnataka, Surathkal, 575025, India; Gopalakrishna B.V., National Institute of Technology Karnataka, Karnataka, Surathkal, 575025, India; Samanta M., International School of Business and Media, Karnataka, Bangalore, 562132, India","In recent years, the incorporation of Environmental, Social, and Governance (ESG) disclosures into corporate strategic planning has attracted global attention, yet its implications for firms’ capital structure decisions remain underexplored, particularly in emerging markets. In light of India’s dynamic financial and regulatory developments, examining the impact of ESG disclosures on corporate debt strategies is relevant. The study explores the association between ESG disclosure and corporate debt financing practices in the Indian context. Utilizing a panel of 692 listed firms from 2011 to 2022, the study employs panel regression and two-step system GMM techniques to investigate how ESG disclosure influences access to long-term debt, cost of debt, target leverage, speed of leverage adjustment, and financial constraints. The results indicate that companies that provide extensive ESG disclosures tend to secure long-term debt at lower costs, suggesting that lenders perceive strong ESG disclosure as a signal of lower risk. Furthermore, these firms maintain their target leverage and exhibit faster adjustments when they deviate from it, reflecting enhanced financial discipline and reduced adjustment costs. Finally, high ESG disclosing firms experience significantly fewer financial constraints, emphasizing the significance of ESG in improving creditworthiness and access to capital. The results remain consistent across various model specifications and alternative variable measures. The study contributes novel empirical insights on the impact of ESG on capital structure and offers practical implications to corporate managers, institutional investors, and regulatory authorities by underlining the prominent role of transparent ESG reporting in fostering responsible financial decision-making. © The Author(s), under exclusive licence to Springer Nature B.V. 2025.",Agency theory; Capital structure; ESG; India; Pecking order theory,,"S. Poornima; National Institute of Technology Karnataka, Surathkal, Karnataka, 575025, India; email: poornimaskelgur@gmail.com",,Springer Science and Business Media B.V.,1387585X,,EDSNB,,English,Environ. Dev. Sustainability,Article,Article in press,,Scopus,2-s2.0-105016753284,
Malik N.; Kashiramka S.,"Malik, Neha (58939929800); Kashiramka, Smita (57196354473)",58939929800; 57196354473,Impact of ESG disclosure on firm performance and cost of debt: Empirical evidence from India,2024,Journal of Cleaner Production,448,,141582,,,90,10.1016/j.jclepro.2024.141582,https://www.scopus.com/inward/record.uri?eid=2-s2.0-85187791317&doi=10.1016%2Fj.jclepro.2024.141582&partnerID=40&md5=959ea57c87dcbc3fda86feb566881c29,"Department of Management Studies, Indian Institute of Technology Delhi, Vishwakarma Bhawan, Hauz Khas, New Delhi, 110016, India","Malik N., Department of Management Studies, Indian Institute of Technology Delhi, Vishwakarma Bhawan, Hauz Khas, New Delhi, 110016, India; Kashiramka S., Department of Management Studies, Indian Institute of Technology Delhi, Vishwakarma Bhawan, Hauz Khas, New Delhi, 110016, India","Despite several research evaluating the connection between sustainability and the bottom line of firms, the existing research is inconclusive. In addition, most studies focus on multinational firms based in the United States or Europe, while research in the context of emerging economies is scant. This paper endeavours to investigate the strength of the association between Environment, Social and Governance (ESG) disclosure scores and the financial performance of 272 Indian firms listed on National Stock Exchange for the period 2015 to 2021 by employing panel data regression techniques. The results indicate that organisations having better ESG performance outperform their industry peers financially and are valued more by the market. Moreover, the data indicates that financial markets for lenders consider ESG disclosure when determining creditworthiness. In accordance with this, businesses can examine their operations and become more aligned with eco-friendly methods. Even though ESG disclosure appears to be associated with improved financial success, this is not the case across all industries and during COVID-19 pandemic. This study is relevant due to the growing significance of sustainability and the role of emerging nations in international commerce. It helps managers prioritize resource allocations to ESG-related activities that may affect financial performance differently across industry sectors, thus adding to the literature on the financial effects of ESG disclosures, particularly industry-specific aspects. This research represents a pioneering effort by assessing the impact of ESG disclosure on the profitability, market value, and cost of financing of Indian firms using both aggregation and disaggregation methods. © 2024 Elsevier Ltd",Cost of debt; ESG disclosure; Firm performance; India; Sustainability; Tobin's Q,"Commerce; COVID-19; Financial markets; Cost of debt; Emerging economies; Environment, social and governance disclosure; Financial performance; Firm Performance; India; Indian firms; Multinational firms; Stock exchange; Tobin Q; Sustainable development","N. Malik; Department of Management Studies, Indian Institute of Technology Delhi, New Delhi, Vishwakarma Bhawan, Hauz Khas, 110016, India; email: Neha.Malik@dms.iitd.ac.in",,Elsevier Ltd,9596526,,JCROE,,English,J. Clean. Prod.,Article,Final,,Scopus,2-s2.0-85187791317,
Liu L.,"Liu, Lewis (57431057100)",57431057100,Impact of firm ESG performance on cost of debt: insights from the Chinese Bond Market,2024,Macroeconomics and Finance in Emerging Market Economies,,,,,,8,10.1080/17520843.2024.2432075,https://www.scopus.com/inward/record.uri?eid=2-s2.0-85210446545&doi=10.1080%2F17520843.2024.2432075&partnerID=40&md5=903a70ba74b3e587158bb524d5bf743d,"UQ Business School, The University of Queensland, Brisbane, QLD, Australia","Liu L., UQ Business School, The University of Queensland, Brisbane, QLD, Australia","This study investigates the relationship between environmental, social, and governance (ESG) performance and cost of debt in Chinese corporate bond market from 2010 to 2019. The research aims to address the increasing importance of ESG considerations in financial decision-making. The study reveals the significance of specific ESG factors, such as environmental innovation, CSR committees, in influencing bond spreads. To enhance robustness, the robust tests including PSM, lagged variables, 2SLS, GMM, reinforcing the comprehensive nature of its findings. These results underscore the significance of ESG considerations in debt pricing, contributes valuable insights to academia and practitioners in sustainable finance. © 2024 Informa UK Limited, trading as Taylor & Francis Group.",bond spread; cost of debt; ESG performance; public debt,,"L. Liu; UQ Business School, The University of Queensland, Brisbane, Australia; email: l.liu@business.uq.edu.au",,Routledge,17520843,,,,English,Macroeconomics Financ. Emerg. Mark. Econ.,Article,Article in press,,Scopus,2-s2.0-85210446545,
Ernst D.; Woithe F.,"Ernst, Dietmar (57702720600); Woithe, Florian (58964871300)",57702720600; 58964871300,"Impact of the Environmental, Social, and Governance Rating on the Cost of Capital: Evidence from the S&P 500",2024,Journal of Risk and Financial Management,17,3,91,,,29,10.3390/jrfm17030091,https://www.scopus.com/inward/record.uri?eid=2-s2.0-85189150230&doi=10.3390%2Fjrfm17030091&partnerID=40&md5=856886911228985fea156cc34b863a86,"International School of Finance (ISF), Nuertingen-Geislingen University, Sigmaringer Straße 25, Nuertingen, 72622, Germany","Ernst D., International School of Finance (ISF), Nuertingen-Geislingen University, Sigmaringer Straße 25, Nuertingen, 72622, Germany; Woithe F., International School of Finance (ISF), Nuertingen-Geislingen University, Sigmaringer Straße 25, Nuertingen, 72622, Germany","We use the S&P 500 to investigate whether companies with a good ESG score benefit from a lower cost of capital. Using Bloomberg’s financial data and MSCI’s ESG score for 498 companies, we calculated the measures of descriptive statistics, finding that companies with better ESG ratings enjoy both a lower cost of equity and a lower cost of debt. However, their WACC shows no improvement with a higher ESG score. Companies with a poor ESG rating have a lower WACC due to the higher proportion of debt capital, coupled with a higher cost of debt, compared to the cost of equity capital. Calculating the Pearson correlation coefficient, we found a slightly negative linear relationship between the ESG score and the beta factor, and between the ESG score and the cost of debt. No linear relationship was found between the WACC and the ESG score. Finally, linear regression analysis shows a negative and significant effect of the ESG score on the root beta factor. This research indicates that companies with better ESG scores benefit from lower cost of equity and debt. Our results may encourage companies to operate more sustainably to reduce their cost of capital. © 2024 by the authors.",beta; cost of capital; CSR; ESG; ESG-rating; ESG-score; sustainability,,"D. Ernst; International School of Finance (ISF), Nuertingen-Geislingen University, Nuertingen, Sigmaringer Straße 25, 72622, Germany; email: dietmar.ernst@hfwu.de",,Multidisciplinary Digital Publishing Institute (MDPI),19118074,,,,English,J. Risk. Financ. Manag.,Article,Final,All Open Access; Hybrid Gold Open Access,Scopus,2-s2.0-85189150230,
Dunne T.C.; McBrayer G.A.,"Dunne, Timothy C. (36990214000); McBrayer, Garrett A. (57204195315)",36990214000; 57204195315,In the interest of small business’ cost of debt: A matter of CSR disclosure,2019,Journal of Small Business Strategy,29,2,,58,71,28,,https://www.scopus.com/inward/record.uri?eid=2-s2.0-85070675008&partnerID=40&md5=b463bf4c65fa66a65f0ec542c0b5111a,"Boise State University, United States","Dunne T.C., Boise State University, United States; McBrayer G.A., Boise State University, United States","Traditional understanding is that small firms pay more in debt related expenses than larger firms with a history of financial performance. In the current study, we examine the impact that corporate social responsibility (CSR) disclosure has on the cost of debt for small firms. Using data from Bloomberg 2014 on CSR disclosure, we find that the cost of debt for small businesses decreases as firms increase their CSR disclosure transparency. Specifically, firms who disclose more social responsibility information faced reduced costs to debt financing. We argue that disclosure of Environment, Social, and Governance (ESG) records provide value relevant information for lenders to use to mitigate the magnified information asymmetry inherent to lending to firms earlier in their lifecycle. Our results suggest that disclosure of ESG information corresponds with improved information transparency, which leads to less costly debt for small businesses. © 2019 Small Business Institute®.",Corporate social responsibility; Cost of corporate debt; ESG disclosure; Information asymmetry,,,,Middle Tennessee State University,10818510,,,,English,J. Small Bus. Strategy,Article,Final,,Scopus,2-s2.0-85070675008,
Ferriani F.,"Ferriani, Fabrizio (55508026600)",55508026600,Issuing bonds during the Covid-19 pandemic: Was there an ESG premium?,2023,International Review of Financial Analysis,88,,102653,,,29,10.1016/j.irfa.2023.102653,https://www.scopus.com/inward/record.uri?eid=2-s2.0-85153504582&doi=10.1016%2Fj.irfa.2023.102653&partnerID=40&md5=c34383207f6f583092625a0df532b2f9,"Bank of Italy, Directorate General for Economics, Statistics and Research, Italy","Ferriani F., Bank of Italy, Directorate General for Economics, Statistics and Research, Italy","We rely on the ESG ratings assigned by four distinct agencies (MSCI, Refinitiv, Robeco, and Sustainalytics) to study the link between ESG scores and firms’ cost of debt financing during the Covid-19 pandemic. We document the existence of a statistically and economically significant ESG premium, i.e. better rated companies access debt at a lower cost. Despite some differences across rating agencies, this result is robust to additional controls for the issuer's credit standing as well as several bond and issuer's characteristics. We find that this effect is mainly driven by firms domiciled in advanced economies, whereas creditworthiness considerations prevail for firms in emerging markets. Lastly, we show that the lower cost of capital for highly rated ESG firms is explained both by investors’ preference for more sustainable assets and by risk-based considerations unrelated to firms’ creditworthiness, such as exposure to climate change risks. © 2023 Elsevier Inc.",Bond yield spreads; Covid-19; ESG scores; Non-pecuniary channel; Risk channel,,,,Elsevier Inc.,10575219,,,,English,Int. Rev. Financ. Anal.,Article,Final,All Open Access; Green Open Access,Scopus,2-s2.0-85153504582,
Gao H.; He J.; Li Y.,"Gao, Hao (57204528087); He, Jing (57214886763); Li, Yong (57188823799)",57204528087; 57214886763; 57188823799,"Media spotlight, corporate sustainability and the cost of debt",2022,Applied Economics,54,34,,3989,4005,46,10.1080/00036846.2021.2020710,https://www.scopus.com/inward/record.uri?eid=2-s2.0-85124336267&doi=10.1080%2F00036846.2021.2020710&partnerID=40&md5=639c8eef0bceb4fa30ce47011efd1c8b,"PBC School of Finance, Tsinghua University, Beijing, China; School of Banking and Finance, University of International Business and Economics, Beijing, China","Gao H., PBC School of Finance, Tsinghua University, Beijing, China; He J., PBC School of Finance, Tsinghua University, Beijing, China; Li Y., School of Banking and Finance, University of International Business and Economics, Beijing, China","In this study, we examine the effect of media spotlight of corporate environmental, social, and governance (ESG) performance on corporate debt financing. We use the most influential media firm’s rankings of corporate ESG performance from 2009 to 2017 as a proxy of media spotlight. Positive media ESG spotlight significantly reduces firms’ cost of debt through enhancing reputation in supply chains, reducing financial risk and increasing corporate transparency. Media ESG spotlight plays a more important role for firms with poor corporate governance and firms located in provinces with more serious pollution. © 2022 Informa UK Limited, trading as Taylor & Francis Group.",corporate social responsibility; cost of debt; ESG; Media,corporate social responsibility; cost; debt; finance; mass media; sustainability,"Y. Li; School of Banking and Finance, University of International, Business and Economics, Beijing, 100029, China; email: yongli@uibe.edu.cn",,Routledge,36846,,,,English,Appl. Econ.,Article,Final,,Scopus,2-s2.0-85124336267,
Gonçalves T.C.; Dias J.; Barros V.,"Gonçalves, Tiago Cruz (57201376605); Dias, João (57213211203); Barros, Victor (57209655598)",57201376605; 57213211203; 57209655598,Sustainability Performance and the Cost of Capital,2022,International Journal of Financial Studies,10,3,63,,,59,10.3390/ijfs10030063,https://www.scopus.com/inward/record.uri?eid=2-s2.0-85138686089&doi=10.3390%2Fijfs10030063&partnerID=40&md5=acc59a8cdb1ca59285ac6b8d5101cd1b,"ISEG—Lisbon School of Economics and Management, Universidade de Lisboa, Advance/CSG, Lisboa, 1200-781, Portugal; ISEG—Lisbon School of Economics and Management, Universidade de Lisboa, Lisboa, 1200-781, Portugal","Gonçalves T.C., ISEG—Lisbon School of Economics and Management, Universidade de Lisboa, Advance/CSG, Lisboa, 1200-781, Portugal; Dias J., ISEG—Lisbon School of Economics and Management, Universidade de Lisboa, Lisboa, 1200-781, Portugal; Barros V., ISEG—Lisbon School of Economics and Management, Universidade de Lisboa, Advance/CSG, Lisboa, 1200-781, Portugal","This study examines the association between firms’ environmental, social, and governance (ESG) performance and the cost of capital for the largest European firms listed on the STOXX Euro 600 in a large panel from 2002 to 2018. We find that ESG is priced by both debt and equity markets, although in different directions. While better ESG performance is associated with a lower cost of equity, the relationship is positive regarding the cost of debt. We also account for industry idiosyncrasies. The relationship with the cost of equity is penalized for firms lagging in ESG performance compared with industry peers, and the industry median corporate sustainability performance score is around optimal to balance the cost of equity and cost of debt. We also find that ESG is not influential in shaping firms’ cost of capital in periods of financial and sovereign crises. Overall, in the same research setting, we find that the channels of firms’ cost of capital composition behave differently in response to changes in sustainability performance. © 2022 by the authors.",corporate and social responsibility; cost of capital; cost of debt; cost of equity; ESG,,"V. Barros; ISEG—Lisbon School of Economics and Management, Universidade de Lisboa, Advance/CSG, Lisboa, 1200-781, Portugal; email: victormbarros@iseg.ulisboa.pt",,MDPI,22277072,,,,English,Intern. J. Financial Stud.,Article,Final,All Open Access; Gold Open Access; Green Open Access,Scopus,2-s2.0-85138686089,
Moussa T.; Krasnikova N.; Postoyeva M.; Hawas A.; Helfaya A.,"Moussa, Tantawy (57194065885); Krasnikova, Natalia (57200648246); Postoyeva, Maria (60127768800); Hawas, Amira (57186600300); Helfaya, Akrum (57189231861)",57194065885; 57200648246; 60127768800; 57186600300; 57189231861,"Sustainability Performance, Cost of Debt, and Institutional Environment Quality: Global Evidence From the Hospitality and Tourism Industry",2026,Business Strategy and the Environment,35,2,,1712,1734,0,10.1002/bse.70230,https://www.scopus.com/inward/record.uri?eid=2-s2.0-105017926071&doi=10.1002%2Fbse.70230&partnerID=40&md5=b7c31a31f28108ddeb8ff43b8f90e614,"School of Finance and Accounting, University of Westminster, London, United Kingdom; Department of Accounting & Finance, University of Sussex, Brighton, United Kingdom; Keele University, Staffordshire, Keele, United Kingdom; Damanhour University, Damanhur, Egypt","Moussa T., School of Finance and Accounting, University of Westminster, London, United Kingdom; Krasnikova N., School of Finance and Accounting, University of Westminster, London, United Kingdom; Postoyeva M., School of Finance and Accounting, University of Westminster, London, United Kingdom; Hawas A., Department of Accounting & Finance, University of Sussex, Brighton, United Kingdom; Helfaya A., Keele University, Staffordshire, Keele, United Kingdom, Damanhour University, Damanhur, Egypt","This study examines how sustainability performance affects the cost of debt financing in the hospitality and tourism industry and whether institutional environment quality moderates this relationship. Using a dataset of 2302 firm-year observations from 34 countries between 2010 and 2022, the results show that sustainability performance is negatively associated with the cost of debt financing, indicating that sustainability initiatives reduce lender-perceived risk. Notably, institutional environment quality strengthens this relationship, as countries with stronger governance frameworks and regulatory enforcement enable lenders to reward sustainability commitments more effectively. However, the association weakened during the COVID-19 pandemic, highlighting how systemic uncertainty altered lender risk perceptions and curtailed the financial benefits of sustainability practices. The findings remain robust across alternative measures, different model specifications, and controls for endogeneity. The findings provide new cross-country evidence on how firm-level sustainability initiatives interact with institutional contexts to shape debt financing costs in the hospitality and tourism industry. This study extends neo-institutional and stakeholder theories by demonstrating how sustainability practices and national governance jointly influence the cost of debt. It also offers critical insights for managers, lenders, and policymakers seeking to align sustainability strategies with financial resilience. © 2025 The Author(s). Business Strategy and the Environment published by ERP Environment and John Wiley & Sons Ltd.",cost of debt; COVID-19 pandemic; hospitality and tourism; institutional environment quality; sustainability performance; sustainable finance,COVID-19; debt; hospitality industry; pandemic; perception; sustainability; tourism market,"T. Moussa; School of Finance and Accounting, University of Westminster, London, United Kingdom; email: t.moussa@westminster.ac.uk",,John Wiley and Sons Ltd,9644733,,,,English,Bus. Strategy Environ.,Article,Final,All Open Access; Hybrid Gold Open Access,Scopus,2-s2.0-105017926071,
Vaitiekuniene R.; Sapkauskiene A.,"Vaitiekuniene, Raminta (58909217800); Sapkauskiene, Alfreda (36144439300)",58909217800; 36144439300,Sustainability Practices and Capital Costs: Evidence from Banks and Financial Technology Firms in Global Markets,2026,International Journal of Financial Studies,14,1,20,,,0,10.3390/ijfs14010020,https://www.scopus.com/inward/record.uri?eid=2-s2.0-105029101387&doi=10.3390%2Fijfs14010020&partnerID=40&md5=859c638e3f5e7a8aaa4f26ba92f81094,"Faculty of Economics and Business Administration, Vilnius University, Vilnius, LT-01513, Lithuania; School of Economics and Business, Kaunas University of Technology, Kaunas, LT-44239, Lithuania","Vaitiekuniene R., Faculty of Economics and Business Administration, Vilnius University, Vilnius, LT-01513, Lithuania, School of Economics and Business, Kaunas University of Technology, Kaunas, LT-44239, Lithuania; Sapkauskiene A., Faculty of Economics and Business Administration, Vilnius University, Vilnius, LT-01513, Lithuania","This paper examines the impact of environmental, social, and governance (ESG) disclosure on the cost of capital for banks as well as financial technology companies in Europe, America, and Asia from 2010 to 2024. The study investigates how sustainability affects financing conditions in the two institutional settings of conventional and digital financial intermediaries. We estimate the average cost of capital using the traditional WACC (weighted average cost of capital) formula, which calculates the cost and proportions of debt and equity capital. Panel regressions with firm and year fixed effects are used, along with an instrumental variable (IV) approach (2SLS), by way of peer-based ESG instruments to correct for endogeneity. The paper also carries out robustness checks such as the Anderson–Rubin weak IV tests and over identification diagnostics. The findings indicate that more ESG disclosure has a significant negative effect on WACC and debt costs and no robust impact on equity cost. Governance disclosure is revealed to be the dominant dimension and it always correlates with lower financing costs. Environmental disclosure is occasionally associated with a higher cost of equity, owing to investors’ expectation of short-term compliance costs. The results shed light on the dynamic relationship between innovation and sustainability in driving banks and financial technology firms financing environment. © 2026 by the authors.",banks; costs of capital; ESG disclosure; financial technology,,"R. Vaitiekuniene; Faculty of Economics and Business Administration, Vilnius University, Vilnius, LT-01513, Lithuania; email: raminta.vaitiekuniene@evaf.vu.lt",,Multidisciplinary Digital Publishing Institute (MDPI),22277072,,,,English,Intern. J. Financial Stud.,Article,Final,All Open Access; Gold Open Access; Green Open Access,Scopus,2-s2.0-105029101387,
Gracia O.; Siregar S.V.,"Gracia, Olivia (57222816080); Siregar, Sylvia Veronica (23494293200)",57222816080; 23494293200,Sustainability practices and the cost of debt: Evidence from ASEAN countries,2021,Journal of Cleaner Production,300,,126942,,,50,10.1016/j.jclepro.2021.126942,https://www.scopus.com/inward/record.uri?eid=2-s2.0-85104059171&doi=10.1016%2Fj.jclepro.2021.126942&partnerID=40&md5=16d434f934b6ddcafd191262173fcd7b,"Department of Accounting, Faculty of Economics and Business, Universitas Indonesia, Depok, 16424, Indonesia","Gracia O., Department of Accounting, Faculty of Economics and Business, Universitas Indonesia, Depok, 16424, Indonesia; Siregar S.V., Department of Accounting, Faculty of Economics and Business, Universitas Indonesia, Depok, 16424, Indonesia","Our study aims to examine the effect of sustainability practices, measured by sustainability performance and disclosure, on the cost of debt of ASEAN firms (in Indonesia, Malaysia, the Philippines, Singapore, and Thailand). There is a significant research gap where there is a scarcity of literature examining the impact of sustainability practices on the cost of debt, especially in Southeast Asia, and much of the existing literature still has conflicting results. We employed panel data analysis using generalized least square random effects regression, based on a sample of 1,443 observations of from 2004 to 2019. The analysis reveals mixed results that a ASEAN firm's sustainability practices lowers its cost of debt. Albeit debtholders incorporate sustainability practices information (measured by disclosure) of ASEAN firms in their credit evaluation, debtholders do not find sustainability practices (measured by performance) to be significant. This is possibly due to some crucial information that are apparent in sustainability disclosure but not in sustainability performance scores. Moreover, the interaction between sustainability performance and sustainability disclosure shows complimentary relationship between the two. Lastly, by incorporating country sustainability characteristics, industry sensitivity, and corporate governance as moderating variables, we find the possibility of a prevailing substitute relationship between firm-level and country-level sustainability practices and immense expectations imposed by stakeholders to firms with environmentally harmful practices. © 2021 Elsevier Ltd",Country sustainability characteristics; Sensitive industries; Sustainability disclosure; Sustainability performance; Sustainability practices; The cost of debt,Cost benefit analysis; Random processes; Country sustainability characteristic; Indonesia; Malaysia; Philippines; Sensitive industry; Singapore; Sustainability disclosures; Sustainability performance; Sustainability practices; The cost of debt; Sustainable development,"S.V. Siregar; Department of Accounting, Faculty of Economics and Business, Universitas Indonesia, Depok, 16424, Indonesia; email: sylvia.veronica@ui.ac.id",,Elsevier Ltd,9596526,,JCROE,,English,J. Clean. Prod.,Article,Final,,Scopus,2-s2.0-85104059171,
Billio M.; Costola M.; Hristova I.; Latino C.; Pelizzon L.,"Billio, Monica (55904339600); Costola, Michele (56705512500); Hristova, Iva (57225942597); Latino, Carmelo (57225932131); Pelizzon, Loriana (7801521733)",55904339600; 56705512500; 57225942597; 57225932131; 7801521733,Sustainable Finance: A Journey Toward ESG and Climate Risk,2024,International Review of Environmental and Resource Economics,18,02-Jan,,1,75,12,10.1561/101.00000156,https://www.scopus.com/inward/record.uri?eid=2-s2.0-85189895293&doi=10.1561%2F101.00000156&partnerID=40&md5=2f8585817823dd714436f90e534ee58f,"Ca’ Foscari University of Venice, Venice, Italy; Leibniz Institute for Financial Research SAFE, Frankfurt, Germany","Billio M., Ca’ Foscari University of Venice, Venice, Italy; Costola M., Ca’ Foscari University of Venice, Venice, Italy; Hristova I., Ca’ Foscari University of Venice, Venice, Italy; Latino C., Leibniz Institute for Financial Research SAFE, Frankfurt, Germany; Pelizzon L., Ca’ Foscari University of Venice, Venice, Italy, Leibniz Institute for Financial Research SAFE, Frankfurt, Germany","Environmental, social, and governance (ESG) factors have gained significant attention and are now a common practice in corporate risk assessment. Nevertheless, the absence of universally accepted standards for measuring ESG risk and impact, along with the difficulty of identifying the materiality of ESG aspects, makes assessing ESG ratings challenging. This paper aims to review the state-of-the-art literature on studies that describe and evaluate ESG rating methodologies and the impact of ESG factors on credit risk, debt and equity costs, and sovereign bonds. We also expand on the topic of ESG research by including a literature strand that focuses on the impact of climate change on financial stability. The reviewed studies suggest that positive ESG ratings are associated with an improvement in credit ratings, a reduction in credit default swap spreads, and a decrease in the costs of equity capital and debt. Finally, we consider the literature discussing the currently predominant sustainable investment (SI) strategies (negative screening and divestment) and their real limited effectiveness, but also suggesting several potential solutions for more appropriate SI strategies, a clearer standardized definition of climate change risk, a better alignment between private profit and social welfare and mostly an ESG focus on outcomes rather than on activities. With regard to the relationship between climate change and credit risk, the literature agrees on the need for adequate scoreboards and an improved disclosure process to address the problem of insufficient data availability and data quality. © 2024 M. Billio et al.","credit risk; debt cost; Environmental, social and governance factors (ESG); equity cost; portfolio management; sovereign bonds",,,,Now Publishers Inc,19321465,,,,English,Int. Rev. Environ. Resour. Econ.,Article,Final,All Open Access; Green Open Access,Scopus,2-s2.0-85189895293,Review paper
Xue N.; Zhang Q.,"Xue, Nanzhi (60415732700); Zhang, Qi (58606881300)",60415732700; 58606881300,Talk the talk and walk the walk: how social trust affects ESG disclosure’s financing impact,2026,Asia-Pacific Journal of Accounting and Economics,,,,,,0,10.1080/16081625.2026.2632593,https://www.scopus.com/inward/record.uri?eid=2-s2.0-105031392545&doi=10.1080%2F16081625.2026.2632593&partnerID=40&md5=a409aa73392203c0f43facc70164c7bf,"Glorious Sun School of Business and Management, Donghua University, Shanghai, China; School of Management, Shandong University, Shandong, Jinan, China","Xue N., Glorious Sun School of Business and Management, Donghua University, Shanghai, China; Zhang Q., School of Management, Shandong University, Shandong, Jinan, China","This study examines the role of social trust in shaping the financing effect of ESG disclosure. Empirical results reveal that elevated trust levels intensify the inverse association between firms’ ESG disclosure and debt financing costs. This enhancement stems from increasing the informational value of ESG disclosure and improving ESG practices. Moreover, the influence of social trust is more salient among enterprises located in less market-oriented regions, operating within environmentally sensitive sectors, or characterized by lower analyst coverage and weaker reputation. Overall, these findings demonstrate that social trust is a prerequisite for ESG disclosure to generate expected economic impacts. © 2026 City University of Hong Kong and National Taiwan University.",Cost of debt; ESG disclosure; Social trust,,"Q. Zhang; School of Management, Shandong University, Jinan, Shandong, 250100, China; email: qizhang@sdu.edu.cn",,Routledge,16081625,,,,English,Asia-Pac. J. Account. Econ.,Article,Article in press,,Scopus,2-s2.0-105031392545,
Manelli A.; Pace R.; Montecchiani J.; Viserta L.,"Manelli, Alberto (55974275600); Pace, Roberta (55978851900); Montecchiani, Jacopo (57222405732); Viserta, Lorenzo (57222405827)",55974275600; 55978851900; 57222405732; 57222405827,The alternative investment market Italia listing process: A sustainable alternative investment market for small medium enterprises (SMEs)?,2020,Rivista di Studi sulla Sostenibilita,,2,,83,101,2,10.3280/RISS2020-002006,https://www.scopus.com/inward/record.uri?eid=2-s2.0-85102655369&doi=10.3280%2FRISS2020-002006&partnerID=40&md5=f650b1b9875a510cada0d175f6e99d4e,"Department of Management, Faculty of Economics, Università Politecnica delle Marche, Piazzale R. Martelli, 8, Ancona, 60121, Italy; Department of Industrial Engineering, Information and Economics, Università degli studi dell’Aquila, Via Giuseppe Mezzanotte, L’Aquila, 67100, Italy; Department of Management, Università Politecnica delle Marche, Italy","Manelli A., Department of Management, Faculty of Economics, Università Politecnica delle Marche, Piazzale R. Martelli, 8, Ancona, 60121, Italy; Pace R., Department of Industrial Engineering, Information and Economics, Università degli studi dell’Aquila, Via Giuseppe Mezzanotte, L’Aquila, 67100, Italy; Montecchiani J., Department of Management, Università Politecnica delle Marche, Italy; Viserta L., Department of Management, Università Politecnica delle Marche, Italy","The present work aims to investigate the world of Small Medium Enterprises (SMEs), exploring in depth the implications related to the sustainability of the listing process in the Alternative Investment Market (AIM) Italia market in order to assess, adopting a critical approach, whether the path of listing could be the ideal choice to support a significant growth of these realities. An empirical survey is therefore presented in order to evaluate the sustainability of the listing process from both an economic-financial and Environmental, Social and Governance (ESG) point of view. The conclusions reached highlight how the listing process hides pitfalls in terms of economic and financial performance; while the commitment to ESG factors seems rewarding both in terms of share price trends and debt cost. Copyright © FrancoAngeli.",AIM; ESG; Listing; Performance; SMEs; Sustainability,,,,FrancoAngeli,22391959,,,,English,Riv. Studi Sulla Sostenibilita,Article,Final,,Scopus,2-s2.0-85102655369,
Chen M.-H.; Wu Y.-H.,"Chen, Mei-Hui (58889266400); Wu, Yan-Hui (59622445900)",58889266400; 59622445900,The Association Among ESG External Assurance、Negative Media Coverage of Social Responsibility and Cost of Debt Capital; [ESG 第三方確信、負面社會責任新聞報導與債務資金成本間之關聯性],2024,Journal of Accounting Review,78,1,,1,44,2,10.6552/JOAR.202401_(78).0001,https://www.scopus.com/inward/record.uri?eid=2-s2.0-85185183195&doi=10.6552%2FJOAR.202401_%2878%29.0001&partnerID=40&md5=9678139ffa4986caf783b4f490cc047c,"Department of Financial Management, National Defense University, United States","Chen M.-H., Department of Financial Management, National Defense University, United States; Wu Y.-H., Department of Financial Management, National Defense University, United States","Stakeholders are increasingly interested in ESG (Environment, Social, and Governance) issues, while ESG reporting can help stakeholders assess risks and business performance in a company. We take Taiwan-listed companies from 2014 to 2021 as samples to explore whether sustainability reporting and external assurance can influence the cost of debt. Further, how the media coverage of negative social responsibility news moderates the relationship between sustainability reporting and the cost of debt is investigated. Our empirical results indicate that the cost of debt for firms that issue sustainability reports with external assurance is lower than others, which may be associated with the reduction of information asymmetry between a firm and its stakeholders. However, the media coverage of negative social responsibility news will increase the cost of debt, suggesting that negative social responsibility news matters to creditors. Overall, our findings stress the importance of companies issuing sustainability reports and external assurance. © 2024 Journal Of Accounting Review. All rights reserved.",Cost of debt; External assurance; Negative media coverage; Sustainability report,,"Y.-H. Wu; Taipei City, No. 70, Sec. 2, Zhongyang N. Rd., Beitou Dist., 112035, Taiwan; email: s1002352188@gmail.com",,Journal Of Accounting Review,10181687,,,,English,J. Account. Rev.,Article,Final,,Scopus,2-s2.0-85185183195,
Hou Q.; Zhang Q.,"Hou, Qiaoyu (58870998000); Zhang, Qiang (57831106400)",58870998000; 57831106400,The Effect and Mechanism of ESG Performance on Corporate Debt Financing Costs: Empirical Evidence from Listed Companies in the Heavy-Polluting Industries,2024,Polish Journal of Environmental Studies,33,2,,1753,1766,7,10.15244/pjoes/173999,https://www.scopus.com/inward/record.uri?eid=2-s2.0-85184417155&doi=10.15244%2Fpjoes%2F173999&partnerID=40&md5=d8b98eb55a54177f670ff963312627c6,"International College, Krirk University, No. 3 Soi Ramintra 1, Ramintra Road, Anusaowaree, Bangkhen, Bangkok, 10220, Thailand","Hou Q., International College, Krirk University, No. 3 Soi Ramintra 1, Ramintra Road, Anusaowaree, Bangkhen, Bangkok, 10220, Thailand; Zhang Q., International College, Krirk University, No. 3 Soi Ramintra 1, Ramintra Road, Anusaowaree, Bangkhen, Bangkok, 10220, Thailand","This study investigates the potential benefits of positive environmental, social, and governance (ESG) performance for enterprises operating in heavily polluting industries. Regression analyses using Stata were conducted on a sample of A-share listed enterprises in these industries from 2010 to 2020. The findings reveal that higher ESG performance leads to lower debt financing costs. Furthermore, the analysis of mechanisms indicates that the green innovation behavior of enterprises enhances the impact of ESG performance on debt financing costs. Heterogeneity analysis demonstrates that the ESG performance of heavily polluting enterprises in central China has a more significant influence on debt financing costs. For non-state-owned heavily polluting enterprises, the relationship between standard audit opinions is substantial, as audit opinions contain sufficient information and risk disclosure. This study contributes to our understanding of the economic implications of ESG performance and provides valuable evidence supporting enterprises in their efforts to improve ESG performance. © 2024, HARD Publishing Company. All rights reserved.",cost of debt financing; environmental regulation; ESG performance; green innovation; Stakeholders,,"Q. Zhang; International College, Krirk University, Bangkok, No. 3 Soi Ramintra 1, Ramintra Road, Anusaowaree, Bangkhen, 10220, Thailand; email: qiaoyu1024@qq.com",,HARD Publishing Company,12301485,,,,English,Pol. J. Environ. Stud.,Article,Final,All Open Access; Gold Open Access,Scopus,2-s2.0-85184417155,
Maaloul A.; Zéghal D.; Ben Amar W.; Mansour S.,"Maaloul, Anis (35311312000); Zéghal, Daniel (8915903400); Ben Amar, Walid (13612561000); Mansour, Sari (57188678724)",35311312000; 8915903400; 13612561000; 57188678724,"The Effect of Environmental, Social, and Governance (ESG) Performance and Disclosure on Cost of Debt: The Mediating Effect of Corporate Reputation",2023,Corporate Reputation Review,26,1,,1,18,173,10.1057/s41299-021-00130-8,https://www.scopus.com/inward/record.uri?eid=2-s2.0-85120654672&doi=10.1057%2Fs41299-021-00130-8&partnerID=40&md5=e0da137663cf85572ef4960cd73e3b0f,"School of Business Administration, TELUQ University of Quebec, 5800 Saint-Denis St. (Office B1105), Montreal, H2S 3L5, QC, Canada; TELFER School of Management, University of Ottawa, Ottawa, Canada","Maaloul A., School of Business Administration, TELUQ University of Quebec, 5800 Saint-Denis St. (Office B1105), Montreal, H2S 3L5, QC, Canada; Zéghal D., TELFER School of Management, University of Ottawa, Ottawa, Canada; Ben Amar W., TELFER School of Management, University of Ottawa, Ottawa, Canada; Mansour S., School of Business Administration, TELUQ University of Quebec, 5800 Saint-Denis St. (Office B1105), Montreal, H2S 3L5, QC, Canada","Prior studies on the relationship between ESG information and cost of debt have found mixed results. They conclude that this relationship may be affected by some characteristics or attributes of the company. In this study, we examine whether corporate reputation mediates the relationship between ESG information and cost of debt. In other words, this study explores how ESG information influences corporate reputation, and how, in turn, corporate reputation affects the cost of debt financing. Data for corporate reputation were obtained from the Fortune “World’s Most Admired Companies” List, whereas data on ESG information were extracted from two sources: ESG performance were obtained from Sustainalytics database and ESG disclosure were obtained from Bloomberg database. Data on cost of debt and other control variables were also collected from Bloomberg database. Using structural equation models, we report a positive effect of both ESG performance and disclosure on corporate reputation. We also find that a good corporate reputation reduces the cost of debt financing and mediates the relationship between ESG performance/disclosure and cost of debt. We therefore conclude that firms that manage and disclose information on ESG issues have a better reputation, which in turn reduces their debt financing costs. © 2021, The Author(s), under exclusive licence to Springer Nature Limited.","Corporate reputation; Cost of debt; Disclosure; Environmental, social, and governance (ESG); Performance",,"A. Maaloul; School of Business Administration, TELUQ University of Quebec, Montreal, 5800 Saint-Denis St. (Office B1105), H2S 3L5, Canada; email: anis.maaloul@teluq.ca",,Springer Nature,13633589,,,,English,Corp. Reputation Rev.,Article,Final,,Scopus,2-s2.0-85120654672,
Amarna K.; Garde Sánchez R.; López-Pérez M.V.; Marzouk M.,"Amarna, Khayria (58899528200); Garde Sánchez, Raquel (55917343900); López-Pérez, Maria Victoria (36617541800); Marzouk, Mahmoud (57191895302)",58899528200; 55917343900; 36617541800; 57191895302,"The effect of environmental, social, and governance disclosure and real earning management on the cost of financing",2024,Corporate Social Responsibility and Environmental Management,31,4,,3181,3193,29,10.1002/csr.2740,https://www.scopus.com/inward/record.uri?eid=2-s2.0-85185668627&doi=10.1002%2Fcsr.2740&partnerID=40&md5=0ead3ddde1d047b5449ad16428b07e9c,"Faculty of Economy and Business, University of Granada, Granada, Spain; School of Business, University of Leicester, Leicester, United Kingdom; Faculty of Commerce, Menoufia University, Shebin El-Kom, Egypt","Amarna K., Faculty of Economy and Business, University of Granada, Granada, Spain; Garde Sánchez R., Faculty of Economy and Business, University of Granada, Granada, Spain; López-Pérez M.V., Faculty of Economy and Business, University of Granada, Granada, Spain; Marzouk M., School of Business, University of Leicester, Leicester, United Kingdom, Faculty of Commerce, Menoufia University, Shebin El-Kom, Egypt","This study identifies if sustainable development practices measured through ESG information disclosure are related to stakeholder confidence, leading to a lower cost of debt and equity financing. We also investigate the possible moderating role of real earnings management. We apply a fixed effects panel data analysis to 1659 firm-year observations of 177 European companies from 2010 to 2019. The results show that investors value ESG disclosure negatively and increase the cost of equity, whereas lenders value it positively and reduce the cost of debt. In addition, when the moderating effect of real earnings management is introduced, the effect of ESG disclosure on the cost of debt decreases, and the effect of ESG disclosure on the cost of equity is reinforced by increasing it. In the presence of real earnings management, investors and lenders seem to think companies use ESG disclosure to legitimise their practices or mislead financing providers. © 2024 The Authors. Corporate Social Responsibility and Environmental Management published by ERP Environment and John Wiley & Sons Ltd.",cost of debt; cost of equity; environmental policy; ESG disclosure; real earnings management; stakeholder engagement; sustainable development,,"R. Garde Sánchez; Faculty of Economy and Business, University of Granada, Granada, Campus de Cartuja, s/n, 18071, Spain; email: rgarde@ugr.es",,John Wiley and Sons Ltd,15353958,,,,English,Corp. Soc. Responsib. Environ. Manage.,Article,Final,All Open Access; Hybrid Gold Open Access,Scopus,2-s2.0-85185668627,
Houqe M.N.; Ahmed K.; Richardson G.,"Houqe, Muhammad Nurul (55315295500); Ahmed, Kamran (9272462600); Richardson, Grant (14825601700)",55315295500; 9272462600; 14825601700,"The Effect of Environmental, Social, and Governance Performance Factors on Firms’ Cost of Debt: International Evidence",2020,International Journal of Accounting,55,3,2050014,,,43,10.1142/S1094406020500146,https://www.scopus.com/inward/record.uri?eid=2-s2.0-85092769705&doi=10.1142%2FS1094406020500146&partnerID=40&md5=2be4b8096515802ef841b1a0fce3b68d,"School of Accountancy, Massey Business School, Massey University, New Zealand; La Trobe Business School, La Trobe University, Melbourne, Australia; Macquarie Business School, Macquarie University, Sydney, Australia","Houqe M.N., School of Accountancy, Massey Business School, Massey University, New Zealand; Ahmed K., La Trobe Business School, La Trobe University, Melbourne, Australia; Richardson G., Macquarie Business School, Macquarie University, Sydney, Australia","This study examines the effect of environmental, social, and governance (ESG) performance on firms’ cost of debt (COD). Based on a sample of 18,950 firm-year observations from 41 countries over the period of 2008–2015, we find a significant negative association between aggregate ESG performance and firms’ COD. We also observe a significant negative association between the individual ESG performance factors (E, S, and G) and firms’ COD. In addition, the negative association between aggregate/individual ESG performance and firms’ COD is economically significant, ranging from 16.93% to 21.20% of median COD values. Finally, disclosure of ESG performance, stakeholder orientation, investor protection, control of corruption, and social progress have pronounced effects on the negative association between ESG performance and firms’ COD. Taken together, our results suggest that ESG performance has a significant negative effect on firms’ COD from an international perspective. © 2020 Board of Trustees, Vernon K. Zimmerman Center, University of Illinois.",cost of debt; Environment; social and governance performance,,"K. Ahmed; La Trobe Business School, La Trobe University, Melbourne, Australia; email: K.Ahmed@latrobe.edu.au",,World Scientific,10944060,,,,English,Int. J. Account.,Article,Final,,Scopus,2-s2.0-85092769705,
Gigante G.; Manglaviti D.,"Gigante, Gimede (56445000800); Manglaviti, Davide (57932410100)",56445000800; 57932410100,The ESG effect on the cost of debt financing: A sharp RD analysis,2022,International Review of Financial Analysis,84,,102382,,,115,10.1016/j.irfa.2022.102382,https://www.scopus.com/inward/record.uri?eid=2-s2.0-85140094265&doi=10.1016%2Fj.irfa.2022.102382&partnerID=40&md5=995ddde98171b311b75f9382f1ba022c,"Bocconi University, Finance Department, Via Röntgen, 1, Room C2/06, Milano MI, 20136, Italy; Bocconi University, Via Roberto Sarfatti, 25, Milano MI, 20100, Italy","Gigante G., Bocconi University, Finance Department, Via Röntgen, 1, Room C2/06, Milano MI, 20136, Italy; Manglaviti D., Bocconi University, Via Roberto Sarfatti, 25, Milano MI, 20100, Italy","Environmental, social, and governance (ESG) factors have become increasingly relevant within the financial world. Despite extensive evidence regarding the equity side, limited studies in the literature have investigated the potential effects of ESG performance on the main drivers of debt. This study aims to understand whether there is a positive effect from a cost of debt standpoint for corporations with relatively better ESG performance. Using the ESG score by Refinitiv and a sharp regression discontinuity design, we do not find statistically significant evidence for discrete jumps in correspondence with the ESG score average for the cost of debt of European nonfinancial corporates over the 2018–2020 period. In a sharp regression discontinuity setting, we obtain analogous results by developing a linear probability model. © 2022 Elsevier Inc.",Corporate social performance; Cost of debt; CSR; ESG; Governance; Green bond; Leverage; Linear probability model; Sharp regression discontinuity; Sustainable finance,,"G. Gigante; Bocconi University, Finance Department, Milano MI, Via Röntgen, 1, Room C2/06, 20136, Italy; email: gimede.gigante@unibocconi.it",,Elsevier Inc.,10575219,,,,English,Int. Rev. Financ. Anal.,Article,Final,,Scopus,2-s2.0-85140094265,
Priem R.; Gabellone A.,"Priem, Randy (56850218400); Gabellone, Andrea (58845162200)",56850218400; 58845162200,The impact of a firm’s ESG score on its cost of capital: can a high ESG score serve as a substitute for a weaker legal environment,2024,"Sustainability Accounting, Management and Policy Journal",15,3,,676,703,53,10.1108/SAMPJ-05-2023-0254,https://www.scopus.com/inward/record.uri?eid=2-s2.0-85183127337&doi=10.1108%2FSAMPJ-05-2023-0254&partnerID=40&md5=4619c84e0d317ebe97469b641ae7d746,"UBI Business School, Brussel, Belgium","Priem R., UBI Business School, Brussel, Belgium; Gabellone A., UBI Business School, Brussel, Belgium","Purpose: This article aims to analyse the relationship between the environmental, social and governance (ESG) score and the cost of capital of 600 large, mid and small capitalization companies across 17 countries that are component of the EURO STOXX 600 Index. By examining whether ESG has an impact on the cost of capital, this article contributes to the solutions to improve the impact of organizations and societies on sustainable development. The article further examines whether the effect is because of the environmental, social and/or governance components. In addition, the article analyses which WACC component (i.e. the cost of equity, the cost of debt, the beta or the leverage ratio) is affected. Furthermore, this article analyses whether a high ESG score can substitute for a weaker legal environment. Design/methodology/approach: The results were obtained by using ordinary least squares panel data modelling to analyse the relationship between the ESG score and the cost of capital. The sample consists of companies that are part of the STOXX Europe 600 Index over the period 2018–2021, which is composed of 600 companies, including large, mid and small capitalization firms listed across 17 countries. The sample finally includes 1,960 firm-year observations. Findings: Companies with a higher ESG score tend to have a lower cost of capital, but this relationship holds only for firms domiciled in countries with a weaker legal environment. In addition, these firms should not only increase their ESG score to create a more sustainable environment but also to reduce their cost of debt. Environmental and social factors have a significantly negative impact on the cost of capital only in countries with a weaker legal environment, while the governance component positively impacts the cost of capital by allowing firms to borrow more. Research limitations/implications: There is not yet a standardized taxonomy to define ESG, making the study dependent on commercial data providers. Practical implications: The new insights can be used by companies domiciled in countries with weaker legal environments to reduce their cost of capital. The results also allow us to know on which components of the ESG score to focus. It can also help policymakers, specifically those in countries with a weaker legal environment, to provide incentives to further stimulate ESG investments and disclosure, thereby contributing to a more sustainable society. Social implications: To achieve the sustainable development goals put forward by the United Nations, it is important for firms to invest in ESG projects. It is nevertheless insightful to know whether these ESG investments, which are currently observed as a cost, also provide benefits to firms and in which countries. If firms clearly see the advantages of investing in ESG projects, they are likely to proactively engage in them. Originality/value: This article is the first, to the best of the authors’ knowledge, to focus on 17 European countries, thereby capturing divergent legal environments. This setting allows us to answer the main novel research question, namely, whether the ESG score can act as a substitute for the legal environment in which the company is domiciled. The article also goes further than previous articles by examining whether the effect is because of the environmental, social and/or governance component and whether these impact the components of the weighted cost of capital, namely, the cost of equity, the cost of debt, the beta or the leverage ratio of the companies. © 2024, Emerald Publishing Limited.",Capital structures; Cost of capital; ESG; Sustainable finance,,"R. Priem; UBI Business School, Brussel, Belgium; email: randy.priem@ubi.edu",,Emerald Publishing,20408021,,,,English,Sustainability Account. Manage. Policy J.,Article,Final,,Scopus,2-s2.0-85183127337,
Yang Y.; Wen J.; Li Y.,"Yang, Yongliang (57195397951); Wen, Jing (58296099000); Li, Yi (57211510888)",57195397951; 58296099000; 57211510888,The impact of environmental information disclosure on the cost of debt: evidence from China,2024,Journal of Applied Economics,27,1,2301280,,,9,10.1080/15140326.2023.2301280,https://www.scopus.com/inward/record.uri?eid=2-s2.0-85182148292&doi=10.1080%2F15140326.2023.2301280&partnerID=40&md5=929245c41ea30113698f0391a48b2182,"School of Economics and Management, Zhejiang Sci-Tech University, Hangzhou, China; Silk and Fashion Culture Research Center of Zhejiang Province, Zhejiang Sci-Tech University, Hangzhou, China; Green and low-carbon technology and industrialization of modern logistics, Zhejiang Engineering Research Center, Wenzhou, China; School of Urban and Regional Science, East China Normal University, Shanghai, China; Fashion Department/DongHai Academy/Collaborative Innovation Center of Port Economy, Ningbo University, Ningbo, China; Tsinghua University, Younger Group Postdoctoral Workstation, Tsinghua University, Beijing, China","Yang Y., School of Economics and Management, Zhejiang Sci-Tech University, Hangzhou, China, Silk and Fashion Culture Research Center of Zhejiang Province, Zhejiang Sci-Tech University, Hangzhou, China, Green and low-carbon technology and industrialization of modern logistics, Zhejiang Engineering Research Center, Wenzhou, China; Wen J., School of Urban and Regional Science, East China Normal University, Shanghai, China; Li Y., Fashion Department/DongHai Academy/Collaborative Innovation Center of Port Economy, Ningbo University, Ningbo, China, Tsinghua University, Younger Group Postdoctoral Workstation, Tsinghua University, Beijing, China","With the growing attention being paid to environmental issues by the public, environmental information disclosure (EID) has become a vital means for firms to convey their social responsibility and an important information source for lending institutions to assess firm credit risk. Based on the data of listed companies in China, a two-way fixed effects model is applied in this study to determine the impact of EID on the cost of debt. It reveals that EID can decrease companies’ cost of debt and that both CEO duality and ownership concentration play vital roles in this relationship. After the consideration of endogeneity problems and robustness testing, the conclusions remain valid. © 2024 The Author(s). Published by Informa UK Limited, trading as Taylor & Francis Group.",corporate social responsibility; Environmental information disclosure; policy evaluation; the cost of debt,,"Y. Yang; School of Economics and Management, Zhejiang Sci-Tech University, Hangzhou, No. 928, 2nd Street, Qiantang District, Zhejiang Province, 310018, China; email: royyang@zstu.edu.cn",,Taylor and Francis Ltd.,15140326,,,,English,J. Appl. Econ.,Article,Final,All Open Access; Gold Open Access; Green Open Access,Scopus,2-s2.0-85182148292,
Ratajczak P.; Mikołajewicz G.,"Ratajczak, Piotr (57189520710); Mikołajewicz, Grzegorz (57225195211)",57189520710; 57225195211,"The impact of environmental, social and corporate governance responsibility on the cost of short-and long-term debt",2021,Economics and Business Review,7,2,,74,96,29,10.18559/ebr.2021.2.6,https://www.scopus.com/inward/record.uri?eid=2-s2.0-85111329960&doi=10.18559%2Febr.2021.2.6&partnerID=40&md5=53e22479e536a922d376bf08cd730e25,"Poznań University of Economics and Business, Institute of Accounting and Finance Management, Department of Controlling, Financial Analysis and Valuation, al. Niepodległości 10, Poznań, 61-875, Poland","Ratajczak P., Poznań University of Economics and Business, Institute of Accounting and Finance Management, Department of Controlling, Financial Analysis and Valuation, al. Niepodległości 10, Poznań, 61-875, Poland; Mikołajewicz G., Poznań University of Economics and Business, Institute of Accounting and Finance Management, Department of Controlling, Financial Analysis and Valuation, al. Niepodległości 10, Poznań, 61-875, Poland","The aim of the paper is to examine the impact of environmental, social and corporate governance (ESG) responsibility on the short- and long-term cost of debt. Linear regression was applied to a unique dataset on CSR and cost of debt for 300 companies recognized in 2017 by Corporate Knights as the most sustainable companies in the world. The question about the link between CSR and cost of debt is important as there is still ongoing debate as to whether business should undertake activities in the field of CSR - managers and other stakeholders are still unsure of the outcomes. The findings show that the involvement in environmental issues decreases the cost of long-term debt whereas the involvement in social issues brings benefits to short- and long-term debt. Surprisingly the greater the involvement in corporate governance, the higher the cost of debt in all time horizons. Managers should expect a lower cost of debt from environmental and social activities mostly in the long run. Corporate governance expenditures may in turn be seen as a waste of company resources, cost of forgone opportunities, or - optionally - as an over-investment. The main novelty is the breakdown of CSR into three dimensions while examining various term structures of corporate debt.  © 2021 Piotr Ratajczak et al., published by Sciendo 2021.",cost of debt; CSR; ESG; long-term debt; short-term debt; sustainability,,"P. Ratajczak; Poznań University of Economics and Business, Institute of Accounting and Finance Management, Department of Controlling, Financial Analysis and Valuation, Poznań, al. Niepodległości 10, 61-875, Poland; email: piotr.ratajczak@ue.poznan.pl",,Sciendo,23921641,,,,English,Econ. Bus. Rev.,Article,Final,All Open Access; Gold Open Access; Green Open Access,Scopus,2-s2.0-85111329960,
Naidu D.D.,"Naidu, Delane D. (57289776200)",57289776200,"The impact of environmental, social, and governance disclosure on credit risk: Evidence from South African firms",2026,South African Journal of Economic and Management Sciences,29,1,a6459,,,0,10.4102/sajems.v29i1.6459,https://www.scopus.com/inward/record.uri?eid=2-s2.0-105029273109&doi=10.4102%2Fsajems.v29i1.6459&partnerID=40&md5=e21922f9eeec9b14cee1644e65eb055e,"Department of Finance, Faculty of Finance and Economics, University of the Witwatersrand, Johannesburg, South Africa","Naidu D.D., Department of Finance, Faculty of Finance and Economics, University of the Witwatersrand, Johannesburg, South Africa","Background: Environmental, social, and governance (ESG) disclosure can influence a firm’s credit risk by improving transparency, strengthening risk management, and signalling stability to lenders and rating agencies. In South Africa, where information asymmetry, governance weaknesses, and macroeconomic volatility persist, understanding this relationship is important for promoting financial stability and advancing sustainable investment practices. Aim: This study investigates how ESG disclosure affects three dimensions of credit risk: probability of default (PD), cost of debt (COD), and credit model scores (CMS). It also evaluates whether individual ESG pillars exert distinct effects, thereby identifying which sustainability dimensions are most relevant in the South African context. Setting: The analysis covers 78 non-financial Johannesburg Stock Exchange firms from 2017 to 2023. Method: The study employs baseline ordinary least squares and fixed-effects models, and instrumental-variable two-stage least squares for PD and COD, and ordered probit models, with and without a conditional mixed-process framework, for CMS, allowing treatment of endogeneity. Results: Higher ESG disclosure lowers PD and improves CMS but does not affect COD. Governance drives reductions in PD, while environmental and social pillars strengthen CMS, indicating that ESG components operate through different credit risk channels. Conclusion: Environmental, social, and governance disclosure influences two credit risk measures, highlighting its relevance for credit evaluation in South Africa. Contribution: This study provides the first South African evidence on the ESG-credit risk relationship using different proxies and endogeneity-corrected models. It advances academic debates on ESG in emerging markets and offers practical insights for regulators, lenders, and investors integrating ESG factors into credit-risk evaluation. © 2026. The Author.",cost of debt; credit risk; default risk; ESG disclosure; JSE; probability of default,,"D.D. Naidu; Department of Finance, Faculty of Finance and Economics, University of the Witwatersrand, Johannesburg, South Africa; email: delane.naidu@wits.ac.za",,AOSIS (pty) Ltd,10158812,,,,English,S. Afr. J. Econ. Manage Sci.,Article,Final,All Open Access; Gold Open Access; Green Open Access,Scopus,2-s2.0-105029273109,
Wang K.-Y.; Lin Y.-L.; Tsai R.-C.,"Wang, Kuei-Yuan (35423131600); Lin, Ying-Li (55267992300); Tsai, Ruei-Chen (59984886200)",35423131600; 55267992300; 59984886200,The Impact of ESG Firms and Greenwashing Firms on Cost of Debt,2025,Lecture Notes on Data Engineering and Communications Technologies,259,,,338,347,0,10.1007/978-3-031-96093-2_33,https://www.scopus.com/inward/record.uri?eid=2-s2.0-105010252708&doi=10.1007%2F978-3-031-96093-2_33&partnerID=40&md5=9c57a7ee96b0b0e61a432a4026ff2478,"Department of Finance, Asia University, Taichung, Taiwan","Wang K.-Y., Department of Finance, Asia University, Taichung, Taiwan; Lin Y.-L., Department of Finance, Asia University, Taichung, Taiwan; Tsai R.-C., Department of Finance, Asia University, Taichung, Taiwan","This study established its own greenwashing behavior indicators with reference to the KLD database and used regression analysis to explore the impact of ESG firms and greenwashing firms on cost of debt. The empirical results show that the impact of ESG firms on cost of debt is not significant, and the effect of greenwashing firms on cost of debt is also not significant. This empirical result means that when banks provide financing to firms, they do not obviously give firms better interest rates. This study not only fills the gap in the literature on greenwashing through the self-constructed greenwashing indicator but also provides a true picture of greenwashing among listed firms. In addition, authorities are reminded to pay more attention to the ESG performance of firms and curb the occurrence of greenwashing. © The Author(s), under exclusive license to Springer Nature Switzerland AG 2025.",,Cost benefit analysis; Greenwashing; Interest rates; Performance; Regression analysis,"Y.-L. Lin; Department of Finance, Asia University, Taichung, Taiwan; email: yllin@asia.edu.tw",,Springer Science and Business Media Deutschland GmbH,23674512,,,,English,Lecture. Notes. Data Eng. Commun. Tech.,Book chapter,Final,,Scopus,2-s2.0-105010252708,
Cheng Y.; He C.; Tang C.,"Cheng, Yuhao (59367148600); He, Chuqian (59564444800); Tang, Can (59518721900)",59367148600; 59564444800; 59518721900,The impact of ESG performance on corporate debt costs: A signaling perspective,2025,Finance Research Letters,76,,107020,,,7,10.1016/j.frl.2025.107020,https://www.scopus.com/inward/record.uri?eid=2-s2.0-85218268387&doi=10.1016%2Fj.frl.2025.107020&partnerID=40&md5=5a610b0e318dec41594a68e3f9c74df4,"Business College, Guangzhou College of Technology and Business, Guangzhou, 510850, China; Library, University of International Business and Economics, Beijing, 100029, China","Cheng Y., Business College, Guangzhou College of Technology and Business, Guangzhou, 510850, China; He C., Business College, Guangzhou College of Technology and Business, Guangzhou, 510850, China; Tang C., Library, University of International Business and Economics, Beijing, 100029, China","Environmental, Social, and Governance (ESG) factors are significant indicators of company sustainability practices and company's profitability. This study uses a signaling game model to analyze the impact of ESG performance on the cost of corporate debt, and uses the data from Chinese A-share listed firms spanning 2019 to 2023 to confirm the moderating effect. The results indicate that when company financing is high, positive ESG performance can significantly decrease the cost of debt. Conversely, when the financing amount is low, the impact of ESG performance on reducing the cost of financing is negligible. © 2025 Elsevier Inc.",Debt cost; ESG performance; Financing decisions; Signaling game,,"C. He; Business College, Guangzhou College of Technology and Business, Guangzhou, 510850, China; email: hochorsin@163.com",,Elsevier Ltd,15446123,,,,English,Finan. Res. Lett.,Article,Final,,Scopus,2-s2.0-85218268387,
Kong W.,"Kong, Wen (57875357200)",57875357200,The impact of ESG performance on debt financing costs: Evidence from Chinese family business,2023,Finance Research Letters,55,,103949,,,79,10.1016/j.frl.2023.103949,https://www.scopus.com/inward/record.uri?eid=2-s2.0-85158816826&doi=10.1016%2Fj.frl.2023.103949&partnerID=40&md5=8ef21bbf71163fee29711a87cb87bf22,"School of Finance, Jiangxi University of Finance and Economics, Jiangxi, Nanchang, 330013, China","Kong W., School of Finance, Jiangxi University of Finance and Economics, Jiangxi, Nanchang, 330013, China","In China, family business is an important part of private economy. This paper studies the impact of China's family business's ESG performance on debt financing costs. We find that: ESG performance of family business can obtain the support of creditors and reduce the cost of debt financing; The performance of family enterprises in social dimension and corporate governance dimension can reduce the debt financing cost of enterprises; ESG performance can significantly reduce the debt financing cost of family business when the family business is in the owner management stage, the children's cultivation and development stage, and the power transfer stage. © 2023",Debt financing costs; Enterprise lifecycle; Esg; Family business,,,,Elsevier Ltd,15446123,,,,English,Finan. Res. Lett.,Article,Final,,Scopus,2-s2.0-85158816826,
Luo W.; Yu Y.; Cao X.; Deng M.,"Luo, Wenbing (57207456765); Yu, Yuxin (57189626358); Cao, Xiaotian (58479284600); Deng, Mingjun (57201989528)",57207456765; 57189626358; 58479284600; 57201989528,The Impact of ESG Performance on Organizational Resilience: Evidence From China,2025,Corporate Social Responsibility and Environmental Management,32,5,,6807,6830,4,10.1002/csr.70061,https://www.scopus.com/inward/record.uri?eid=2-s2.0-105009986020&doi=10.1002%2Fcsr.70061&partnerID=40&md5=fceddfe61789dbe7ba14e51a2cad11b0,"School of Business, Hunan University of Science and Technology, Xiangtan, China; Research Center for High Quality Development of Regional Economy, Hunan University of Science and Technology, Xiangtan, China; Research Institute of New Strategic Industries in Hunan, Xiangtan, China; School of Medical Humanity and Management, Hunan University of Medicine, Huaihua, China","Luo W., School of Business, Hunan University of Science and Technology, Xiangtan, China, Research Center for High Quality Development of Regional Economy, Hunan University of Science and Technology, Xiangtan, China, Research Institute of New Strategic Industries in Hunan, Xiangtan, China; Yu Y., School of Business, Hunan University of Science and Technology, Xiangtan, China; Cao X., School of Business, Hunan University of Science and Technology, Xiangtan, China; Deng M., School of Medical Humanity and Management, Hunan University of Medicine, Huaihua, China","In the context of VUCA (volatile, uncertain, complex, ambiguous), organizational resilience has become increasingly important for the long-term development of enterprises. Using data from Chinese A-share listed enterprises between 2009 and 2022, this study examines the impact of ESG performance on organizational resilience and explores the underlying mechanisms. The results show that ESG performance has a significant positive impact on organizational resilience, and ESG primarily transmits its impact by improving investment efficiency and analyst attention, and reducing the cost of debt financing. Further analysis indicates that enterprise digitization strengthens the connection between ESG and organizational resilience. The promoting effect of ESG is more pronounced in non-Western regions of China and in enterprises not audited by the Big Four. The existing literature exhibits certain research gaps in exploring the non-economic effects of ESG performance. This study fills these gaps by expanding the influence mechanisms based on perspectives such as “resource-relationship-governance”. Our conclusions provide empirical evidence for enhancing organizational resilience and promoting the sustainable development of enterprises and society. © 2025 ERP Environment and John Wiley & Sons Ltd.",analyst attention; cost of debt financing; digital transformation; ESG performance; investment efficiency; organizational resilience,,"M. Deng; School of Medical Humanity and Management, Hunan University of Medicine, Huaihua, China; email: 1150012@hnust.edu.cn",,John Wiley and Sons Ltd,15353958,,,,English,Corp. Soc. Responsib. Environ. Manage.,Article,Final,,Scopus,2-s2.0-105009986020,
Li Q.; Gu X.,"Li, Qinying (59700101200); Gu, Xuesong (55034213800)",59700101200; 55034213800,The impact of green credit on the financial performance of green transformation enterprises: Based on the chain mediation effect of ESG,2025,International Review of Economics and Finance,103,,104525,,,4,10.1016/j.iref.2025.104525,https://www.scopus.com/inward/record.uri?eid=2-s2.0-105013127864&doi=10.1016%2Fj.iref.2025.104525&partnerID=40&md5=41e84e7e141b44a4a85b46bb56f1da12,"School of Economics and Management, Beijing Forestry University, No.35, Qinghua East Road, Haidian District, Beijing, 100083, China","Li Q., School of Economics and Management, Beijing Forestry University, No.35, Qinghua East Road, Haidian District, Beijing, 100083, China; Gu X., School of Economics and Management, Beijing Forestry University, No.35, Qinghua East Road, Haidian District, Beijing, 100083, China","This paper constructs a difference-in-differences model using the “Green Credit Guidelines” as a policy shock to study the impact of green credit policies on the financial performance of green enterprises. Empirical analysis reveals that the green credit policy significantly improved the financial performance of green transformation enterprises directly and enhanced corporate financial performance indirectly through lowing the cost of debt capital. Although the policy did not have a direct impact on the cost of equity capital of green enterprises, it can play a role in reducing the cost of capital through the chain mediation mechanism of “Green Credit - ESG performance - cost of capital - financial performance”, thereby improving the performance of green enterprises. Green credit also promotes the performance of green enterprises through two channels: enhancing the growth potential of green enterprises and improving ESG performance. Heterogeneity analysis finds that the promotional effect of green credit policies on the performance of green enterprises is more significant in underdeveloped areas and among small and medium-sized enterprises. © 2025 The Authors",Chinese A-share green enterprises; Cost of capital; ESG performance; Green credit,,"X. Gu; School of Economics and Management, Beijing Forestry University, Beijing, No.35, Qinghua East Road, Haidian District, 100083, China; email: guxuesong@bjfu.edu.cn",,Elsevier Inc.,10590560,,,,English,Int. Rev. Econ. Financ.,Article,Final,All Open Access; Gold Open Access; Green Open Access,Scopus,2-s2.0-105013127864,
Nguyen H.C.; Duong H.K.,"Nguyen, Huu Cuong (55799942300); Duong, Hien Khanh (59515088000)",55799942300; 59515088000,The impact of sustainability reporting on the cost of capital: evidence from Vietnam’s listed companies,2025,Journal of Financial Reporting and Accounting,,,,,,9,10.1108/JFRA-09-2024-0642,https://www.scopus.com/inward/record.uri?eid=2-s2.0-85216311830&doi=10.1108%2FJFRA-09-2024-0642&partnerID=40&md5=1bf94b957082648c025bcfbe6cb67ecb,"Faculty of Accounting, University of Economics – The University of Da Nang, Da Nang, Viet Nam","Nguyen H.C., Faculty of Accounting, University of Economics – The University of Da Nang, Da Nang, Viet Nam; Duong H.K., Faculty of Accounting, University of Economics – The University of Da Nang, Da Nang, Viet Nam","Purpose: This study aims to investigate the relationship between sustainability reporting and the cost of capital among Vietnamese firms using the Global Reporting Initiative (GRI) standards. Design/methodology/approach: Using a sample of the 100 largest firms by market capitalisation listed on the Hanoi and Ho Chi Minh stock exchanges as of 31 December 2023, this study applies regression models to examine how sustainability disclosure influences the cost of debt (COD), cost of equity (COE) and the weighted average cost of capital (WACC) over the period from 2021 to 2023. Findings: The findings indicate a significant negative relationship between sustainability disclosure and the COD, COE and WACC, with environmental-related sustainability development goals (SDGs) disclosures having the most substantial impact. These results highlight the critical role of transparency in reducing information asymmetry and agency costs, ultimately lowering the cost of capital. Research limitations/implications: This study extends stakeholder and signalling theories by demonstrating how sustainability disclosure affects both shareholders and creditors in a developing economy. Practical implications: This study provides actionable insights for corporate managers and financial institutions on how sustainable development practices can enhance access to capital at more favourable rates. Policymakers and banks are encouraged to implement green finance initiatives to promote sustainability further. Social implications: As Vietnam strives to combat climate change, this research underscores the importance of sustainable practices in building trust with investors and lenders. Originality/value: To the best of the authors’ knowledge, this study offers one of the first comprehensive examinations of the link between sustainability reporting and capital costs in Vietnam, offering important empirical evidence for academics and practitioners. © 2025, Emerald Publishing Limited.",Cost of capital; Cost of debt; Cost of equity; Sustainability disclosure; WACC,,"H.C. Nguyen; Faculty of Accounting, University of Economics – The University of Da Nang, Da Nang, Viet Nam; email: cuonghien@due.edu.vn",,Emerald Publishing,19852517,,,,English,J. Financ.  Rep.  Account.,Article,Article in press,,Scopus,2-s2.0-85216311830,
Hazaea S.A.; Cai C.; Khatib S.F.A.; Hael M.,"Hazaea, Saddam A. (57223125703); Cai, Chun (57676492600); Khatib, Saleh F.A. (57217992648); Hael, Mohammed (58814799000)",57223125703; 57676492600; 57217992648; 58814799000,The moderating role of audit quality in the relationship between ESG practices and the cost of capital: Evidence from the United Kingdom,2025,Borsa Istanbul Review,25,5,,1085,1099,4,10.1016/j.bir.2025.06.007,https://www.scopus.com/inward/record.uri?eid=2-s2.0-105009087288&doi=10.1016%2Fj.bir.2025.06.007&partnerID=40&md5=c5e88e242e3ecbf2029e230070aa1cd4,"School of Accounting, Southwestern University of Finance and Economics, Sichuan, Chengdu, China; Faculty of Business, Sohar University, Sohar, Oman; School of Business, Yunnan University of Finance and Economics Kunming, Yunnan, China","Hazaea S.A., School of Accounting, Southwestern University of Finance and Economics, Sichuan, Chengdu, China; Cai C., School of Accounting, Southwestern University of Finance and Economics, Sichuan, Chengdu, China; Khatib S.F.A., Faculty of Business, Sohar University, Sohar, Oman; Hael M., School of Business, Yunnan University of Finance and Economics Kunming, Yunnan, China","This study investigates the impact of environmental, social, and governance (ESG) performance on the cost of capital, using a sample of 406 non-financial companies in the United Kingdom from 2014 to 2023. We examined how ESG performance and audit quality influence the cost of equity (CoE), cost of debt (CoD), and weighted average cost of capital (WACC). The findings reveal a significant negative relationship between ESG performance and all three measures, indicating that strong ESG practices can reduce financing costs. Additionally, higher audit fees are positively associated with WACC and CoE, with a particularly pronounced effect on CoD. Engagement with Big 4 auditors moderates these relationships. Overall, the results demonstrate that ESG performance not only enhances corporate reputation and sustainability but also delivers financial advantages by lowering the cost of capital. These insights have significant implications for corporate financing decisions and provide guidance for managers, investors, policymakers, regulators, and government entities. © 2025 Borsa İstanbul Anonim Şirketi",Audit fees; Big 4; Cost of capital; ESG performance; United Kingdom,,"S.F.A. Khatib; Faculty of Business, Sohar University, Sohar, Oman; email: sfkhatib@su.edu.om",,Borsa Istanbul Anonim Sirketi,22148450,,,,English,Borsa Istanb. Rev.,Article,Final,All Open Access; Gold Open Access; Green Open Access,Scopus,2-s2.0-105009087288,
Nazir M.; Akbar M.; Akbar A.; Poulovo P.; Hussain A.; Qureshi M.A.,"Nazir, Marina (57225922553); Akbar, Minhas (57205662507); Akbar, Ahsan (57205028894); Poulovo, Petra (57339908800); Hussain, Ammar (57220989133); Qureshi, Muhammad Azeem (23978636100)",57225922553; 57205662507; 57205028894; 57339908800; 57220989133; 23978636100,"The nexus between corporate environment, social, and governance performance and cost of capital: evidence from top global tech leaders",2022,Environmental Science and Pollution Research,29,15,,22623,22636,45,10.1007/s11356-021-17362-0,https://www.scopus.com/inward/record.uri?eid=2-s2.0-85119187425&doi=10.1007%2Fs11356-021-17362-0&partnerID=40&md5=7de3d0a55952f0aab05b21ce85fe4a1a,"Department of Management Sciences, COMSATS University Islamabad (Sahiwal Campus), Sahiwal, 5700, Pakistan; International Business School, Guangzhou City University of Technology, Guangzhou, 510080, China; Department of Informatics and Quantitative Methods, Faculty of Informatics and Management, University of Hradec Králové, Hradec Králové, 50003, Czech Republic; Oslo Business School, Oslo Metropolitan University, Oslo, 0130, Norway; Bjørknes University College Business School, Lovisenbergata 13, Oslo, 0456, Norway","Nazir M., Department of Management Sciences, COMSATS University Islamabad (Sahiwal Campus), Sahiwal, 5700, Pakistan; Akbar M., Department of Management Sciences, COMSATS University Islamabad (Sahiwal Campus), Sahiwal, 5700, Pakistan; Akbar A., International Business School, Guangzhou City University of Technology, Guangzhou, 510080, China; Poulovo P., Department of Informatics and Quantitative Methods, Faculty of Informatics and Management, University of Hradec Králové, Hradec Králové, 50003, Czech Republic; Hussain A., Department of Management Sciences, COMSATS University Islamabad (Sahiwal Campus), Sahiwal, 5700, Pakistan; Qureshi M.A., Oslo Business School, Oslo Metropolitan University, Oslo, 0130, Norway, Bjørknes University College Business School, Lovisenbergata 13, Oslo, 0456, Norway","The nexus between corporate environment, social, and governance (ESG) performance and the consequent financial performance have been extensively explored in the literature. However, little is known whether the investment in ESG endeavors has any implication for the cost of capital of an enterprise. The present study investigates the impact of ESG performance of top global technology leading firms on their cost of capital. Panel data fixed effects and random effects and generalized method of moment (GMM) regression estimation techniques have been applied to ascertain this relationship during a period of eight years (2010–2017). For a deeper insight, we segregate the cost of capital into the cost of equity and cost of debt. The empirical outcomes reveal that ESG performance is positively associated with both measures of the cost of capital i.e., cost of equity and cost of debt. It suggests that socially responsible top global technology leaders bear a higher cost of capital as investors perceive ESG as an additional financial burden and do not treat ESG costs as a value-added factor. Hence, corporate managers shall rationalize investment in ESG undertakings to curtail their cost of capital. Based on these findings, the policy prescriptions are discussed for the concerned stakeholders. © 2021, The Author(s), under exclusive licence to Springer-Verlag GmbH Germany, part of Springer Nature.",Cost of debt; Cost of equity; ESG performance; Global hi-tech companies; GMM estimation; Panel fixed-effects,Investments; Organizations; Regression Analysis; Social Environment; cost; governance approach; regression; technology; investment; organization; regression analysis; social environment,"M. Akbar; Department of Management Sciences, COMSATS University Islamabad (Sahiwal Campus), Sahiwal, 5700, Pakistan; email: minhasakbar@cuisahiwal.edu.pk",,Springer Science and Business Media Deutschland GmbH,9441344,,ESPLE,34791632,English,Environ. Sci. Pollut. Res.,Article,Final,,Scopus,2-s2.0-85119187425,
Vezeteu C.-D.; Stănciulescu R.-I.; Ungureanu C.,"Vezeteu, Cosmin-Dănuț (58062207800); Stănciulescu, Raluca-Ioana (59652666200); Ungureanu, Camelia (60117128600)",58062207800; 59652666200; 60117128600,The Relationship between ESG and Cost of Capital: A Structural Equation Modelling Approach,2025,Romanian Journal of Economic Forecasting,28,3,,44,67,0,,https://www.scopus.com/inward/record.uri?eid=2-s2.0-105023082025&partnerID=40&md5=1c6d26cb915d45859d64f475f4a51513,"Bucharest University of Economic Studies, Romania; Transilvania University of Brașov, Romania","Vezeteu C.-D., Bucharest University of Economic Studies, Romania; Stănciulescu R.-I., Bucharest University of Economic Studies, Romania; Ungureanu C., Transilvania University of Brașov, Romania","Sustainable finance has become an increasingly popular topic for both researchers and investment professionals. ESG ratings offer a reasonably equitable quantitative evaluationof a company’s sustainability, but empirical studies on the relationship between these scores and the cost of capital is rather scarce and show divergent results. This paper aims to address this research gap through a novel structural equation modelling approach, specifically the Random Intercept – Cross Lagged Panel Model (RI-CLPM). This econometric technique is applied on a global dataset, from 2016 to 2023, with the aim to determine the influence of ESG on cost of capital and its components, namely the cost of debt and the cost of equity, before and during the COVID-19 pandemic. The results reveal an inconsistent impact of ESG on capital components: while ESG does not significantly affect the cost of capital or the cost of equity, a significant negative relationship observed regarding the cost of debt when analyzed as the dependent variable during pre-pandemic years at the total sample level. However, a more in-depth analysis reveals that this outcome is regionally dependent. This article contributes to the growing literature on sustainable finance by providing a rigorous econometric framework that investigates the reciprocal effects between financial and ESG performance metrics. © 2025, Institute for Economic Forecasting. All rights reserved.",Cost of capital; ESG; RI-CLPM; Structural Equation Modelling; Sustainable finance,,"C.-D. Vezeteu; Bucharest University of Economic Studies, Romania; email: cosmin.vezeteu@csie.ase.ro",,Institute for Economic Forecasting,15826163,,,,English,Rom. J. Econ. Forecast.,Article,Final,,Scopus,2-s2.0-105023082025,
Darsono D.; Ratmono D.; Tujori A.; Clarisa T.Y.,"Darsono, Darsono (57193752781); Ratmono, Dwi (57194244448); Tujori, Abas (59475109900); Clarisa, Tiara Yuni (59474256500)",57193752781; 57194244448; 59475109900; 59474256500,"The relationship between ESG, financial performance, and cost of debt: the role of independent assurance",2025,Cogent Business and Management,12,1,2437137,,,17,10.1080/23311975.2024.2437137,https://www.scopus.com/inward/record.uri?eid=2-s2.0-85212222411&doi=10.1080%2F23311975.2024.2437137&partnerID=40&md5=4a226fabbf5362c6eb1f95a6d22f670b,"Department of Accounting, Faculty of Economics and Business, Universitas Diponegoro, Semarang, Indonesia; Accountant Professional Education Study Program, Department of Accounting, Faculty of Economics and Business, Universitas Diponegoro, Semarang, Indonesia","Darsono D., Department of Accounting, Faculty of Economics and Business, Universitas Diponegoro, Semarang, Indonesia; Ratmono D., Department of Accounting, Faculty of Economics and Business, Universitas Diponegoro, Semarang, Indonesia; Tujori A., Department of Accounting, Faculty of Economics and Business, Universitas Diponegoro, Semarang, Indonesia; Clarisa T.Y., Accountant Professional Education Study Program, Department of Accounting, Faculty of Economics and Business, Universitas Diponegoro, Semarang, Indonesia","This study aims to analyze the moderating model in the relationship between disclosure of environmental, social, and governance (ESG), financial performance, and cost of debt. This study contributes by adding independent assurance as a moderating variable in the research model to explain inconsistencies in previous research. Stakeholder trust in the quality of ESG information in sustainability accounting reports depends on whether there is independent assurance/audit regarding the report. This study also contributes to accounting research by testing the moderation model in the COVID-19 pandemic period where the empirical evidence from previous research has not been conclusive. The research sample consisted of 253 Indonesian firms-years listed in Indonesian Stock Exchange during the period 2020-2022. Hypothesis testing was carried out using partial least squares-structural equation modeling (PLS-SEM). The results show that the implementation of ESG, as disclosed in sustainability reporting, has a positive (negative) relationship with financial performance (cost of debt). The relationship between ESG and financial performance and cost of debt increases when there is an independent assurance/audit in sustainability reporting. © 2024 The Author(s). Published by Informa UK Limited, trading as Taylor & Francis Group.",Accounting; Auditing; Corporate Social Responsibility & Business Ethics; cost of debt; ESG; financial performance; independent assurance; sustainability accounting reporting,,"D. Darsono; Department of Accounting, Faculty of Economics and Business, Universitas Diponegoro, Tembalang, Jl. Prof. Soedharto SHSemarang, Jawa Tengah, 50275, Indonesia; email: darsono@lecturer.undip.ac.id",,Cogent OA,23311975,,,,English,Cogent Bus. Manag.,Article,Final,All Open Access; Gold Open Access; Green Open Access,Scopus,2-s2.0-85212222411,
Ariefianto M.D.; Rahmansyah F.; Wijaya V.; Audreane V.,"Ariefianto, Moch. Doddy (56595199400); Rahmansyah, Fitriani (59391650600); Wijaya, Valencia (60328259600); Audreane, Viary (59391995800)",56595199400; 59391650600; 60328259600; 59391995800,The Role of Environment Social and Governance (ESG) Score To Cost of Debt: Evidence From ASEAN Countries*,2025,International Journal of Finance and Economics,30,3,,3031,3043,2,10.1002/ijfe.3056,https://www.scopus.com/inward/record.uri?eid=2-s2.0-85207893929&doi=10.1002%2Fijfe.3056&partnerID=40&md5=ffa39d5d97293cb10976e75852547c79,"Finance Program Accounting Department, School of Accounting, Bina Nusantara University, Jakarta, Indonesia","Ariefianto M.D., Finance Program Accounting Department, School of Accounting, Bina Nusantara University, Jakarta, Indonesia; Rahmansyah F., Finance Program Accounting Department, School of Accounting, Bina Nusantara University, Jakarta, Indonesia; Wijaya V., Finance Program Accounting Department, School of Accounting, Bina Nusantara University, Jakarta, Indonesia; Audreane V., Finance Program Accounting Department, School of Accounting, Bina Nusantara University, Jakarta, Indonesia","Environmental social governance (ESG) disclosure has become an increasingly important component in determining a company's financing cost (cost of debt-CoD). This phenomenon could be attributed to company reputation development and the rise of socially responsible investing. We contribute to the existing literature by investigating further the causality process of ESG scores to the reduction of CoD particularly in nonfinancial companies in one of the most dynamic world regions: Association of Southeast Asian Nations (ASEAN). To meet our research objective; we applied difference-in-difference analysis to a dataset of 135 nonfinancial companies (that published ESG score in Bloomberg) from 6 ASEAN countries, using annual frequency data from 2012 to 2021 (1350 observations). We found that ESG does reduce CoD in the range of 21.3% (measured by interest expense) to 27.7% (measured by credit spread). Our finding is quite solid under an array of robustness checks. © 2024 John Wiley & Sons Ltd.",ASEAN; cost of debt; difference-in-difference; ESG score; nonfinancial companies,Southeast Asia; ASEAN; cost; debt; environmental economics,"F. Rahmansyah; Finance Program Accounting Department, School of Accounting, Bina Nusantara University, Jakarta, Indonesia; email: fitriani.rahmansyah@binus.ac.id",,John Wiley and Sons Ltd,10769307,,,,English,Int. J. Financ. Econ.,Article,Final,,Scopus,2-s2.0-85207893929,
Aprullah M.P.; Diantimala Y.; Arfan M.; Irsyadillah I.,"Aprullah, Muhammad Putra (60240494600); Diantimala, Yossi (57221722696); Arfan, Muhammad (57192691701); Irsyadillah, Irsyadillah (57210202790)",60240494600; 57221722696; 57192691701; 57210202790,The Role of ESG Committee on Indonesian Companies in Promoting Sustainable Practice to Creditors: Symbolic or Substantive?,2025,International Journal of Financial Studies,13,4,180,,,0,10.3390/ijfs13040180,https://www.scopus.com/inward/record.uri?eid=2-s2.0-105024924633&doi=10.3390%2Fijfs13040180&partnerID=40&md5=8defd493a71e0b609a02ad4684f883c9,"Doctoral Program of Management Science, Faculty of Economics and Business, Universitas Syiah Kuala, Aceh, Banda Aceh, 23111, Indonesia; Accounting Department, Faculty of Economics and Business, Universitas Syiah Kuala, Aceh, Banda Aceh, 23111, Indonesia; Department of Economics Education, Universitas Syiah Kuala, Aceh, Banda Aceh, 23111, Indonesia","Aprullah M.P., Doctoral Program of Management Science, Faculty of Economics and Business, Universitas Syiah Kuala, Aceh, Banda Aceh, 23111, Indonesia; Diantimala Y., Accounting Department, Faculty of Economics and Business, Universitas Syiah Kuala, Aceh, Banda Aceh, 23111, Indonesia; Arfan M., Accounting Department, Faculty of Economics and Business, Universitas Syiah Kuala, Aceh, Banda Aceh, 23111, Indonesia; Irsyadillah I., Department of Economics Education, Universitas Syiah Kuala, Aceh, Banda Aceh, 23111, Indonesia","This study investigates whether the presence of an ESG committee in promoting sustainable practices is symbolic or substantive to creditors when setting costs. With unbalanced panel data, the study used 1518 company-year observations from non-financial firms listed on the IDX period 2018 to 2023. The hypothesis testing of this study was conducted by using moderated regression analysis (MRA). Hypothesis testing using a fixed effects model indicates that ESG disclosure can significantly lower the cost of debt. The role of the ESG committee is to act as a quasi-moderator for the relationship between ESG disclosure and the cost of debt. While the presence of an ESG committee can significantly reduce the cost of debt, the committee itself weakens the relationship between ESG disclosure and the cost of debt. Therefore, these findings suggest that the role of the ESG committee in promoting ESG disclosure to creditors in determining the cost of debt is becoming more substantive, moving away from a merely symbolic role that focuses on maintaining the company’s reputation and strengthening substantive management to control governance risk. The results of this study are expected to contribute to formulating policies that strengthen the role of ESG committees in improving corporate governance and sustainability practices by providing stakeholders with important and relevant ESG disclosure information for investment and funding decisions. © 2025 by the authors. Licensee MDPI, Basel, Switzerland.",cost of debt; ESG committee; ESG disclosure; MRA; sustainable practice,,"Y. Diantimala; Accounting Department, Faculty of Economics and Business, Universitas Syiah Kuala, Banda Aceh, Aceh, 23111, Indonesia; email: ydiantimala@usk.ac.id",,Multidisciplinary Digital Publishing Institute (MDPI),22277072,,,,English,Intern. J. Financial Stud.,Article,Final,All Open Access; Gold Open Access; Green Open Access,Scopus,2-s2.0-105024924633,
Wang Y.; Zhang Z.; Du Z.,"Wang, Yao (57208804214); Zhang, Ziyao (60378727400); Du, Zhili (56841067600)",57208804214; 60378727400; 56841067600,The spillovers of ESG performance on peers' debt financing costs: evidence from China,2026,Environmental Impact Assessment Review,119,,108390,,,0,10.1016/j.eiar.2026.108390,https://www.scopus.com/inward/record.uri?eid=2-s2.0-105029768696&doi=10.1016%2Fj.eiar.2026.108390&partnerID=40&md5=13bd38cbe80d039612687cd7cf7dfe76,"School of Finance, Yunnan University of Finance and Economics, China; School of Management, China Institute for Studies in Energy Policy, Xiamen University, Fujian, Xiamen, 361005, China","Wang Y., School of Finance, Yunnan University of Finance and Economics, China; Zhang Z., School of Finance, Yunnan University of Finance and Economics, China; Du Z., School of Management, China Institute for Studies in Energy Policy, Xiamen University, Fujian, Xiamen, 361005, China","Amidst the uncertainties of global economy and relentless march of climate change, companies with strong ESG profiles are increasingly drawing the eye of investors. This shift has elevated ESG to a crucial factor in how capital is distributed. Simultaneously, the impact of ESG is no longer confined to individual firms; it is likely to extend to other enterprises within the same industry, giving rise to the spillover effect discussed in this paper. Employing China's A-share listed companies from 2010 to 2023, this paper explores the spillover effect that high ESG performance exerts on the debt financing costs of peer firms in the same industry. The study obtains interesting findings with practical significance. Firstly, the debt financing costs of peer firms have decreased by 10.58%, which is impacted by the high ratings of the first batch of enterprises to receive ESG ratings from institutions. This spillover effect mainly works through the credit attractiveness of the industry and learning mechanism in peer firms. Secondly, some spillover effects are limited by the constrained impact of a firm's ESG performance on its financing, while others face obstacles in the transmission pathways to peer firms. This paper identifies these differentiated constrains. Finally, the diversity of ESG ratings by third-party agencies can enhance the peer spillovers by enhancing information and inhibiting rent seeking. This study expands the research perspectives incorporating ESG and offers empirical evidence to improve enterprises financing efficiency and industry synergy. © 2026",Cost of debt financing; ESG; Rating diversity; Spillover effects,China; Investments; Cost of debt financing; Debt financing; ESG; Global economies; Learning mechanism; Performance; Rating diversity; Spillover effects; Third parties; Uncertainty; capital market; debt crisis; industrial policy; spillover effect; study perspective; Costs,"Z. Du; School of Management, China Institute for Studies in Energy Policy, Xiamen University, Xiamen, Fujian, 361005, China; email: duzhili620@xmu.edu.cn",,Elsevier Inc.,1959255,,EIARD,,English,Environ. Impact Assess. Rev.,Article,Final,,Scopus,2-s2.0-105029768696,
Nicolò G.; Raimo N.; Rella A.; Vitolla F.,"Nicolò, Giuseppe (57195628696); Raimo, Nicola (57206728937); Rella, Angela (57224821475); Vitolla, Filippo (56422376800)",57195628696; 57206728937; 57224821475; 56422376800,"Visualizing environmental, social, and governance disclosure in non-financial reports: does it matter for lenders? A machine-supported approach",2025,VINE Journal of Information and Knowledge Management Systems,,,,,,4,10.1108/VJIKMS-03-2025-0124,https://www.scopus.com/inward/record.uri?eid=2-s2.0-105011954830&doi=10.1108%2FVJIKMS-03-2025-0124&partnerID=40&md5=cf0082c3d99a8292fe37c0a1f1c92ecb,"Faculty of Commerce, University of Salerno, Salerno, Italy; Faculty of Commerce, LUM Giuseppe Degennaro University, Casamassima, Italy","Nicolò G., Faculty of Commerce, University of Salerno, Salerno, Italy; Raimo N., Faculty of Commerce, LUM Giuseppe Degennaro University, Casamassima, Italy; Rella A., Faculty of Commerce, LUM Giuseppe Degennaro University, Casamassima, Italy; Vitolla F., Faculty of Commerce, LUM Giuseppe Degennaro University, Casamassima, Italy","Purpose – In recent years, companies have increasingly adopted visual tools to communicate their sustainability practices, responding to growing stakeholder demand for more transparent and accessible non-financial information. Within this context, the use of visual content in environmental, social, and governance (ESG) disclosure has also gained prominence in academic literature. Under the lens of signaling theory, the purpose of this study is to investigate the relationship between visual ESG disclosure and the cost of debt. Design/methodology/approach – This study adopts a machine-supported approach, relying on Google’s Vision API to assess the extent to which a sample of 279 listed firms included in the MSCI Europe Index incorporate photographs and images related to ESG issues in their non-financial reports for the 2023 financial year. A regression model was used to assess the relationship between the level of visual ESG disclosure, proxied by the natural logarithm of the number of ESG photographs and images retrieved from sampled non-financial reports, and the cost of debt. Findings – The results of this study reveal that the majority of ESG photographs and images in corporate non-financial reports are linked to environmental themes, followed by social topics and, to a much lesser extent, governance content. In addition, the findings of this study indicate that a greater use of visual ESG disclosure is associated with a reduction in the cost of debt. Originality/value – This study enriches the ESG disclosure literature by shifting attention from the content to the form of disclosure, emphasizing the strategic role of visual elements in non-financial reporting and their influence on the cost of debt. To the best of the authors’ knowledge, this is the first study to offer empirical insight into the impact of using photographs and images for ESG disclosure on borrowing costs. This study also advances the application of signaling theory by demonstrating how visual communication can serve as a credible signal of corporate transparency in capital markets. © 2025 Emerald Publishing Limited",Cost of debt; ESG disclosure; Machine-supported approach; Non-financial reports; Signaling theory; Visual disclosure,"Costs; Regression analysis; Signaling; Sustainable development; Corporates; Cost of debt; Environmental, social, and governance disclosure; Financial reports; Machine-supported approach; Non-financial report; Signaling theory; Sustainability practices; Visual disclosure; Visual tools; Signal theory",,,Emerald Publishing,20595891,,,,English,VINE J. Inform. Knowl. Manag.,Article,Article in press,,Scopus,2-s2.0-105011954830,
He Y.; Qi R.; So K.K.F.; Li Y.,"He, Yueying (57777877300); Qi, Rui (57202998950); So, Kevin Kam Fung (55613689100); Li, Yangen (59238742200)",57777877300; 57202998950; 55613689100; 59238742200,Which ESG dimensions matter in the hotel industry? Evidence from the cost of debt,2024,International Journal of Hospitality Management,122,,103866,,,12,10.1016/j.ijhm.2024.103866,https://www.scopus.com/inward/record.uri?eid=2-s2.0-85199867306&doi=10.1016%2Fj.ijhm.2024.103866&partnerID=40&md5=8a624ebae94393823b55269ae80ab68a,"School of Marketing and International Business, Spears School of Business, Oklahoma State University, Stillwater, United States; Kemmons Wilson School of Hospitality and Resort Management, The University of Memphis, Memphis, United States; White Lodging-J.W. Marriott School of Hospitality and Tourism Management, Purdue University, West Lafayette, United States; Tippie College of Business, The University of Iowa, Iowa City, United States; College of Hotel and Tourism Management, Kyung Hee University, Seoul, South Korea","He Y., School of Marketing and International Business, Spears School of Business, Oklahoma State University, Stillwater, United States; Qi R., Kemmons Wilson School of Hospitality and Resort Management, The University of Memphis, Memphis, United States; So K.K.F., White Lodging-J.W. Marriott School of Hospitality and Tourism Management, Purdue University, West Lafayette, United States, College of Hotel and Tourism Management, Kyung Hee University, Seoul, South Korea; Li Y., Tippie College of Business, The University of Iowa, Iowa City, United States","ESG has become a critical focus in the global hospitality industry. This study addresses a research gap by examining ESG dimensions' financial effects. Employing a two-way fixed effect model with firm-level fundamental data and ESG data, we identify the effect of the ESG performance of hotel firms in the United States on their cost of debt. Our novel results show that in general the hotel firms with higher ESG scores are significantly associated with lower debt cost. Furthermore, the study has observed that the relationship between hotels’ ESG scores and their debt costs has become statistically significant since 2014, implying that ESG has been more valued by lenders in recent years. This study presents the first evidence of the cost advantage linked to the ESG performance of U.S. hotel firms in debt markets, providing further incentives beyond stock markets to adopt environmentally friendly and socially responsible practices. © 2024 Elsevier Ltd",Corporate social responsibility; Cost of debt; ESG; Hospitality,,"Y. He; School of Marketing and International Business, Spears School of Business, Oklahoma State University, Stillwater, 428 Business Building, 74078, United States; email: yuehe@okstate.edu",,Elsevier Ltd,2784319,,IJHMD,,English,Int. J. Hosp. Manage.,Article,Final,,Scopus,2-s2.0-85199867306,
